Compound ID,ESOL predicted log solubility in mols per litre,Minimum Degree,Molecular Weight,Number of H-Bond Donors,Number of Rings,Number of Rotatable Bonds,Polar Surface Area,measured log solubility in mols per litre,smiles,transformed_solubility,transformed_smiles
Amigdalin,-0.974,1,457.4320000000001,7,3,7,202.32,-0.77,OCC3OC(OCC2OC(OC(C#N)c1ccccc1)C(O)C(O)C2O)C(O)C(O)C3O ,63.450704225352105,BAAtBA{BAAsBA{BA{A^D}araaaaar}A{B}A{B}AsB}A{B}A{B}AtB 
Fenfuram,-2.885,1,201.225,1,2,2,42.24,-3.3,Cc1occc1C(=O)Nc2ccccc2,21.74757281553398,AarbaaarA{~B}Dasaaaaas
citral,-2.579,1,152.237,0,0,4,17.07,-2.06,CC(C)=CCCC(C)=CC(=O),5.501858736059477,AA{A}~AAAA{A}~AA{~B}
Picene,-6.617999999999999,2,278.354,0,5,0,0.0,-7.87,c1ccc2c(c1)ccc3c2ccc4c5ccccc5ccc43,50.73381294964029,araaasa{ar}aaatasaaauavaaaaavaaaut
Thiophene,-2.232,2,84.14299999999999,0,1,0,0.0,-1.33,c1ccsc1,19.070631970260223,araasar
benzothiazole,-2.733,2,135.191,0,2,0,12.89,-1.5,c2ccc1scnc1c2 ,15.91078066914498,asaaarsadaras 
"2,2,4,6,6'-PCB",-6.545,1,326.437,0,2,1,0.0,-7.32,Clc1cc(Cl)c(c(Cl)c1)c2c(Cl)cccc2Cl,52.31654676258992,Zaraa{Z}a{a{Z}ar}asa{Z}aaaasZ
Estradiol,-4.138,1,272.388,2,4,0,40.46,-5.03,CC12CCC3C(CCc4cc(O)ccc34)C2CCC1O,58.906474820143885,AArsAAAtA{AAauaa{B}aaatu}AsAAArB
Dieldrin,-4.533,1,380.913,0,5,0,12.53,-6.29,ClC4=C(Cl)C5(Cl)C3C1CC(C2OC12)C3C4(Cl)C5(Cl)Cl,55.280575539568346,ZAu~A{Z}Av{Z}AtArAA{AsBArs}AtAu{Z}Av{Z}Z
Rotenone,-5.246,1,394.4230000000002,0,5,3,63.22,-4.42,COc5cc4OCC3Oc2c1CC(Oc1ccc2C(=O)C3c4cc5OC)C(C)=C ,83.5483870967742,ABavaauBAAtBasarAA{BaraaasA{~B}AtauaavBA}A{A}~A 
2-pyrrolidone,0.243,1,85.10600000000001,1,1,0,29.1,1.07,O=C1CCCN1,76.40845070422534,B~ArAAADr
2-Chloronapthalene,-4.063,1,162.61899999999997,0,2,0,0.0,-4.14,Clc1ccc2ccccc2c1,88.06451612903226,Zaraaasaaaaasar
1-Pentene ,-2.01,1,70.135,0,0,2,0.0,-2.68,CCCC=C,33.78640776699029,AAAA~A
Primidone,-1.897,1,218.256,2,2,2,58.2,-2.64,CCC1(C(=O)NCNC1=O)c2ccccc2,34.5631067961165,AAAr{A{~B}DADAr~B}asaaaaas
Tetradecane,-5.45,1,198.39399999999995,0,0,11,0.0,-7.96,CCCCCCCCCCCCCC,50.47482014388489,AAAAAAAAAAAAAA
2-Chloropropane,-1.585,1,78.542,0,0,0,0.0,-1.41,CC(C)Cl,17.58364312267658,AA{A}Z
2-Methylbutanol,-1.027,1,88.14999999999999,1,0,2,20.23,-0.47,CCC(C)CO,65.56338028169014,AAA{A}AB
Benzonitrile,-2.03,1,103.12399999999997,0,1,0,23.79,-1.0,N#Cc1ccccc1,61.83098591549297,D^Aaraaaaar
Diazinon,-3.989,1,304.35200000000003,0,1,7,53.47,-3.64,CCOP(=S)(OCC)Oc1cc(C)nc(n1)C(C)C,96.12903225806451,AABK{~E}{BAA}Baraa{A}da{dr}A{A}A
2-Undecanol,-3.096,1,172.312,1,0,8,20.23,-2.94,CCCCCCCCCC(C)O,28.737864077669904,AAAAAAAAAA{A}B
"2,2',3,4,6-PCB",-6.627000000000001,1,326.437,0,2,1,0.0,-7.43,Clc1ccc(c(Cl)c1)c2c(Cl)ccc(Cl)c2Cl ,52.0,Zaraaa{a{Z}ar}asa{Z}aaa{Z}asZ 
Lenacil,-3.355,1,234.29899999999995,1,3,1,54.86,-4.593999999999999,O=c2[nH]c1CCCc1c(=O)n2C3CCCCC3,80.74193548387096,B~as{dH}arAAAara{~B}dsAtAAAAAt
Phorate,-3.747,1,260.386,0,0,8,18.46,-4.11,CCOP(=S)(OCC)SCSCC,88.54838709677418,AABK{~E}{BAA}EAEAA
Phenacetin,-2.342,1,179.219,1,1,3,38.33,-2.35,CCOc1ccc(NC(=O)C)cc1,0.11152416356876922,AABaraaa{DA{~B}A}aar
Dinitramine,-4.479,1,322.243,1,1,5,115.54000000000002,-5.47,CCN(CC)c1c(cc(c(N)c1N(=O)=O)C(F)(F)F)N(=O)=O,57.64028776978417,AAD{AA}ara{aa{a{D}arD{~B}~B}A{G}{G}G}D{~B}~B
1-Heptanol,-1.751,1,116.204,1,0,5,20.23,-1.81,CCCCCCCO,10.148698884758362,AAAAAAAB
Theophylline,-1.452,1,180.167,1,2,0,72.68,-1.39,Cn1c(=O)n(C)c2nc[nH]c2c1=O,17.955390334572492,Adra{~B}d{A}asda{dH}asar~B
Butethal,-1.974,1,212.249,2,1,4,75.27000000000001,-1.661,CCCCC1(CC)C(=O)NC(=O)NC1=O,12.9182156133829,AAAAAr{AA}A{~B}DA{~B}DAr~B
"P,P'-DDE",-6.553,1,318.0300000000001,0,2,2,0.0,-6.9,ClC(Cl)=C(c1ccc(Cl)cc1)c2ccc(Cl)cc2,53.525179856115116,ZA{Z}~A{araaa{Z}aar}asaaa{Z}aas
Methyl octanoate,-2.608,1,158.241,0,0,6,26.3,-3.17,CCCCCCCC(=O)OC,24.271844660194176,AAAAAAAA{~B}BA
"1,4-Diethylbenzene ",-3.633,1,134.22199999999998,0,1,2,0.0,-3.75,CCc1ccc(CC)cc1,94.35483870967742,AAaraaa{AA}aar
Terbufos,-4.367,1,288.44,0,0,7,18.46,-4.755,CCOP(=S)(OCC)SCSC(C)(C)C,59.697841726618705,AABK{~E}{BAA}EAEA{A}{A}A
Phenmedipham,-4.229,1,300.314,2,2,3,76.66,-4.805,COC(=O)Nc1cccc(OC(=O)Nc2cccc(C)c2)c1,59.55395683453237,ABA{~B}Daraaaa{BA{~B}Dasaaaa{A}as}ar
"1,1-Dichloroethylene",-1.939,1,96.944,0,0,0,0.0,-1.64,ClC(=C)Cl,13.308550185873608,ZA{~A}Z
1-Methylfluorene,-4.478,1,180.25000000000003,0,3,0,0.0,-5.22,Cc1cccc2c1Cc3ccccc32,58.359712230215834,AaraaaasarAataaaaats
Valeraldehyde,-1.103,1,86.13399999999999,0,0,3,17.07,-0.85,CCCCC=O,62.88732394366197,AAAAA~B
Diphenylamine,-3.857,2,169.227,1,2,2,12.03,-3.504,N(c1ccccc1)c2ccccc2,98.32258064516128,D{araaaaar}asaaaaas
Fenothiocarb,-3.297,1,253.367,0,1,6,29.540000000000003,-3.927,CN(C)C(=O)SCCCCOc1ccccc1,91.5,AD{A}A{~B}EAAAABaraaaaar
Piperophos,-4.637,1,353.4900000000001,0,1,9,38.77,-4.15,CCCOP(=S)(OCCC)SCC(=O)N1CCCCC1C,87.9032258064516,AAABK{~E}{BAAA}EAA{~B}DrAAAAArA
1-Iodoheptane,-3.904,1,226.101,0,0,5,0.0,-4.81,CCCCCCCI,59.539568345323744,AAAAAAAH
3-Chlorobiphenyl,-4.685,1,188.657,0,2,1,0.0,-4.88,c1c(Cl)cccc1c2ccccc2,59.33812949640288,ara{Z}aaaarasaaaaas
4-Pentene-1-ol,-0.7909999999999999,1,86.134,1,0,3,20.23,-0.15,OCCCC=C,67.8169014084507,BAAAA~A
Cyclobutyl-5-spirobarbituric acid,-0.527,1,168.15200000000002,2,2,0,75.27,-1.655,O=C2NC(=O)C1(CCC1)C(=O)N2,13.02973977695167,B~AsDA{~B}Ar{AAAr}A{~B}Ds
menthol,-2.782,1,156.269,1,1,1,20.23,-2.53,CC(C)C1CCC(C)CC1O ,36.699029126213595,AA{A}ArAAA{A}AArB 
Isopropyl formate,-0.684,1,88.106,0,0,2,26.3,-0.63,CC(C)OC=O,64.43661971830986,AA{A}BA~B
2-Heptanol ,-1.6780000000000002,1,116.20399999999998,1,0,4,20.23,-1.55,CCCCCC(C)O,14.981412639405203,AAAAAA{A}B
p-Bromoacetanilide,-3.012,1,214.062,1,1,1,29.1,-3.083,CC(=O)Nc1ccc(Br)cc1,25.961165048543684,AA{~B}Daraaa{X}aar
brompyrazone,-3.005,1,266.098,1,2,1,60.91,-3.127,c1ccccc1n2ncc(N)c(Br)c2(=O),25.10679611650486,araaaaardsdaa{D}a{X}as{~B}
nifedipine,-4.248,1,346.33900000000017,1,2,4,107.77,-4.76,COC(=O)C1=C(C)NC(=C(C1c2ccccc2N(=O)=O)C(=O)OC)C ,59.68345323741008,ABA{~B}Ar~A{A}DA{~A{ArasaaaaasD{~B}~B}A{~B}BA}A 
"2,7-dimethylquinoline",-3.342,1,157.216,0,2,0,12.89,-1.94,c2c(C)cc1nc(C)ccc1c2 ,7.732342007434943,asa{A}aarda{A}aaaras 
1-Octyne ,-2.509,1,110.2,0,0,4,0.0,-3.66,CCCCCCC#C,95.80645161290322,AAAAAAA^A
cyclobarbital,-2.421,1,236.27099999999996,2,2,2,75.27000000000001,-2.17,CCC1(C(=O)NC(=O)NC1=O)C2=CCCCC2 ,3.4572490706319696,AAAr{A{~B}DA{~B}DAr~B}As~AAAAAs 
Chrysene,-5.568,2,228.294,0,4,0,0.0,-8.057,c1ccc2c(c1)ccc3c4ccccc4ccc23,50.19568345323741,araaasa{ar}aaatauaaaaauaaast
Bromacil,-3.419,1,261.119,1,1,2,54.86,-2.523,CCC(C)n1c(=O)[nH]c(C)c(Br)c1=O ,36.83495145631068,AAA{A}dra{~B}{dH}a{A}a{X}ar~B 
"2,2',3,3',5,6-PCB",-7.185,1,360.88200000000006,0,2,1,0.0,-8.6,Clc1cccc(c1Cl)c2c(Cl)c(Cl)cc(Cl)c2Cl ,48.63309352517985,Zaraaaa{arZ}asa{Z}a{Z}aa{Z}asZ 
2-Methylphenol,-2.281,1,108.14,1,1,0,20.23,-0.62,Cc1ccccc1O,64.50704225352113,AaraaaaarB
"2,2,5-Trimethylhexane",-3.631,1,128.259,0,0,2,0.0,-5.05,CC(C)CCC(C)(C)C,58.84892086330935,AA{A}AAA{A}{A}A
"1,4-Dimethylnaphthalene ",-4.147,1,156.228,0,2,0,0.0,-4.14,Cc1ccc(C)c2ccccc12,88.06451612903226,Aaraaa{A}asaaaaars
6-Methylchrysene,-5.931,1,242.321,0,4,0,0.0,-6.57,Cc1cc2c3ccccc3ccc2c4ccccc14,54.4748201438849,Aaraasataaaaataaasauaaaaaru
2-Pentanone,-0.846,1,86.13399999999999,0,0,2,17.07,-0.19,CCCC(=O)C,67.53521126760565,AAAA{~B}A
"2,2',3,3',5,5',6,6'-PCB",-8.304,1,429.77200000000016,0,2,1,0.0,-9.15,Clc1cc(Cl)c(Cl)c(c1Cl)c2c(Cl)c(Cl)cc(Cl)c2Cl ,47.05035971223022,Zaraa{Z}a{Z}a{arZ}asa{Z}a{Z}aa{Z}asZ 
Methyl butyrate,-1.545,1,116.15999999999998,0,0,3,26.3,-0.82,CCCOC(=O)CC,63.098591549295776,AAABA{~B}AA
Triamcinolone,-2.734,1,394.43900000000014,4,4,2,115.06000000000002,-3.68,CC34CC(O)C1(F)C(CCC2=CC(=O)C=CC12C)C3CC(O)C4(O)C(=O)CO,95.48387096774192,AAtuAA{B}Ar{G}A{AAAs~AA{~B}A~AArsA}AtAA{B}Au{B}A{~B}AB
p-Aminophenol,-1.231,1,109.128,2,1,0,46.25,-0.8,Nc1ccc(O)cc1,63.23943661971831,Daraaa{B}aar
Benznidazole,-2.321,1,260.253,1,2,5,90.06,-2.81,O=C(Cn1ccnc1N(=O)=O)NCc2ccccc2,31.2621359223301,B~A{AdraadarD{~B}~B}DAasaaaaas
"Atovaquone(0,430mg/ml) - neutral",-6.269,1,366.84400000000016,1,4,2,54.37,-5.931,OC4=C(C1CCC(CC1)c2ccc(Cl)cc2)C(=O)c3ccccc3C4=O,56.313669064748204,BAu~A{ArAAA{AAr}asaaa{Z}aas}A{~B}ataaaaatAu~B
Trietazine,-3.233,1,229.715,1,1,5,53.940000000000005,-4.06,CCNc1nc(Cl)nc(n1)N(CC)CC,89.35483870967742,AADarda{Z}da{dr}D{AA}AA
Pyrazinamide,-0.674,1,123.11499999999998,1,1,1,68.87,-0.667,NC(=O)c1cnccn1,64.17605633802816,DA{~B}aradaadr
Carbromal,-2.198,1,237.097,2,0,3,72.19,-2.68,CCC(Br)(CC)C(=O)NC(N)=O,33.78640776699029,AAA{X}{AA}A{~B}DA{D}~B
"2,2'-PCB",-4.984,1,223.102,0,2,1,0.0,-5.27,Clc1ccccc1c2ccccc2Cl ,58.215827338129486,ZaraaaaarasaaaaasZ 
nitrofurantoin,-1.243,1,238.159,1,2,3,118.04999999999998,-3.38,O=C2CN(N=Cc1ccc(o1)N(=O)=O)C(=O)N2 ,20.19417475728156,B~AsAD{D~Aaraaa{br}D{~B}~B}A{~B}Ds 
Nitrofen,-5.361000000000001,1,284.098,0,2,3,52.37,-5.46,Clc2ccc(Oc1ccc(cc1)N(=O)=O)c(Cl)c2,57.669064748201436,Zasaaa{Baraaa{aar}D{~B}~B}a{Z}as
Camphor,-2.158,1,152.237,0,2,0,17.07,-1.96,CC1(C)C2CCC1(C)C(=O)C2,7.360594795539033,AAr{A}AsAAAr{A}A{~B}As
5-Allyl-5-phenylbarbital,-2.36,1,244.25,2,2,3,75.27000000000001,-2.369,O=C1NC(=O)NC(=O)C1(CC=C)c1ccccc1,39.825242718446596,B~ArDA{~B}DA{~B}Ar{AA~A}araaaaar
Pentyl propanoate,-1.899,1,130.18699999999998,0,0,4,26.3,-2.25,CCCCC(=O)OCC,1.970260223048325,AAAAA{~B}BAA
Isopentyl acetate,-1.817,1,130.18699999999998,0,0,3,26.3,-1.92,CC(C)CCOC(=O)C,8.104089219330856,AA{A}AABA{~B}A
3-Hexanoyloxymethylphenyltoin,-4.1530000000000005,1,380.444,1,3,8,75.71,-5.886,O=C1N(COC(=O)CCCCC)C(=O)C(N1)(c2ccccc2)c3ccccc3,56.4431654676259,B~ArD{ABA{~B}AAAAA}A{~B}A{Dr}{asaaaaas}ataaaaat
"2,3',5-PCB",-5.7620000000000005,1,257.547,0,2,1,0.0,-6.01,Clc1cccc(c1)c2cc(Cl)ccc2Cl ,56.086330935251794,Zaraaaa{ar}asaa{Z}aaasZ 
1-Bromopropane,-1.949,1,122.993,0,0,1,0.0,-1.73,CCCBr,11.635687732342006,AAAX
Propiconazole,-4.603,1,342.2260000000001,0,3,5,49.17,-3.4930000000000003,CCCC1COC(Cn2cncn2)(O1)c3ccc(Cl)cc3Cl,98.5,AAAArABA{Adsadads}{Br}ataaa{Z}aatZ
Formothion,-2.087,1,257.273,0,0,6,55.84,-1.995,COP(=S)(OC)SCC(=O)N(C)C=O,6.710037174721187,ABK{~E}{BA}EAA{~B}D{A}A~B
4-methylpteridine,-1.24,1,146.15299999999996,0,2,0,51.56,-0.466,Cc1ncnc2nccnc12,65.59154929577466,Aardadasdaadars
Thiourea,0.3289999999999999,1,76.12400000000001,2,0,0,52.04,0.32,NC(=S)N,71.12676056338027,DA{~E}D
p-Xylene ,-3.035,1,106.168,0,1,0,0.0,-2.77,Cc1ccc(C)cc1,32.03883495145631,Aaraaa{A}aar
"1,2-Diethylbenzene",-3.6010000000000004,1,134.22199999999998,0,1,2,0.0,-3.28,CCc1ccccc1CC,22.135922330097095,AAaraaaaarAA
Hexachloroethane,-4.215,1,236.74,0,0,0,0.0,-3.67,ClC(Cl)(Cl)C(Cl)(Cl)Cl,95.64516129032258,ZA{Z}{Z}A{Z}{Z}Z
Flucythrinate,-6.877999999999999,1,451.4690000000001,0,3,9,68.55000000000001,-6.876,CC(C)C(C(=O)OC(C#N)c1cccc(Oc2ccccc2)c1)c3ccc(OC(F)F)cc3,53.59424460431654,AA{A}A{A{~B}BA{A^D}araaaa{Basaaaaas}ar}ataaa{BA{G}G}aat
1-Nitropropane,-0.816,1,89.09399999999998,0,0,2,43.14,-0.8,CCCN(=O)=O,63.23943661971831,AAAD{~B}~B
Menthone,-2.516,1,154.253,0,1,1,17.07,-2.35,CC(C)C1CCC(C)CC1=O,0.11152416356876922,AA{A}ArAAA{A}AAr~B
RTI 24,-4.423,1,273.723,1,3,1,45.23,-5.36,CCN2c1cc(Cl)ccc1NC(=O)c3cccnc23 ,57.9568345323741,AADsaraa{Z}aaarDA{~B}ataaadast 
"2,3-Dichloronitrobenzene",-3.322,1,192.00100000000003,0,1,1,43.14,-3.48,O=N(=O)c1c(Cl)c(Cl)ccc1,98.70967741935483,B~D{~B}ara{Z}a{Z}aaar
thiamylal,-3.063,1,254.355,2,1,5,58.2,-3.46,CCCC(C)C1(CC=C)C(=O)NC(=S)NC1=O ,99.03225806451613,AAAA{A}Ar{AA~A}A{~B}DA{~E}DAr~B 
Fluoranthene,-4.957,2,202.256,0,4,0,0.0,-6.0,c1ccc2c(c1)c3cccc4cccc2c34,56.11510791366906,araaasa{ar}ataaaauaaaasatu
Propylisopropylether,-1.354,1,102.17699999999998,0,0,3,9.23,-1.34,CCCOC(C)C,18.884758364312265,AAABA{A}A
"1,3-Dimethylnaphthalene",-4.147,1,156.22799999999998,0,2,0,0.0,-4.29,Cc1cc(C)c2ccccc2c1,85.64516129032258,Aaraa{A}asaaaaasar
diethylstilbestrol,-5.074,1,268.356,2,2,4,40.46,-4.07,CCC(=C(CC)c1ccc(O)cc1)c2ccc(O)cc2 ,89.19354838709677,AAA{~A{AA}araaa{B}aar}asaaa{B}aas 
Chlorothalonil,-3.995,1,265.914,0,1,0,47.58,-5.64,c1(C#N)c(Cl)c(C#N)c(Cl)c(Cl)c(Cl)1,57.151079136690655,ar{A^D}a{Z}a{A^D}a{Z}a{Z}a{Z}r
"2,3',4',5-PCB",-6.312,1,291.992,0,2,1,0.0,-7.25,Clc1ccc(Cl)c(c1)c2ccc(Cl)c(Cl)c2,52.517985611510795,Zaraaa{Z}a{ar}asaaa{Z}a{Z}as
styrene oxide,-1.826,2,120.15099999999995,0,2,1,12.53,-1.6,C1OC1c2ccccc2 ,14.052044609665426,ArBArasaaaaas 
Isopropylbenzene ,-3.265,1,120.19499999999996,0,1,1,0.0,-3.27,CC(C)c1ccccc1,22.330097087378643,AA{A}araaaaar
Deoxycorticosterone,-3.939,1,330.4680000000001,1,4,2,54.370000000000005,-3.45,CC12CCC3C(CCC4=CC(=O)CCC34C)C2CCC1C(=O)CO,99.19354838709677,AArsAAAtA{AAAu~AA{~B}AAAtuA}AsAAArA{~B}AB
chlorquinox,-4.438,1,267.93,0,2,0,25.78,-5.43,c2(Cl)c(Cl)c(Cl)c1nccnc1c2(Cl) ,57.75539568345324,as{Z}a{Z}a{Z}ardaadaras{Z} 
L-arabinose,0.601,1,150.13,4,1,0,90.15,0.39,C1OC(O)C(O)C(O)C1O,71.61971830985917,ArBA{B}A{B}A{B}ArB
Dichloromethane,-1.156,1,84.93299999999999,0,0,0,0.0,-0.63,ClCCl,64.43661971830986,ZAZ
1-Ethylnaphthalene ,-4.1,1,156.22799999999998,0,2,1,0.0,-4.17,CCc1cccc2ccccc12,87.58064516129032,AAaraaaasaaaaars
Methyl formate,-0.048,1,60.05200000000001,0,0,1,26.3,0.58,COC=O,72.95774647887325,ABA~B
o-Nitrophenol,-2.318,1,139.11,1,1,1,63.37,-1.74,Oc1ccccc1N(=O)=O,11.44981412639405,BaraaaaarD{~B}~B
thymine,-0.78,1,126.115,2,1,0,65.72,-1.506,Cc1c[nH]c(=O)[nH]c1=O ,15.799256505576206,Aara{dH}a{~B}{dH}ar~B 
2-Methylpropane,-1.891,1,58.124,0,0,0,0.0,-2.55,CC(C)C,36.310679611650485,AA{A}A
Inosine,-0.8340000000000001,1,268.22900000000004,4,3,2,133.75,-1.23,OCC1OC(C(O)C1O)n2cnc3c(O)ncnc23,60.2112676056338,BAArBA{A{B}ArB}dsadata{B}dadast
Ioxynil,-4.615,1,370.915,1,1,0,44.02,-3.61,Oc1c(I)cc(C#N)cc1I,96.61290322580646,Bara{H}aa{A^D}aarH
Niclosamide,-5.032,1,327.1230000000001,2,2,3,92.47,-4.7,Oc1ccc(Cl)cc1C(=O)Nc2ccc(cc2Cl)N(=O)=O,59.856115107913666,Baraaa{Z}aarA{~B}Dasaaa{aasZ}D{~B}~B
Pentane,-2.261,1,72.151,0,0,2,0.0,-3.18,CCCCC,24.077669902912618,AAAAA
Phenol,-1.991,1,94.113,1,1,0,20.23,0.0,c1ccccc1O,68.87323943661971,araaaaarB
2-aminoanthracene,-3.789,1,193.249,1,3,0,26.02,-5.17,Nc3ccc2cc1ccccc1cc2c3 ,58.50359712230217,Dataaasaaraaaaaraasat 
theobromine,-1.05,1,180.167,1,2,0,72.68,-2.523,Cn1cnc2n(C)c(=O)[nH]c(=O)c12 ,36.83495145631068,Adradasd{A}a{~B}{dH}a{~B}ars 
Isoquinoline,-2.531,2,129.16199999999998,0,2,0,12.89,-1.45,c1ccc2cnccc2c1,16.840148698884757,araaasadaaasar
Anilofos,-5.106,1,367.86,0,1,7,38.77,-4.432,COP(=S)(OC)SCC(=O)N(C(C)C)c1ccc(Cl)cc1,83.35483870967741,ABK{~E}{BA}EAA{~B}D{A{A}A}araaa{Z}aar
Hexylbenzene ,-4.22,1,162.276,0,1,5,0.0,-5.21,CCCCCCc1ccccc1,58.388489208633096,AAAAAAaraaaaar
2-Chlorobiphenyl,-4.5280000000000005,1,188.657,0,2,1,0.0,-4.54,Clc1ccccc1c2ccccc2,81.61290322580645,Zaraaaaarasaaaaas
2-Methyl-1-Pentene,-2.3480000000000003,1,84.16199999999999,0,0,2,0.0,-3.03,CCCC(=C)C,26.99029126213593,AAAA{~A}A
"2,3,4-Trimethylpentane",-3.276,1,114.232,0,0,2,0.0,-4.8,CC(C)C(C)C(C)C,59.56834532374101,AA{A}A{A}A{A}A
Pentachlorobenzene,-5.167999999999999,1,250.339,0,1,0,0.0,-5.65,Clc1cc(Cl)c(Cl)c(Cl)c1Cl,57.122302158273385,Zaraa{Z}a{Z}a{Z}arZ
m-Nitrophenol,-2.318,1,139.11,1,1,1,63.37,-1.01,Oc1cccc(c1)N(=O)=O,61.76056338028169,Baraaaa{ar}D{~B}~B
1-Decene,-3.781,1,140.26999999999998,0,0,7,0.0,-5.51,CCCCCCCCC=C,57.5251798561151,AAAAAAAAA~A
Glyceryl triacetate,-1.285,1,218.205,0,0,5,78.9,-0.6,CC(=O)OCC(COC(=O)C)OC(=O)C,64.64788732394366,AA{~B}BAA{ABA{~B}A}BA{~B}A
dimethirimol,-3.57,1,209.293,1,1,4,49.25000000000001,-2.24,CCCCc1c(C)nc(nc1O)N(C)C ,2.1561338289962766,AAAAara{A}da{darB}D{A}A 
Cyfluthrin,-6.84,1,434.29400000000015,0,3,6,59.32000000000001,-7.337000000000001,CC1(C)C(C=C(Cl)Cl)C1C(=O)OC(C#N)c2ccc(F)c(Oc3ccccc3)c2,52.26762589928058,AAr{A}A{A~A{Z}Z}ArA{~B}BA{A^D}asaaa{G}a{Bataaaaat}as
Pyridine,-1.481,2,79.10199999999998,0,1,0,12.89,0.76,c1ccncc1,74.22535211267606,araadaar
1-Bromoheptane,-3.366,1,179.101,0,0,5,0.0,-4.43,CCCCCCCBr,83.38709677419354,AAAAAAAX
"3,4-Dimethylpyridine",-2.067,1,107.156,0,1,0,12.89,0.36,Cc1ccncc1C,71.40845070422534,AaraadaarA
Fludrocortisone,-3.172,1,380.4560000000001,3,4,2,94.83,-3.43,CC34CC(O)C1(F)C(CCC2=CC(=O)CCC12C)C3CCC4(O)C(=O)CO ,99.51612903225806,AAtuAA{B}Ar{G}A{AAAs~AA{~B}AAArsA}AtAAAu{B}A{~B}AB 
ethiofencarb,-2.855,1,225.313,1,1,4,38.33,-2.09,CCSCc1ccccc1OC(=O)NC ,4.944237918215615,AAEAaraaaaarBA{~B}DA 
Malonic acid diethylester,-1.413,1,160.16899999999998,0,0,4,52.60000000000001,-0.82,CCOC(=O)CC(=O)OCC,63.098591549295776,AABA{~B}AA{~B}BAA
d-Limonene,-3.429,1,136.238,0,1,1,0.0,-4.26,CC1=CCC(CC1)C(C)=C,86.12903225806451,AAr~AAA{AAr}A{A}~A
Indan,-3.057,2,118.17899999999996,0,2,0,0.0,-3.04,C1Cc2ccccc2C1,26.79611650485437,ArAasaaaaasAr
p-t-Butylphenol,-3.192,1,150.22099999999998,1,1,0,20.23,-2.41,CC(C)(C)c1ccc(O)cc1,39.02912621359223,AA{A}{A}araaa{B}aar
Cyclopropyl-5-spirobarbituric acid,-0.088,1,154.125,2,2,0,75.27,-1.886,O=C2NC(=O)C1(CC1)C(=O)N2 ,8.736059479553903,B~AsDA{~B}Ar{AAr}A{~B}Ds 
m-Chloroiodobenzene,-4.384,1,238.455,0,1,0,0.0,-3.55,Clc1cccc(I)c1,97.58064516129032,Zaraaaa{H}ar
1-Bromonapthalene,-4.434,1,207.07,0,2,0,0.0,-4.35,Brc1cccc2ccccc12,84.67741935483872,Xaraaaasaaaaars
trans-2-Pentene ,-2.076,1,70.135,0,0,1,0.0,-2.54,CC/C=C/C,36.50485436893204,AALA~ALA
"2,6-Dimethylpyridine",-2.0980000000000003,1,107.156,0,1,0,12.89,0.45,Cc1cccc(C)n1,72.04225352112677,Aaraaaa{A}dr
Trichloroethylene,-2.312,1,131.389,0,0,0,0.0,-1.96,ClC=C(Cl)Cl,7.360594795539033,ZA~A{Z}Z
1-Napthylamine,-2.721,1,143.189,1,2,0,26.02,-1.92,Nc1cccc2ccccc12,8.104089219330856,Daraaaasaaaaars
m-Xylene ,-3.035,1,106.168,0,1,0,0.0,-2.82,Cc1cccc(C)c1,31.067961165048548,Aaraaaa{A}ar
2-hydroxypteridine,-1.404,1,148.125,1,2,0,71.79,-1.947,Oc2ncc1nccnc1n2,7.602230483271373,Basdaardaadards
Methanol,0.441,1,32.042,1,0,0,20.23,1.57,CO,79.92957746478874,AB
Amobarbital,-2.312,1,226.276,2,1,4,75.27000000000001,-2.468,CCC1(CCC(C)C)C(=O)NC(=O)NC1=O,37.90291262135922,AAAr{AAA{A}A}A{~B}DA{~B}DAr~B
2-Butanone,-0.491,1,72.107,0,0,1,17.07,0.52,CCC(=O)C,72.53521126760563,AAA{~B}A
5-fluorouracil,-0.792,1,130.078,2,1,0,65.72,-1.077,Fc1c[nH]c(=O)[nH]c1=O ,61.2887323943662,Gara{dH}a{~B}{dH}ar~B 
tubercidin,-0.892,1,266.257,4,3,2,126.65,-1.95,Nc1ncnc2n(ccc12)C3OC(CO)C(O)C3O ,7.5464684014869885,Dardadasd{aaars}AtBA{AB}A{B}AtB 
"1,3-Benzenediol",-1.59,1,110.11199999999998,2,1,0,40.46,0.81,Oc1cccc(O)c1,74.5774647887324,Baraaaa{B}ar
1-Hexanol,-1.3969999999999998,1,102.177,1,0,4,20.23,-1.24,CCCCCCO,60.14084507042254,AAAAAAB
1-Chloropentane,-2.294,1,106.596,0,0,3,0.0,-2.73,CCCCCCl,32.81553398058252,AAAAAZ
"1,3-Butadiene",-1.376,1,54.09199999999999,0,0,1,0.0,-1.87,C=CC=C,9.033457249070628,A~AA~A
Propyl acetate,-1.125,1,102.13299999999998,0,0,2,26.3,-0.72,CCCOC(=O)C,63.802816901408455,AAABA{~B}A
"5,6,7,8-tetrahydro-2-naphthol",-3.0860000000000003,1,148.205,1,2,0,20.23,-1.99,Oc2ccc1CCCCc1c2 ,6.802973977695166,BasaaarAAAAaras 
chloroacetamide,-0.106,1,93.513,1,0,1,43.09,-0.02,NC(=O)CCl ,68.73239436619718,DA{~B}AZ 
Iodofenphos,-6.148,1,413.0,0,1,4,27.69,-6.62,COP(=S)(OC)Oc1cc(Cl)c(I)cc1Cl,54.330935251798564,ABK{~E}{BA}Baraa{Z}a{H}aarZ
4-Chlorotoluene,-3.297,1,126.586,0,1,0,0.0,-3.08,Cc1ccc(Cl)cc1,26.01941747572815,Aaraaa{Z}aar
Metribuzin,-2.324,1,214.294,1,1,1,73.8,-2.253,CSc1nnc(c(=O)n1N)C(C)(C)C,1.9144981412639366,AEardda{a{~B}drD}A{A}{A}A
Tricresyl phosphate,-6.39,1,368.3690000000001,0,3,6,44.760000000000005,-6.01,Cc1ccc(OP(=O)(Oc2cccc(C)c2)Oc3ccccc3C)cc1,56.086330935251794,Aaraaa{BK{~B}{Basaaaa{A}as}BataaaaatA}aar
Caproaldehyde,-1.457,1,100.161,0,0,4,17.07,-1.3,CCCCCC=O,19.62825278810409,AAAAAA~B
Butamben,-3.039,1,193.246,1,1,4,52.32,-3.082,CCCCOC(=O)c1ccc(N)cc1,25.98058252427185,AAAABA{~B}araaa{D}aar
RTI 3,-3.049,1,255.277,1,3,0,68.45,-3.043,O2c1cc(C)ccc1N(C)C(=O)c3cc(N)cnc23 ,26.737864077669904,Bsaraa{A}aaarD{A}A{~B}ataa{D}adast 
Nerol,-2.603,1,154.253,1,0,4,20.23,-2.46,CC(C)=CCC/C(C)=C\CO,38.05825242718447,AA{A}~AAALA{A}~ARAB
"2,4'-PCB",-5.142,1,223.102,0,2,1,0.0,-5.28,Clc1ccc(cc1)c2ccccc2Cl ,58.18705035971223,Zaraaa{aar}asaaaaasZ 
3-Octanoyloxymethylphenytoin,-4.84,1,408.498,1,3,10,75.71,-6.523,O=C1N(COC(=O)CCCCCCC)C(=O)C(N1)(c2ccccc2)c3ccccc3,54.61007194244605,B~ArD{ABA{~B}AAAAAAA}A{~B}A{Dr}{asaaaaas}ataaaaat
Nitroethane,-0.462,1,75.067,0,0,1,43.14,-0.22,CCN(=O)=O,67.32394366197182,AAD{~B}~B
Ethalfluralin,-5.063,1,333.266,0,1,6,89.51999999999998,-6.124,CCN(CC(C)=C)c1c(cc(cc1N(=O)=O)C(F)(F)F)N(=O)=O,55.75827338129496,AAD{AA{A}~A}ara{aa{aarD{~B}~B}A{G}{G}G}D{~B}~B
"1,2,3,4-Tetrachlorobenzene",-4.546,1,215.894,0,1,0,0.0,-4.57,Clc1ccc(Cl)c(Cl)c1Cl,81.1290322580645,Zaraaa{Z}a{Z}arZ
Meprobamate,-1.376,1,218.253,2,0,6,104.64,-1.807,CCCC(C)(COC(N)=O)COC(N)=O ,10.204460966542753,AAAA{A}{ABA{D}~B}ABA{D}~B 
pregnenolone,-4.342,1,316.48500000000007,1,4,1,37.3,-4.65,CC(=O)C3CCC4C2CC=C1CC(O)CCC1(C)C2CCC34C ,60.0,AA{~B}AtAAAuAsAA~ArAA{B}AAAr{A}AsAAAtuA 
Iodomethane,-1.646,1,141.939,0,0,0,0.0,-1.0,CI,61.83098591549297,AH
cycloheximide,-1.5319999999999998,1,281.35200000000003,2,2,3,83.47,-1.13,CC1CC(C)C(=O)C(C1)C(O)CC2CC(=O)NC(=O)C2 ,60.91549295774647,AArAA{A}A{~B}A{Ar}A{B}AAsAA{~B}DA{~B}As 
3-Heptanoyloxymethylphenytoin,-4.496,1,394.471,1,3,9,75.71,-6.301,O=C1N(COC(=O)CCCCCC)C(=O)C(N1)(c2ccccc2)c3ccccc3,55.24892086330935,B~ArD{ABA{~B}AAAAAA}A{~B}A{Dr}{asaaaaas}ataaaaat
isophorone,-2.015,1,138.20999999999998,0,1,0,17.07,-1.06,CC1=CC(=O)CC(C)(C)C1 ,61.408450704225345,AAr~AA{~B}AA{A}{A}Ar 
Butabarbital,-1.958,1,212.249,2,1,3,75.27000000000001,-2.39,O=C1NC(=O)NC(=O)C1(CC)C(C)CC,39.41747572815534,B~ArDA{~B}DA{~B}Ar{AA}A{A}AA
5-Nonanone,-2.329,1,142.242,0,0,6,17.07,-2.58,CCCCC(=O)CCCC,35.728155339805824,AAAAA{~B}AAAA
Glutethimide,-2.591,1,217.268,1,2,2,46.17,-2.337,CCC1(CCC(=O)NC1=O)c2ccccc2 ,0.35315985130110944,AAAr{AAA{~B}DAr~B}asaaaaas 
3-Methylpentane,-2.6,1,86.178,0,0,2,0.0,-3.68,CCC(C)CC,95.48387096774192,AAA{A}AA
Etofenprox,-6.896,1,376.496,0,3,9,27.69,-8.6,CCOc1ccc(cc1)C(C)(C)COCc3cccc(Oc2ccccc2)c3,48.63309352517985,AABaraaa{aar}A{A}{A}ABAataaaa{Basaaaaas}at
Methaqualone,-3.881,1,250.301,0,3,1,34.89,-2.925,Cc1ccccc1n3c(C)nc2ccccc2c3=O,29.02912621359224,Aaraaaaardta{A}dasaaaaasat~B
Chloroacetonitrile,-0.4479999999999999,1,75.498,0,0,0,23.79,-0.092,ClCC#N,68.22535211267605,ZAA^D
Trichloronate,-5.225,1,333.60400000000004,0,1,5,18.46,-5.752000000000001,CCOP(=S)(CC)Oc1cc(Cl)c(Cl)cc1Cl,56.828776978417274,AABK{~E}{AA}Baraa{Z}a{Z}aarZ
Ethisterone,-3.858,1,312.45300000000003,1,4,0,37.3,-5.66,CC12CCC(=O)C=C1CCC3C2CCC4(C)C3CCC4(O)C#C ,57.09352517985612,AArsAAA{~B}A~ArAAAtAsAAAu{A}AtAAAu{B}A^A 
Pyridazine,-0.619,2,80.08999999999999,0,1,0,25.78,1.1,c1ccnnc1,76.61971830985917,araaddar
"1,2,3,5-Tetrachlorobenzene",-4.621,1,215.894,0,1,0,0.0,-4.63,Clc1cc(Cl)c(Cl)c(Cl)c1,80.16129032258064,Zaraa{Z}a{Z}a{Z}ar
Diosgenin,-5.681,1,414.63000000000017,1,6,0,38.69,-7.32,C1C(O)CCC2(C)CC3CCC4(C)C5(C)CC6OCC(C)CC6OC5CC4C3C=C21,52.31654676258992,ArA{B}AAAs{A}AAtAAAu{A}Av{A}AAwBAA{A}AAwBAvAAuAtA~Asr
o-Aminophenol,-1.465,1,109.128,2,1,0,46.25,-0.72,Nc1ccccc1O,63.802816901408455,DaraaaaarB
Ethyl nonanoate,-3.3160000000000003,1,186.295,0,0,8,26.3,-3.8,CCCCCCCCC(=O)OCC,93.5483870967742,AAAAAAAAA{~B}BAA
metalaxyl,-2.87,1,279.336,0,1,5,55.84,-1.601,COCC(=O)N(C(C)C(=O)OC)c1c(C)cccc1C ,14.03345724907063,ABAA{~B}D{A{A}A{~B}BA}ara{A}aaaarA 
Propoxur,-2.4090000000000003,1,209.245,1,1,3,47.56,-2.05,CNC(=O)Oc1ccccc1OC(C)C,5.687732342007436,ADA{~B}BaraaaaarBA{A}A
2-Chlorobutane,-1.94,1,92.569,0,0,1,0.0,-1.96,CCC(C)Cl,7.360594795539033,AAA{A}Z
2-Napthol,-3.08,1,144.17299999999997,1,2,0,20.23,-2.28,Oc1ccc2ccccc2c1,1.4126394052044624,Baraaasaaaaasar
Oxadiazon,-5.265,1,345.22600000000017,0,2,3,57.26,-5.696000000000001,CC(C)Oc1cc(c(Cl)cc1Cl)n2nc(oc2=O)C(C)(C)C,56.98992805755395,AA{A}Baraa{a{Z}aarZ}dsda{bas~B}A{A}{A}A
1-Hexyne ,-1.801,1,82.14599999999999,0,0,2,0.0,-2.36,CCCCC#C,40.0,AAAAA^A
1-Nonyne ,-2.864,1,124.227,0,0,5,0.0,-4.24,CCCCCCCC#C,86.45161290322581,AAAAAAAA^A
2-Chlorotoluene,-3.297,1,126.586,0,1,0,0.0,-3.52,Cc1ccccc1Cl,98.06451612903227,AaraaaaarZ
Diisopropyl ether ,-1.281,1,102.177,0,0,2,9.23,-1.1,CC(C)OC(C)C,61.12676056338028,AA{A}BA{A}A
Dapsone,-2.464,1,248.307,2,2,2,86.18,-3.094,Nc1ccc(cc1)S(=O)(=O)c2ccc(N)cc2,25.74757281553398,Daraaa{aar}E{~B}{~B}asaaa{D}aas
Methyl hydrazine,0.5429999999999999,1,46.073,2,0,0,38.05,1.34,CNN,78.30985915492958,ADD
Propyne,-0.672,1,40.065000000000005,0,0,0,0.0,-0.41,CC#C,65.98591549295774,AA^A
Phoxim,-4.557,1,298.304,0,1,7,63.84,-4.862,CCOP(=S)(OCC)ON=C(C#N)c1ccccc1,59.38992805755395,AABK{~E}{BAA}BD~A{A^D}araaaaar
Propetamphos,-2.826,1,281.314,1,0,7,56.790000000000006,-3.408,CCNP(=S)(OC)OC(=CC(=O)OC(C)C)C,99.87096774193547,AADK{~E}{BA}BA{~AA{~B}BA{A}A}A
Acrolein,-0.184,1,56.064,0,0,1,17.07,0.57,C=CC=O,72.88732394366197,A~AA~B
Hypoxanthine,-0.6559999999999999,1,136.114,2,2,0,74.43,-2.296,O=c1[nH]cnc2nc[nH]c12 ,1.1152416356877335,B~ar{dH}adasda{dH}ars 
6-hydroxyquinoline,-2.725,1,145.161,1,2,0,33.120000000000005,-2.16,Oc2ccc1ncccc1c2 ,3.6431226765799214,Basaaardaaaaras 
Fluorobenzene,-2.514,1,96.10399999999998,0,1,0,0.0,-1.8,Fc1ccccc1,10.334572490706318,Garaaaaar
1-Chloropropane,-1.585,1,78.542,0,0,1,0.0,-1.47,CCCCl,16.46840148698885,AAAZ
Ethyl acetate,-0.77,1,88.106,0,0,1,26.3,-0.04,CCOC(=O)C,68.59154929577464,AABA{~B}A
"2,2-Dimethylpentane",-2.938,1,100.20499999999998,0,0,1,0.0,-4.36,CCCC(C)(C)C,84.51612903225806,AAAA{A}{A}A
Pentamethylbenzene,-3.993,1,148.249,0,1,0,0.0,-4.0,Cc1cc(C)c(C)c(C)c1C,90.32258064516128,Aaraa{A}a{A}a{A}arA
eucalyptol,-2.579,1,154.253,0,3,0,9.23,-1.64,CC12CCC(CC1)C(C)(C)O2 ,13.308550185873608,AArsAAA{AAr}A{A}{A}Bs 
dibutyl sebacate,-4.726,1,314.46600000000007,0,0,15,52.60000000000001,-3.896,CCCCOC(=O)CCCCCCCCC(=O)OCCCC,92.0,AAAABA{~B}AAAAAAAAA{~B}BAAAA
"4,4'-PCB",-5.299,1,223.102,0,2,1,0.0,-6.56,Clc1ccc(cc1)c2ccc(Cl)cc2 ,54.50359712230216,Zaraaa{aar}asaaa{Z}aas 
"2,3-Dimethylpyridine",-2.067,1,107.156,0,1,0,12.89,0.38,Cc1cccnc1C,71.54929577464789,AaraaadarA
Carvone,-2.042,1,150.22099999999998,0,1,1,17.07,-2.06,CC(=C)C1CC=C(C)C(=O)C1,5.501858736059477,AA{~A}ArAA~A{A}A{~B}Ar
Carbophenthion,-5.827999999999999,1,342.875,0,1,8,18.46,-5.736000000000001,CCOP(=S)(OCC)SCSc1ccc(Cl)cc1,56.87482014388488,AABK{~E}{BAA}EAEaraaa{Z}aar
"Etoposide (148-167,25mg/ml)",-3.292,1,588.5620000000001,3,7,5,160.83,-3.571,COc1cc(cc(OC)c1O)C6C2C(COC2=O)C(OC4OC3COC(C)OC3C(O)C4O)c7cc5OCOc5cc67,97.24193548387096,ABaraa{aa{BA}arB}AwAsA{ABAs~B}A{BAuBAtABA{A}BAtA{B}AuB}axaavBABavaawx
Perylene,-6.007000000000001,2,252.316,0,5,0,0.0,-8.804,c1cc2cccc3c4cccc5cccc(c(c1)c23)c54,48.04604316546762,araasaaaatauaaaavaaaa{a{ar}ast}avu
"2,4-Dinitrotoluene",-2.604,1,182.135,0,1,2,86.28,-2.82,Cc1ccc(cc1N(=O)=O)N(=O)=O,31.067961165048548,Aaraaa{aarD{~B}~B}D{~B}~B
2-bromonaphthalene,-4.434,1,207.07,0,2,0,0.0,-4.4,c1c(Br)ccc2ccccc12 ,83.87096774193547,ara{X}aaasaaaaars 
Formetanate,-1.846,1,221.26,1,1,3,53.93,-2.34,CNC(=O)Oc1cccc(N=CN(C)C)c1,0.2973977695167289,ADA{~B}Baraaaa{D~AD{A}A}ar
6-methoxypteridine,-1.589,1,162.15200000000002,0,2,1,60.790000000000006,-1.139,COc2cnc1ncncc1n2,60.852112676056336,ABasadardadaards
nevirapine,-3.397,1,266.30400000000003,1,4,1,58.120000000000005,-3.19,Cc3ccnc4N(C1CC1)c2ncccc2C(=O)Nc34 ,23.88349514563107,AataadauD{ArAAr}asdaaaasA{~B}Datu 
Isazofos,-3.76,1,313.747,0,1,7,58.4,-3.658,CCOP(=S)(OCC)Oc1nc(Cl)n(n1)C(C)C,95.83870967741936,AABK{~E}{BAA}Barda{Z}d{dr}A{A}A
"2-Methyl-1,3-Butadiene ",-1.714,1,68.11900000000001,0,0,1,0.0,-2.03,CC(=C)C=C,6.059479553903348,AA{~A}A~A
linalool,-2.399,1,154.253,1,0,4,20.23,-1.99,CC(C)=CCCC(O)(C)C=C,6.802973977695166,AA{A}~AAAA{B}{A}A~A
Fenthion,-4.265,1,278.335,0,1,5,27.69,-4.57,COP(=S)(OC)Oc1ccc(SC)c(C)c1,81.1290322580645,ABK{~E}{BA}Baraaa{EA}a{A}ar
Cyclohexanol ,-1.261,1,100.161,1,1,0,20.23,-0.44,OC1CCCCC1,65.77464788732395,BArAAAAAr
5-Allyl-5-methylbarbital,-1.013,1,182.179,2,1,2,75.27000000000001,-1.16,O=C1NC(=O)NC(=O)C1(C)CC=C,60.70422535211269,B~ArDA{~B}DA{~B}Ar{A}AA~A
Epiandrosterone,-3.882,1,290.447,1,4,0,37.3,-4.16,CC34CCC1C(CCC2CC(O)CCC12C)C3CCC4=O,87.74193548387096,AAtuAAArA{AAAsAA{B}AAArsA}AtAAAu~B
mannitol,0.647,1,182.172,6,0,5,121.38,0.06,OCC(O)C(O)C(O)C(O)CO ,69.29577464788733,BAA{B}A{B}A{B}A{B}AB 
4-Methylbiphenyl,-4.424,1,168.239,0,2,1,0.0,-4.62,Cc1ccc(cc1)c2ccccc2,80.32258064516128,Aaraaa{aar}asaaaaas
Atrazine,-3.069,1,215.688,2,1,4,62.73,-3.85,CCNc1nc(Cl)nc(NC(C)C)n1,92.74193548387096,AADarda{Z}da{DA{A}A}dr
Phenylthiourea,-1.7009999999999998,1,152.22199999999998,2,1,1,38.05,-1.77,NC(=S)Nc1ccccc1,10.892193308550183,DA{~E}Daraaaaar
4-Heptanone,-1.62,1,114.188,0,0,4,17.07,-1.3,CCCC(=O)CCC,19.62825278810409,AAAA{~B}AAA
"3,3-Dimethyl-2-butanone",-1.25,1,100.161,0,0,0,17.07,-0.72,CC(=O)C(C)(C)C,63.802816901408455,AA{~B}A{A}{A}A
4-Chlorophenol ,-2.761,1,128.558,1,1,0,20.23,-0.7,Oc1ccc(Cl)cc1,63.94366197183099,Baraaa{Z}aar
Cyclohexanone,-0.996,1,98.145,0,1,0,17.07,-0.6,O=C1CCCCC1,64.64788732394366,B~ArAAAAAr
m-Methylaniline,-1.954,1,107.156,1,1,0,26.02,-0.85,Cc1cccc(N)c1,62.88732394366197,Aaraaaa{D}ar
Trichloroacetonitrile,-2.019,1,144.388,0,0,0,23.79,-2.168,ClC(Cl)(Cl)C#N,3.494423791821556,ZA{Z}{Z}A^D
norflurazon,-4.029,1,303.67100000000005,1,2,2,46.92,-4.046,CNc2cnn(c1cccc(c1)C(F)(F)F)c(=O)c2Cl,89.58064516129032,ADasadd{araaaa{ar}A{G}{G}G}a{~B}asZ
2-Decanone,-2.617,1,156.269,0,0,7,17.07,-3.3,CCCCCCCCC(=O)C,21.74757281553398,AAAAAAAAA{~B}A
Ipazine,-3.497,1,243.742,1,1,5,53.940000000000005,-3.785,CCN(CC)c1nc(Cl)nc(NC(C)C)n1,93.79032258064515,AAD{AA}arda{Z}da{DA{A}A}dr
Benzocaine,-2.383,1,165.19199999999998,1,1,2,52.32,-2.616,CCOC(=O)c1ccc(N)cc1,35.029126213592235,AABA{~B}araaa{D}aar
"1,2,4-Trichlorobenzene",-4.083,1,181.449,0,1,0,0.0,-3.59,Clc1ccc(Cl)c(Cl)c1,96.93548387096774,Zaraaa{Z}a{Z}ar
Triazolam,-3.948,1,343.2170000000001,0,4,1,43.07,-4.09,Cc3nnc4CN=C(c1ccccc1Cl)c2cc(Cl)ccc2n34,88.87096774193549,AatddauAD~A{araaaaarZ}asaa{Z}aaasdtu
"1,2-Benzenediol",-1.635,1,110.11199999999998,2,1,0,40.46,0.62,Oc1ccccc1O,73.23943661971832,BaraaaaarB
Reverse Transcriptase inhibitor 1,-2.794,1,254.293,0,3,1,49.330000000000005,-2.62,CCN2c1ncccc1N(C)C(=O)c3cccnc23 ,34.95145631067961,AADsardaaaarD{A}A{~B}ataaadast 
Dimethyl sulfide,-0.758,1,62.137,0,0,0,0.0,-0.45,CSC,65.70422535211267,AEA
2-Bromotoluene,-3.667,1,171.03699999999998,0,1,0,0.0,-2.23,Cc1ccccc1Br,2.3420074349442364,AaraaaaarX
O-Ethyl carbamate,-0.218,1,89.09400000000001,1,0,1,52.32,0.85,CCOC(=O)N,74.85915492957747,AABA{~B}D
megestrol acetate,-4.417,1,384.5160000000002,0,4,2,60.440000000000005,-5.35,CC(=O)OC3(CCC4C2C=C(C)C1=CC(=O)CCC1(C)C2CCC34C)C(C)=O ,57.985611510791365,AA{~B}BAt{AAAuAsA~A{A}Ar~AA{~B}AAAr{A}AsAAAtuA}A{A}~B 
"2,4-Dimethyl-3-pentanol",-1.6469999999999998,1,116.20399999999998,1,0,2,20.23,-1.22,CC(C)C(O)C(C)C,60.281690140845065,AA{A}A{B}A{A}A
Napthalene,-3.468,2,128.17399999999995,0,2,0,0.0,-3.6,c1ccc2ccccc2c1,96.7741935483871,araaasaaaaasar
N-Ethylaniline,-2.389,1,121.18299999999996,1,1,2,12.03,-1.7,CCNc1ccccc1,12.193308550185874,AADaraaaaar
Phenytoin,-3.057,1,252.273,2,3,2,58.2,-4.097,O=C1NC(=O)C(N1)(c2ccccc2)c3ccccc3,88.75806451612902,B~ArDA{~B}A{Dr}{asaaaaas}ataaaaat
"7,12-Dimethylbenz(a)anthracene",-6.297000000000001,1,256.348,0,4,0,0.0,-7.02,Cc1c2ccccc2c(C)c3ccc4ccccc4c13,53.17985611510792,Aarasaaaaasa{A}ataaauaaaaauart
Dialifor,-5.026,1,393.85400000000016,0,2,8,55.84,-6.34,CCOP(=S)(OCC)SC(CCl)N1C(=O)c2ccccc2C1=O,55.13669064748201,AABK{~E}{BAA}EA{AZ}DrA{~B}asaaaaasAr~B
Methoxychlor,-5.537999999999999,1,345.6529999999999,0,2,4,18.46,-6.89,COc1ccc(cc1)C(c2ccc(OC)cc2)C(Cl)(Cl)Cl,53.55395683453238,ABaraaa{aar}A{asaaa{BA}aas}A{Z}{Z}Z
TEFLUBENZURON,-5.462000000000001,1,381.1120000000001,2,2,2,58.2,-7.28,Fc1cccc(F)c1C(=O)NC(=O)Nc2cc(Cl)c(F)c(Cl)c2F ,52.43165467625899,Garaaaa{G}arA{~B}DA{~B}Dasaa{Z}a{G}a{Z}asG 
3-Pentanoyloxymethylphenytoin,-3.81,1,366.417,1,3,7,75.71,-4.678,O=C1N(COC(=O)CCCC)C(=O)C(N1)(c2ccccc2)c3ccccc3,59.91942446043166,B~ArD{ABA{~B}AAAA}A{~B}A{Dr}{asaaaaas}ataaaaat
Monuron,-2.6710000000000003,1,198.653,1,1,1,32.34,-2.89,CN(C)C(=O)Nc1ccc(Cl)cc1,29.708737864077666,AD{A}A{~B}Daraaa{Z}aar
Flutriafol,-3.569,1,301.296,1,3,4,50.94,-3.37,OC(Cn1cncn1)(c2ccc(F)cc2)c3ccccc3F,20.388349514563107,BA{Adradadr}{asaaa{G}aas}ataaaaatG
triamcinolone diacetate,-3.876,1,478.51300000000026,2,4,4,127.20000000000002,-4.13,CC(=O)OCC(=O)C3(O)C(CC4C2CCC1=CC(=O)C=CC1(C)C2(F)C(O)CC34C)OC(C)=O ,88.2258064516129,AA{~B}BAA{~B}At{B}A{AAuAsAAAr~AA{~B}A~AAr{A}As{G}A{B}AAtuA}BA{A}~B 
1-Bromobutane,-2.303,1,137.01999999999998,0,0,2,0.0,-2.37,CCCCBr,39.80582524271844,AAAAX
"1,2,4,5-Tetrabromobenzene",-6.001,1,393.698,0,1,0,0.0,-6.98,Brc1cc(Br)c(Br)cc1Br,53.29496402877698,Xaraa{X}a{X}aarX
4-Methyl-2-pentanone,-1.1840000000000002,1,100.161,0,0,2,17.07,-0.74,CC(C)CC(=O)C,63.66197183098592,AA{A}AA{~B}A
cycloate,-3.35,1,215.36199999999997,0,1,3,20.31,-3.4,CCSC(=O)N(CC)C1CCCCC1 ,100.0,AAEA{~B}D{AA}ArAAAAAr 
4-Chloroanisole,-3.057,1,142.585,0,1,1,9.23,-2.78,COc1ccc(Cl)cc1,31.84466019417476,ABaraaa{Z}aar
Deltamethrin,-7.44,1,505.2060000000002,0,3,6,59.32000000000001,-8.402000000000001,CC1(C)C(C=C(Br)Br)C1C(=O)OC(C#N)c2cccc(Oc3ccccc3)c2,49.20287769784172,AAr{A}A{A~A{X}X}ArA{~B}BA{A^D}asaaaa{Bataaaaat}as
Talbutal,-2.06,1,224.26,2,1,4,75.27000000000001,-2.016,CCC(C)C1(CC=C)C(=O)NC(=O)NC1=O,6.319702602230482,AAA{A}Ar{AA~A}A{~B}DA{~B}DAr~B
Fenitrothion,-3.845,1,277.238,0,1,5,70.83000000000001,-4.04,COP(=S)(OC)Oc1ccc(N(=O)=O)c(C)c1,89.6774193548387,ABK{~E}{BA}Baraaa{D{~B}~B}a{A}ar
1-Iodonapthalene,-4.888999999999999,1,254.07,0,2,0,0.0,-4.55,Ic1cccc2ccccc12,81.4516129032258,Haraaaasaaaaars
Sorbitol,0.647,1,182.172,6,0,5,121.38,1.09,OCC(O)C(O)C(O)C(O)CO,76.54929577464789,BAA{B}A{B}A{B}A{B}AB
Ethanethiol,-0.968,1,62.137,1,0,0,0.0,-0.6,CCS,64.64788732394366,AAE
"1,1,2-Trichloroethane",-1.961,1,133.405,0,0,1,0.0,-1.48,ClCC(Cl)Cl,16.28252788104089,ZAA{Z}Z
Pyrolan,-3.141,1,245.282,0,2,2,47.36000000000001,-2.09,CN(C)C(=O)Oc1cc(C)nn1c2ccccc2,4.944237918215615,AD{A}A{~B}Baraa{A}ddrasaaaaas
o-Hydroxybenzamide,-1.942,1,137.13799999999998,2,1,1,63.32000000000001,-1.82,NC(=O)c1ccccc1O,9.962825278810406,DA{~B}araaaaarB
o-Nitrotoluene,-2.589,1,137.138,0,1,1,43.14,-2.33,Cc1ccccc1N(=O)=O,0.4832713754646804,AaraaaaarD{~B}~B
"5,5-Diisopropylbarbital",-1.942,1,212.249,2,1,2,75.27000000000001,-2.766,O=C1NC(=O)NC(=O)C1(C(C)C)C(C)C,32.116504854368934,B~ArDA{~B}DA{~B}Ar{A{A}A}A{A}A
2-Ethyltoluene,-3.2960000000000003,1,120.19499999999996,0,1,1,0.0,-3.21,CCc1ccccc1C,23.495145631067967,AAaraaaaarA
1-Chloroheptane,-3.003,1,134.65,0,0,5,0.0,-4.0,CCCCCCCCl,90.32258064516128,AAAAAAAZ
Barbital,-1.265,1,184.195,2,1,2,75.27000000000001,-2.4,O=C1NC(=O)NC(=O)C1(CC)CC,39.22330097087379,B~ArDA{~B}DA{~B}Ar{AA}AA
Bibenzyl ,-4.301,2,182.266,0,2,3,0.0,-4.62,C(Cc1ccccc1)c2ccccc2,80.32258064516128,A{Aaraaaaar}asaaaaas
"1,1,2,2-Tetrachloroethane",-2.549,1,167.85,0,0,1,0.0,-1.74,ClC(Cl)C(Cl)Cl,11.44981412639405,ZA{Z}A{Z}Z
RTI 23,-4.228,1,283.331,1,3,2,54.46,-5.153,CCN2c1cc(OC)cc(C)c1NC(=O)c3cccnc23 ,58.552517985611516,AADsaraa{BA}aa{A}arDA{~B}ataaadast 
2-Methylphenanthrene,-4.87,1,192.261,0,3,0,0.0,-5.84,Cc1ccc2c(ccc3ccccc32)c1,56.57553956834532,Aaraaasa{aaataaaaats}ar
dibutylphthalate,-4.378,1,278.348,0,1,8,52.60000000000001,-4.4,CCCCOC(=O)c1ccccc1C(=O)OCCCC ,83.87096774193547,AAAABA{~B}araaaaarA{~B}BAAAA 
tetrachloroguaiacol,-4.299,1,261.919,1,1,1,29.46,-4.02,COc1c(O)c(Cl)c(Cl)c(Cl)c1Cl ,90.0,ABara{B}a{Z}a{Z}a{Z}arZ 
Dimecron,-2.426,1,299.6909999999999,0,0,8,65.07000000000001,0.523,CCN(CC)C(=O)C(=CCOP(=O)(OC)OC)Cl,72.55633802816901,AAD{AA}A{~B}A{~AABK{~B}{BA}BA}Z
Equilin,-3.555,1,268.356,1,4,0,37.3,-5.282,CC34CCC1C(=CCc2cc(O)ccc12)C3CCC4=O,58.18129496402877,AAtuAAArA{~AAasaa{B}aaars}AtAAAu~B
Chlorimuron-ethyl (ph 7),-3.719,1,414.82700000000017,1,2,8,127.79,-4.5760000000000005,CCOC(=O)c1ccccc1S(=O)(=O)NN(C=O)c2nc(Cl)cc(OC)n2,81.03225806451611,AABA{~B}araaaaarE{~B}{~B}DD{A~B}asda{Z}aa{BA}ds
p-Nitroanisole,-2.522,1,153.13699999999997,0,1,2,52.37,-2.41,COc1ccc(cc1)N(=O)=O,39.02912621359223,ABaraaa{aar}D{~B}~B
1-Chlorohexane,-2.648,1,120.623,0,0,4,0.0,-3.12,CCCCCCCl,25.24271844660194,AAAAAAZ
"2,2',3,3',4,4',5,5'-PCB",-8.468,1,429.77200000000016,0,2,1,0.0,-9.16,Clc1cc(c(Cl)c(Cl)c1Cl)c2cc(Cl)c(Cl)c(Cl)c2Cl,47.02158273381295,Zaraa{a{Z}a{Z}arZ}asaa{Z}a{Z}a{Z}asZ
Raffinose,0.496,1,504.4380000000001,11,3,8,268.67999999999995,-0.41,OCC1OC(CO)(OC2OC(COC3OC(CO)C(O)C(O)C3O)C(O)C(O)C2O)C(O)C1O,65.98591549295774,BAArBA{AB}{BAsBA{ABAtBA{AB}A{B}A{B}AtB}A{B}A{B}AsB}A{B}ArB
hexacosane,-9.702,1,366.7180000000002,0,0,23,0.0,-8.334,CCCCCCCCCCCCCCCCCCCCCCCCCC,49.39856115107914,AAAAAAAAAAAAAAAAAAAAAAAAAA
RTI 5,-3.471,1,253.30499999999995,0,3,1,36.44,-3.324,CCN2c1ccccc1N(C)C(=O)c3cccnc23 ,21.281553398058257,AADsaraaaaarD{A}A{~B}ataaadast 
"1,1-Dichloroethane",-1.5759999999999998,1,98.96,0,0,0,0.0,-1.29,CC(Cl)Cl,19.814126394052046,AA{Z}Z
Sulfanilamide,-0.954,1,172.20899999999995,2,1,1,86.18,-1.34,Nc1ccc(cc1)S(N)(=O)=O,18.884758364312265,Daraaa{aar}E{D}{~B}~B
Isopropalin,-5.306,1,309.36600000000004,0,1,8,89.51999999999998,-6.49,CCCN(CCC)c1c(cc(cc1N(=O)=O)C(C)C)N(=O)=O,54.705035971223026,AAAD{AAA}ara{aa{aarD{~B}~B}A{A}A}D{~B}~B
Lindane,-4.009,1,290.832,0,1,0,0.0,-4.64,ClC1C(Cl)C(Cl)C(Cl)C(Cl)C1Cl,80.0,ZArA{Z}A{Z}A{Z}A{Z}ArZ
Isofenphos,-4.538,1,345.4010000000002,1,1,8,56.790000000000006,-4.194,CCOP(=S)(NC(C)C)Oc1ccccc1C(=O)OC(C)C,87.19354838709677,AABK{~E}{DA{A}A}BaraaaaarA{~B}BA{A}A
"1,2,3-Trichlorobenzene",-4.008,1,181.449,0,1,0,0.0,-4.0,Clc1cccc(Cl)c1Cl,90.32258064516128,Zaraaaa{Z}arZ
Tetrachloromethane,-2.607,1,153.823,0,0,0,0.0,-2.31,ClC(Cl)(Cl)Cl,0.8550185873605916,ZA{Z}{Z}Z
"3,4-Dichloronitrobenzene",-3.448,1,192.001,0,1,1,43.14,-3.2,O=N(=O)c1cc(Cl)c(Cl)cc1,23.689320388349515,B~D{~B}araa{Z}a{Z}aar
Cyclooctanol,-2.14,1,128.215,1,1,0,20.23,-1.29,OC1CCCCCCC1,19.814126394052046,BArAAAAAAAr
17a-Methyltestosterone,-4.073,1,302.4580000000001,1,4,0,37.3,-3.999,CC1(O)CCC2C3CCC4=CC(=O)CCC4(C)C3CCC21C,90.33870967741935,AAr{B}AAAsAtAAAu~AA{~B}AAAu{A}AtAAAsrA
Dulcin,-2.167,1,180.207,2,1,3,64.35,-2.17,CCOc1ccc(NC(N)=O)cc1,3.4572490706319696,AABaraaa{DA{D}~B}aar
"trans-1,4-Dimethylcyclohexane",-3.305,1,112.216,0,1,0,0.0,-4.47,C/C1CCC(\C)CC1,82.74193548387096,ALArAAA{RA}AAr
"1,7-phenantroline",-2.994,2,180.21,0,3,0,25.78,-2.68,c1cnc2c(c1)ccc3ncccc23,33.78640776699029,aradasa{ar}aaatdaaaast
Methyl t-butyl ether ,-0.984,1,88.14999999999999,0,0,0,9.23,-0.24,COC(C)(C)C,67.1830985915493,ABA{A}{A}A
Anethole,-3.254,1,148.20499999999998,0,1,2,9.23,-3.13,COc1ccc(C=CC)cc1,25.04854368932039,ABaraaa{A~AA}aar
1-Hexadecanol,-4.94,1,242.44699999999992,1,0,14,20.23,-7.0,CCCCCCCCCCCCCCCCO,53.23741007194245,AAAAAAAAAAAAAAAAB
uracil,-0.441,1,112.088,2,1,0,65.72,-1.4880000000000002,O=c1cc[nH]c(=O)[nH]1 ,16.133828996282524,B~araa{dH}a{~B}{dH}r 
adenine,-1.255,1,135.13,2,2,0,80.47999999999999,-2.12,Nc1ncnc2nc[nH]c12 ,4.386617100371744,Dardadasda{dH}ars 
"2,2',3,4,5-PCB",-6.709,1,326.437,0,2,1,0.0,-7.21,Clc1cc(Cl)c(cc1Cl)c2cccc(Cl)c2Cl ,52.633093525179866,Zaraa{Z}a{aarZ}asaaaa{Z}asZ 
Ancymidol,-2.181,1,256.30499999999995,1,3,4,55.24,-2.596,COc1ccc(cc1)C(O)(C2CC2)c3cncnc3 ,35.41747572815533,ABaraaa{aar}A{B}{AsAAs}atadadat 
Benzo(b)fluoranthene,-6.007000000000001,2,252.316,0,5,0,0.0,-8.23,c1ccc2c(c1)c3cccc4c3c2cc5ccccc54,49.697841726618705,araaasa{ar}ataaaauatasaavaaaaavu
Carbanilide,-3.611,1,212.252,2,2,2,41.13,-3.15,O=C(Nc1ccccc1)Nc2ccccc2,24.660194174757283,B~A{Daraaaaar}Dasaaaaas
phenobarbital,-2.272,1,232.239,2,2,2,75.27000000000001,-2.322,CCC1(C(=O)NC(=O)NC1=O)c2ccccc2 ,0.6319702602230448,AAAr{A{~B}DA{~B}DAr~B}asaaaaas 
"2',3,4-PCB",-5.686,1,257.547,0,2,1,0.0,-6.29,Clc1ccc(cc1)c2cccc(Cl)c2Cl ,55.280575539568346,Zaraaa{aar}asaaaa{Z}asZ 
Isoproturon,-2.867,1,206.289,1,1,2,32.34,-3.536,CC(C)c1ccc(NC(=O)N(C)C)cc1,97.80645161290323,AA{A}araaa{DA{~B}D{A}A}aar
Azintamide,-2.231,1,259.762,0,1,5,46.09,-1.716,CCN(CC)C(=O)CSc1ccc(Cl)nn1,11.895910780669146,AAD{AA}A{~B}AEaraaa{Z}ddr
"2,2-Dimethyl-1-butanol",-1.365,1,102.17699999999998,1,0,2,20.23,-1.04,CCC(C)(C)CO,61.549295774647895,AAA{A}{A}AB
Ethyl pentanoate,-1.899,1,130.18699999999998,0,0,4,26.3,-1.75,CCCOC(=O)CCC,11.263940520446097,AAABA{~B}AAA
"2,4,6-Trinitrotoluene",-2.6060000000000003,1,227.132,0,1,3,129.42000000000002,-3.22,Cc1c(cc(cc1N(=O)=O)N(=O)=O)N(=O)=O,23.300970873786405,Aara{aa{aarD{~B}~B}D{~B}~B}D{~B}~B
Bensulide,-4.99,1,397.52400000000006,1,1,10,64.63,-4.2,CC(C)OP(=S)(OC(C)C)SCCNS(=O)(=O)c1ccccc1,87.09677419354837,AA{A}BK{~E}{BA{A}A}EAADE{~B}{~B}araaaaar
Cycloheptane,-2.9160000000000004,2,98.189,0,1,0,0.0,-3.51,C1CCCCCC1,98.2258064516129,ArAAAAAAr
Propyl formate,-0.757,1,88.10599999999998,0,0,3,26.3,-0.49,CCCOC=O,65.4225352112676,AAABA~B
2-Isopropyltoluene,-3.585,1,134.22199999999995,0,1,1,0.0,-3.76,CC(C)c1ccccc1C,94.19354838709678,AA{A}araaaaarA
m-Chloroaniline,-2.392,1,127.574,1,1,0,26.02,-1.37,Nc1cccc(Cl)c1,18.3271375464684,Daraaaa{Z}ar
"2,4-Dimethylpentane",-2.938,1,100.20499999999998,0,0,2,0.0,-4.26,CC(C)CC(C)C,86.12903225806451,AA{A}AA{A}A
Dibenzofurane,-4.2010000000000005,2,168.195,0,3,0,13.14,-4.6,o1c2ccccc2c3ccccc13,80.64516129032258,brasaaaaasataaaaart
ethofumesate,-3.184,1,286.34900000000005,0,2,4,61.830000000000005,-3.42,CCOC2Oc1ccc(OS(C)(=O)=O)cc1C2(C)C,99.67741935483872,AABAsBaraaa{BE{A}{~B}~B}aarAs{A}A
Fluometuron,-3.065,1,232.205,1,1,1,32.34,-3.43,CN(C)C(=O)Nc1cccc(c1)C(F)(F)F,99.51612903225806,AD{A}A{~B}Daraaaa{ar}A{G}{G}G
Acridine,-3.846,2,179.22199999999998,0,3,0,12.89,-3.67,c3ccc2nc1ccccc1cc2c3,95.64516129032258,ataaasdaraaaaaraasat
Cortisone,-2.893,1,360.45000000000016,2,4,2,91.67,-3.11,CC12CC(=O)C3C(CCC4=CC(=O)CCC34C)C2CCC1(O)C(=O)CO,25.4368932038835,AArsAA{~B}AtA{AAAu~AA{~B}AAAtuA}AsAAAr{B}A{~B}AB
glucose,0.501,1,180.156,5,1,1,110.38,0.74,OCC1OC(O)C(O)C(O)C1O,74.08450704225352,BAArBA{B}A{B}A{B}ArB
3-Methylphenol,-2.313,1,108.14,1,1,0,20.23,-0.68,Cc1cccc(O)c1,64.08450704225352,Aaraaaa{B}ar
Indapamide,-4.345,1,365.842,2,3,3,92.5,-3.5860000000000003,CC2Cc1ccccc1N2NC(=O)c3ccc(Cl)c(c3)S(N)(=O)=O ,97.0,AAsAaraaaaarDsDA{~B}ataaa{Z}a{at}E{D}{~B}~B 
Lovastatin,-4.731,1,404.54700000000025,1,3,6,72.83,-6.005,CCC(C)C(=O)OC2CC(C)C=C3C=CC(C)C(CCC1CC(O)CC(=O)O1)C23 ,56.10071942446043,AAA{A}A{~B}BAsAA{A}A~AtA~AA{A}A{AAArAA{B}AA{~B}Br}Ast 
"1,4-Dinitrobenzene",-2.281,1,168.10799999999995,0,1,2,86.28,-3.39,O=N(=O)c1ccc(cc1)N(=O)=O,20.0,B~D{~B}araaa{aar}D{~B}~B
Reposal,-2.781,1,262.309,2,3,2,75.27000000000001,-2.696,CCC1(C(=O)NC(=O)NC1=O)C2=CCC3CCC2C3,33.4757281553398,AAAr{A{~B}DA{~B}DAr~B}As~AAAtAAAsAt
Ethyl decanoate,-3.671,1,200.322,0,0,9,26.3,-4.1,CCCCCCCCCC(=O)OCC,88.70967741935483,AAAAAAAAAA{~B}BAA
Fenuron,-1.847,1,164.208,1,1,1,32.34,-1.6,CN(C)C(=O)Nc1ccccc1,14.052044609665426,AD{A}A{~B}Daraaaaar
Ethyl propyl ether,-1.072,1,88.14999999999999,0,0,3,9.23,-0.66,CCCOCC,64.22535211267606,AAABAA
2-Propanol,-0.261,1,60.096,1,0,0,20.23,0.43,CC(C)O,71.90140845070422,AA{A}B
2-Methylnapthalene,-3.802,1,142.201,0,2,0,0.0,-3.77,Cc1ccc2ccccc2c1,94.03225806451611,Aaraaasaaaaasar
Chlorodibromethane,-2.54,1,208.28,0,0,0,0.0,-1.9,ClC(Br)Br,8.475836431226766,ZA{X}X
Hexestrol,-4.854,1,270.372,2,2,5,40.46,-4.43,CCC(C(CC)c1ccc(O)cc1)c2ccc(O)cc2,83.38709677419354,AAA{A{AA}araaa{B}aar}asaaa{B}aas
Malathion,-3.391,1,330.3640000000001,0,0,9,71.06,-3.37,CCOC(=O)CC(SP(=S)(OC)OC)C(=O)OCC,20.388349514563107,AABA{~B}AA{EK{~E}{BA}BA}A{~B}BAA
Benzylchloride,-2.887,1,126.58599999999996,0,1,1,0.0,-2.39,ClCc1ccccc1,39.41747572815534,ZAaraaaaar
t-Crotonaldehyde,-0.604,1,70.09100000000001,0,0,1,17.07,0.32,C/C=C/C=O,71.12676056338027,ALA~ALA~B
Chlorbromuron,-3.938,1,293.548,1,1,2,41.57,-3.924,CON(C)C(=O)Nc1ccc(Br)c(Cl)c1,91.54838709677419,ABD{A}A{~B}Daraaa{X}a{Z}ar
"9,10-Dimethylanthracene",-5.228,1,206.288,0,3,0,0.0,-6.57,Cc1c2ccccc2c(C)c3ccccc13,54.4748201438849,Aarasaaaaasa{A}ataaaaart
Methyl hexanoate,-1.899,1,130.18699999999998,0,0,4,26.3,-1.87,CCCCCC(=O)OC,9.033457249070628,AAAAAA{~B}BA
Dimefuron,-3.831,1,338.79500000000013,1,2,2,80.37,-4.328,CN(C)C(=O)Nc1ccc(c(Cl)c1)n2nc(oc2=O)C(C)(C)C,85.03225806451611,AD{A}A{~B}Daraaa{a{Z}ar}dsda{bas~B}A{A}{A}A
p-Fluoroacetanilide,-2.181,1,153.156,1,1,1,29.1,-1.78,CC(=O)Nc1ccc(F)cc1,10.70631970260223,AA{~B}Daraaa{G}aar
alachlor,-3.319,1,269.77199999999993,0,1,6,29.54,-3.26,CCc1cccc(CC)c1N(COC)C(=O)CCl ,22.524271844660202,AAaraaaa{AA}arD{ABA}A{~B}AZ 
Cyclohexene,-2.16,2,82.146,0,1,0,0.0,-2.59,C1CCC=CC1,35.53398058252427,ArAAA~AAr
Hydrocortisone ,-3.159,1,362.4660000000002,3,4,2,94.83,-3.09,CC12CC(O)C3C(CCC4=CC(=O)CCC34C)C2CCC1(O)C(=O)CO,25.825242718446606,AArsAA{B}AtA{AAAu~AA{~B}AAAtuA}AsAAAr{B}A{~B}AB
Pyrimidine,-0.884,2,80.08999999999999,0,1,0,25.78,1.1,c1cncnc1,76.61971830985917,aradadar
p-Chloronitrobenzene,-2.901,1,157.55599999999998,0,1,1,43.14,-2.92,Clc1ccc(cc1)N(=O)=O,29.126213592233007,Zaraaa{aar}D{~B}~B
Methyl propionate,-0.836,1,88.106,0,0,1,26.3,-0.14,CCC(=O)OC,67.88732394366197,AAA{~B}BA
o-Chloronitrobenzene,-2.775,1,157.55599999999998,0,1,1,43.14,-2.55,Clc1ccccc1N(=O)=O,36.310679611650485,ZaraaaaarD{~B}~B
Neburon,-4.157,1,275.179,1,1,4,32.34,-4.77,CCCCN(C)C(=O)Nc1ccc(Cl)c(Cl)c1,59.65467625899281,AAAAD{A}A{~B}Daraaa{Z}a{Z}ar
Buthidazole,-2.398,1,256.331,1,2,1,69.56,-1.877,CN1CC(O)N(C1=O)c2nnc(s2)C(C)(C)C,8.903345724907062,ADrAA{B}D{Ar~B}asdda{ss}A{A}{A}A
Nitrobenzene,-2.2880000000000003,1,123.11099999999996,0,1,1,43.14,-1.8,O=N(=O)c1ccccc1,10.334572490706318,B~D{~B}araaaaar
Iodobenzene,-3.8,1,204.01,0,1,0,0.0,-3.01,Ic1ccccc1,27.378640776699037,Haraaaaar
Metolazone,-3.777,1,365.8420000000001,2,3,2,92.5,-3.78,CC2Nc1cc(Cl)c(cc1C(=O)N2c3ccccc3C)S(N)(=O)=O ,93.87096774193549,AAsDaraa{Z}a{aarA{~B}DsataaaaatA}E{D}{~B}~B 
Methocarbamol,-1.4280000000000002,1,241.24299999999997,2,1,6,91.01,-0.985,COc1ccccc1OCC(O)COC(N)=O,61.936619718309856,ABaraaaaarBAA{B}ABA{D}~B
butachlor,-4.347,1,311.85300000000007,0,1,9,29.54,-4.19,CCCCOCN(C(=O)CCl)c1c(CC)cccc1CC ,87.25806451612902,AAAABAD{A{~B}AZ}ara{AA}aaaarAA 
"2,3-Dichlorophenol",-3.144,1,163.003,1,1,0,20.23,-1.3,Oc1cccc(Cl)c1Cl,19.62825278810409,Baraaaa{Z}arZ
Propyl butyrate,-1.1909999999999998,1,102.13299999999998,0,0,2,26.3,-1.92,CCCC(=O)OC,8.104089219330856,AAAA{~B}BA
Propanil,-3.644,1,218.083,1,1,2,29.1,-3.0,CCC(=O)Nc1ccc(Cl)c(Cl)c1,27.57281553398058,AAA{~B}Daraaa{Z}a{Z}ar
Triamterene,-3.051,1,253.26900000000003,3,3,1,129.62,-2.404,Nc3nc(N)c2nc(c1ccccc1)c(N)nc2n3,39.14563106796116,Datda{D}asda{araaaaar}a{D}dasdt
Ethyl hexanoate,-2.254,1,144.21399999999997,0,0,5,26.3,-2.35,CCCCCC(=O)OCC,0.11152416356876922,AAAAAA{~B}BAA
chloralose,-1.887,1,309.529,3,2,2,88.38000000000001,-1.84,OCC(O)C2OC1OC(OC1C2O)C(Cl)(Cl)Cl ,9.591078066914497,BAA{B}AsBArBA{BArAsB}A{Z}{Z}Z 
Amitraz,-5.533,1,293.41400000000004,0,2,4,27.96,-5.47,CN(C=Nc1ccc(C)cc1C)C=Nc2ccc(C)cc2C,57.64028776978417,AD{A~Daraaa{A}aarA}A~Dasaaa{A}aasA
Prometon,-3.448,1,225.296,2,1,5,71.96000000000001,-2.478,COc1nc(NC(C)C)nc(NC(C)C)n1,37.70873786407766,ABarda{DA{A}A}da{DA{A}A}dr
1-Octene ,-3.073,1,112.216,0,0,5,0.0,-4.44,CCCCCCC=C,83.22580645161291,AAAAAAA~A
p-Methylaniline ,-1.954,1,107.156,1,1,0,26.02,-1.21,Cc1ccc(N)cc1,60.352112676056336,Aaraaa{D}aar
aminothiazole,-1.226,1,100.146,1,1,0,38.91,-0.36,Nc1nccs1 ,66.33802816901408,Dardaasr 
Metolcarb,-1.947,1,151.165,1,1,1,38.33,-1.803,c1ccccc1(OC(=O)NC),10.278810408921931,araaaaar{BA{~B}DA}
3-Hexanol,-1.324,1,102.177,1,0,3,20.23,-0.8,CCCC(O)CC,63.23943661971831,AAAA{B}AA
9-anthrol,-4.148,1,194.233,1,3,0,20.23,-4.73,c3ccc2c(O)c1ccccc1cc2c3 ,59.769784172661865,ataaasa{B}araaaaaraasat 
2-Methylanthracene,-4.87,1,192.261,0,3,0,0.0,-6.96,Cc1ccc2cc3ccccc3cc2c1,53.35251798561151,Aaraaasaataaaaataasar
"1,2,3-Trimethylbenzene ",-3.312,1,120.195,0,1,0,0.0,-3.2,Cc1cccc(C)c1C,23.689320388349515,Aaraaaa{A}arA
Aminocarb,-2.677,1,208.261,1,1,2,41.57,-2.36,CNC(=O)Oc1ccc(N(C)C)c(C)c1,40.0,ADA{~B}Baraaa{D{A}A}a{A}ar
2-Nonanol,-2.387,1,144.258,1,0,6,20.23,-2.74,CCCCCCCC(C)O,32.62135922330096,AAAAAAAA{A}B
Methyldymron,-3.863,1,268.36,1,2,3,32.34,-3.35,CN(C(=O)NC(C)(C)c1ccccc1)c2ccccc2,20.776699029126213,AD{A{~B}DA{A}{A}araaaaar}asaaaaas
3-Hexanone,-1.266,1,100.161,0,0,3,17.07,-0.83,CCCC(=O)CC,63.02816901408451,AAAA{~B}AA
bromoxynil,-3.793,1,276.915,1,1,0,44.02,-3.33,Oc1c(Br)cc(C#N)cc1Br ,21.16504854368932,Bara{X}aa{A^D}aarX 
"3,4-PCB",-5.223,1,223.102,0,2,1,0.0,-6.39,Clc1ccc(cc1Cl)c2ccccc2 ,54.99280575539569,Zaraaa{aarZ}asaaaaas 
Mefenacet,-4.504,1,298.367,0,3,4,42.43000000000001,-4.873,CN(C(=O)COc1nc2ccccc2s1)c3ccccc3,59.35827338129497,AD{A{~B}ABardasaaaaassr}ataaaaat
5-hydroxyquinoline,-2.725,1,145.161,1,2,0,33.120000000000005,-2.54,Oc1cccc2ncccc12 ,36.50485436893204,Baraaaasdaaaars 
Carboxin,-2.927,1,235.308,1,2,2,38.33,-3.14,CC1=C(SCCO1)C(=O)Nc2ccccc2,24.854368932038835,AAr~A{EAABr}A{~B}Dasaaaaas
Ethoxyzolamide,-3.085,1,258.324,1,2,3,82.28,-3.81,CCOc2ccc1nc(sc1c2)S(N)(=O)=O ,93.38709677419355,AABasaaarda{saras}E{D}{~B}~B 
Pentachlorophenol,-4.835,1,266.338,1,1,0,20.23,-4.28,Oc1c(Cl)c(Cl)c(Cl)c(Cl)c1Cl,85.80645161290322,Bara{Z}a{Z}a{Z}a{Z}arZ
Bromochloromethane,-1.519,1,129.384,0,0,0,0.0,-0.89,ClCBr,62.6056338028169,ZAX
metharbital,-1.658,1,198.222,1,1,2,66.48,-2.23,CCC1(CC)C(=O)NC(=O)N(C)C1=O ,2.3420074349442364,AAAr{AA}A{~B}DA{~B}D{A}Ar~B 
deoxycorticosterone acetate,-4.472,1,372.5050000000002,0,4,3,60.440000000000005,-4.63,CC(=O)OCC(=O)C3CCC4C2CCC1=CC(=O)CCC1(C)C2CCC34C ,80.16129032258064,AA{~B}BAA{~B}AtAAAuAsAAAr~AA{~B}AAAr{A}AsAAAtuA 
benzylurea,-1.509,1,150.18099999999998,2,1,2,55.120000000000005,-0.95,NC(=O)NCc1ccccc1 ,62.1830985915493,DA{~B}DAaraaaaar 
Chlortoluron,-3.048,1,212.68,1,1,1,32.34,-3.483,CN(C)C(=O)Nc1ccc(C)c(Cl)c1,98.66129032258064,AD{A}A{~B}Daraaa{A}a{Z}ar
Linuron,-3.5810000000000004,1,249.097,1,1,2,41.57,-3.592,CON(C)C(=O)Nc1ccc(Cl)c(Cl)c1,96.90322580645162,ABD{A}A{~B}Daraaa{Z}a{Z}ar
Cycloheptanol,-1.7,1,114.188,1,1,0,20.23,-0.88,OC1CCCCCC1,62.676056338028175,BArAAAAAAr
Thiamphenicol,-1.936,1,356.2270000000001,3,1,6,103.70000000000002,-2.154,CS(=O)(=O)c1ccc(cc1)C(O)C(CO)NC(=O)C(Cl)Cl ,3.7546468401486988,AE{~B}{~B}araaa{aar}A{B}A{AB}DA{~B}A{Z}Z 
thiopental,-2.96,1,242.344,2,1,4,58.2,-3.36,CCCC(C)C1(CC)C(=O)NC(=S)NC1=O ,20.582524271844665,AAAA{A}Ar{AA}A{~B}DA{~E}DAr~B 
acetazolamide,-0.7929999999999999,1,222.251,2,1,2,115.04,-2.36,CC(=O)Nc1nnc(s1)S(N)(=O)=O ,40.0,AA{~B}Dardda{sr}E{D}{~B}~B 
p-Nitrophenol,-2.318,1,139.11,1,1,1,63.37,-0.74,Oc1ccc(cc1)N(=O)=O,63.66197183098592,Baraaa{aar}D{~B}~B
Aldrin,-5.511,1,364.914,0,4,0,0.0,-6.307,ClC1=C(Cl)C2(Cl)C3C4CC(C=C4)C3C1(Cl)C2(Cl)Cl,55.23165467625899,ZAr~A{Z}As{Z}AtAuAA{A~Au}AtAr{Z}As{Z}Z
Tetrahydrofurane ,-0.62,2,72.107,0,1,0,9.23,0.49,C1CCOC1,72.32394366197184,ArAABAr
o-Nitroaniline,-2.277,1,138.126,1,1,1,69.16,-1.96,Nc1ccccc1N(=O)=O,7.360594795539033,DaraaaaarD{~B}~B
"2,2',3,3'-PCB",-6.079,1,291.992,0,2,1,0.0,-7.28,Clc1cccc(c1Cl)c2cccc(Cl)c2Cl,52.43165467625899,Zaraaaa{arZ}asaaaa{Z}asZ
phenylbutazone,-4.0760000000000005,1,308.38100000000003,0,3,5,40.620000000000005,-3.81,CCCCC1C(=O)N(N(C1=O)c2ccccc2)c3ccccc3 ,93.38709677419355,AAAAArA{~B}D{D{Ar~B}asaaaaas}ataaaaat 
"2,6-Dinitrotoluene",-2.553,1,182.135,0,1,2,86.28,-3.0,Cc1c(cccc1N(=O)=O)N(=O)=O,27.57281553398058,Aara{aaaarD{~B}~B}D{~B}~B
Progesterone,-4.17,1,314.46900000000005,0,4,1,34.14,-4.42,CC(=O)C1CCC2C3CCC4=CC(=O)CCC4(C)C3CCC12C,83.5483870967742,AA{~B}ArAAAsAtAAAu~AA{~B}AAAu{A}AtAAArsA
Chlorazine,-3.663,1,257.76899999999995,0,1,6,45.150000000000006,-4.4110000000000005,CCN(CC)c1nc(Cl)nc(n1)N(CC)CC,83.69354838709675,AAD{AA}arda{Z}da{dr}D{AA}AA
captafol,-4.365,1,349.06600000000014,0,2,3,37.38,-5.4,ClC(Cl)C(Cl)(Cl)SN2C(=O)C1CC=CCC1C2=O ,57.84172661870504,ZA{Z}A{Z}{Z}EDsA{~B}ArAA~AAArAs~B 
"1,2,4-tribromobenzene",-5.144,1,314.802,0,1,0,0.0,-4.5,c1(Br)c(Br)cc(Br)cc1,82.25806451612902,ar{X}a{X}aa{X}aar
Oxazepam,-3.517,1,286.718,2,3,1,61.690000000000005,-3.952,OC3N=C(c1ccccc1)c2cc(Cl)ccc2NC3=O ,91.09677419354838,BAtD~A{araaaaar}asaa{Z}aaasDAt~B 
Secobarbital,-2.415,1,238.28699999999995,2,1,5,75.27000000000001,-2.356,O=C1NC(=O)NC(=O)C1(C(C)CCC)CC=C,0.0,B~ArDA{~B}DA{~B}Ar{A{A}AAA}AA~A
Carvacrol,-3.224,1,150.22099999999998,1,1,1,20.23,-2.08,c1(O)c(C)ccc(C(C)C)c1,5.130111524163565,ar{B}a{A}aaa{A{A}A}ar
rhodanine,-0.396,1,133.197,1,1,0,29.1,-1.77,C1SC(=S)NC1(=O),10.892193308550183,ArEA{~E}DAr{~B}
Morin,-2.7310000000000003,1,302.23800000000006,5,3,1,131.36,-3.083,Oc1ccc(c(O)c1)c3oc2cc(O)cc(O)c2c(=O)c3O ,25.961165048543684,Baraaa{a{B}ar}atbasaa{B}aa{B}asa{~B}atB 
Kepone,-5.112,1,490.6390000000001,0,6,0,17.07,-5.259,ClC1(C(=O)C2(Cl)C3(Cl)C14Cl)C5(Cl)C2(Cl)C3(Cl)C(Cl)(Cl)C45Cl,58.247482014388495,ZAr{A{~B}As{Z}At{Z}AruZ}Av{Z}As{Z}At{Z}A{Z}{Z}AuvZ
Disulfiram,-3.862,1,296.5520000000001,0,0,4,6.48,-4.86,CCN(CC)C(=S)SSC(=S)N(CC)CC,59.3956834532374,AAD{AA}A{~E}EEA{~E}D{AA}AA
Cyclohexane,-2.477,2,84.162,0,1,0,0.0,-3.1,C1CCCCC1,25.631067961165044,ArAAAAAr
Dienochlor,-7.848,1,474.64,0,2,1,0.0,-7.278,ClC1=C(Cl)C(Cl)(C(=C1Cl)Cl)C2(Cl)C(=C(Cl)C(=C2Cl)Cl)Cl,52.437410071942445,ZAr~A{Z}A{Z}{A{~ArZ}Z}As{Z}A{~A{Z}A{~AsZ}Z}Z
chlordimeform,-3.164,1,196.681,0,1,2,15.6,-2.86,CN(C)C=Nc1ccc(Cl)cc1C,30.291262135922338,AD{A}A~Daraaa{Z}aarA
Equilenin,-3.927,1,266.34,1,4,0,37.3,-5.24,CC34CCc1c(ccc2cc(O)ccc12)C3CCC4=O,58.3021582733813,AAtuAAara{aaasaa{B}aaars}AtAAAu~B
1-Octanol,-2.105,1,130.23100000000002,1,0,6,20.23,-2.39,CCCCCCCCO,39.41747572815534,AAAAAAAAB
Diethyl sulfide,-1.598,1,90.191,0,0,2,0.0,-1.34,CCSCC,18.884758364312265,AAEAA
"1,2-Dichloroethane",-1.374,1,98.96,0,0,1,0.0,-1.06,ClCCCl,61.408450704225345,ZAAZ
2-Chloro-2-methylbutane,-2.278,1,106.596,0,0,1,0.0,-2.51,CCC(C)(C)Cl,37.087378640776706,AAA{A}{A}Z
1-Chloro-2-bromoethane,-1.7380000000000002,1,143.411,0,0,1,0.0,-1.32,ClCCBr,19.256505576208177,ZAAX
p-Nitroaniline,-1.936,1,138.126,1,1,1,69.16,-2.37,Nc1ccc(cc1)N(=O)=O,39.80582524271844,Daraaa{aar}D{~B}~B
Lactose,1.071,1,342.297,8,2,4,189.53,-0.244,OCC1OC(OC2C(O)C(O)C(O)OC2CO)C(O)C(O)C1O,67.15492957746478,BAArBA{BAsA{B}A{B}A{B}BAsAB}A{B}A{B}ArB
RTI 2,-3.125,1,268.32,0,3,2,49.330000000000005,-2.86,CCN2c1ncccc1N(CC)C(=O)c3cccnc23 ,30.291262135922338,AADsardaaaarD{AA}A{~B}ataaadast 
Chlorobenzene,-2.975,1,112.55899999999995,0,1,0,0.0,-2.38,Clc1ccccc1,39.6116504854369,Zaraaaaar
1-Nonene ,-3.427,1,126.243,0,0,6,0.0,-5.05,CCCCCCCC=C,58.84892086330935,AAAAAAAA~A
p-Bromoiodobenzene,-4.754,1,282.90599999999995,0,1,0,0.0,-4.56,Brc1ccc(I)cc1,81.29032258064515,Xaraaa{H}aar
3-Methyl-3-pentanol,-1.308,1,102.17699999999998,1,0,2,20.23,-0.36,CCC(C)(O)CC,66.33802816901408,AAA{A}{B}AA
Pentylbenzene,-3.899,1,148.249,0,1,4,0.0,-4.64,CCCCCc1ccccc1,80.0,AAAAAaraaaaar
allantoin,0.652,1,158.117,4,1,1,113.32,-1.6,NC(=O)NC1NC(=O)NC1=O ,14.052044609665426,DA{~B}DArDA{~B}DAr~B 
Glafenine,-5.052,1,372.80800000000016,3,3,6,91.68,-4.571000000000001,OCC(O)COC(=O)c1ccccc1Nc2ccnc3cc(Cl)ccc23,81.11290322580643,BAA{B}ABA{~B}araaaaarDasaadataa{Z}aaast
DDD,-6.007999999999999,1,320.04600000000005,0,2,3,0.0,-7.2,ClC(Cl)C(c1ccc(Cl)cc1)c2ccc(Cl)cc2,52.66187050359712,ZA{Z}A{araaa{Z}aar}asaaa{Z}aas
testosterone acetate,-4.449,1,330.4680000000001,0,4,1,43.370000000000005,-5.184,CC(=O)OC3CCC4C2CCC1=CC(=O)CCC1(C)C2CCC34C ,58.46330935251799,AA{~B}BAtAAAuAsAAAr~AA{~B}AAAr{A}AsAAAtuA 
1-Chloronapthalene,-4.063,1,162.61899999999997,0,2,0,0.0,-3.93,Clc1cccc2ccccc12,91.4516129032258,Zaraaaasaaaaars
RTI 19,-4.007,1,252.31699999999995,0,3,1,23.55,-4.749,CCN2c1ccccc1N(C)C(=O)c3ccccc23 ,59.715107913669065,AADsaraaaaarD{A}A{~B}ataaaaast 
2-Hexanol,-1.324,1,102.17699999999998,1,0,3,20.23,-0.89,CCCCC(C)O,62.6056338028169,AAAAA{A}B
Propylcyclopentane,-3.16,1,112.216,0,1,2,0.0,-4.74,CCCC1CCCC1,59.7410071942446,AAAArAAAAr
Etomidate,-3.359,1,244.294,0,2,4,44.12,-4.735,CCOC(=O)c1cncn1C(C)c2ccccc2,59.75539568345324,AABA{~B}aradadrA{A}asaaaaas
"3,4-Dichlorophenol",-3.352,1,163.003,1,1,0,20.23,-1.25,Oc1ccc(Cl)c(Cl)c1,60.070422535211264,Baraaa{Z}a{Z}ar
Cypermethrin,-6.775,1,416.30400000000014,0,3,6,59.32000000000001,-8.017000000000001,CC1(C)C(C=C(Cl)Cl)C1C(=O)OC(C#N)c2cccc(Oc3ccccc3)c2,50.31079136690647,AAr{A}A{A~A{Z}Z}ArA{~B}BA{A^D}asaaaa{Bataaaaat}as
Benzoxazole,-2.214,2,119.12299999999998,0,2,0,26.03,-1.16,c2ccc1ocnc1c2,60.70422535211269,asaaarbadaras
1-Pentanol,-1.042,1,88.14999999999999,1,0,3,20.23,-0.6,CCCCCO,64.64788732394366,AAAAAB
"N,N-Diethylaniline",-3.16,1,149.237,0,1,3,3.24,-3.03,CCN(CC)c1ccccc1,26.99029126213593,AAD{AA}araaaaar
"1,3-Difluorobenzene",-2.636,1,114.094,0,1,0,0.0,-2.0,Fc1cccc(F)c1,6.617100371747211,Garaaaa{G}ar
3-chloropropionitrile,-0.522,1,89.525,0,0,1,23.79,-0.29,ClCCC#N ,66.83098591549296,ZAAA^D 
t-Pentylbenzene,-3.867,1,148.249,0,1,1,0.0,-4.15,CC(C)(C)Cc1ccccc1,87.9032258064516,AA{A}{A}Aaraaaaar
5-Ethyl-5-phenylbarbital,-2.272,1,232.239,2,2,2,75.27000000000001,-2.322,O=C1NC(=O)NC(=O)C1(CC)c1ccccc1,0.6319702602230448,B~ArDA{~B}DA{~B}Ar{AA}araaaaar
o-Chloroiodobenzene,-4.384,1,238.455,0,1,0,0.0,-3.54,Clc1ccccc1I,97.74193548387096,ZaraaaaarH
Benzotriazole,-2.21,2,119.127,1,2,0,41.57,-0.78,c2ccc1[nH]nnc1c2,63.38028169014084,asaaar{dH}ddaras
Carbofuran,-3.05,1,221.25599999999997,1,2,1,47.56,-2.8,CNC(=O)Oc1cccc2CC(C)(C)Oc12,31.456310679611654,ADA{~B}BaraaaasAA{A}{A}Bars
"2,6-Dimethylphenol",-2.589,1,122.167,1,1,0,20.23,-1.29,Cc1cccc(C)c1O,19.814126394052046,Aaraaaa{A}arB
3-Methyl-2-butanol,-0.954,1,88.14999999999999,1,0,1,20.23,-0.18,CC(C)C(C)O,67.6056338028169,AA{A}A{A}B
benzhydrol,-3.033,1,184.238,1,2,2,20.23,-2.55,c1ccccc1C(O)c2ccccc2,36.310679611650485,araaaaarA{B}asaaaaas
Methyl decanoate,-3.3160000000000003,1,186.295,0,0,8,26.3,-4.69,CCCCCCCCCC(=O)OC,59.88489208633093,AAAAAAAAAA{~B}BA
Dicapthon,-4.188,1,297.656,0,1,5,70.83000000000001,-4.31,COP(=S)(OC)Oc1ccc(cc1Cl)N(=O)=O,85.3225806451613,ABK{~E}{BA}Baraaa{aarZ}D{~B}~B
1-Bromo-2-methylpropane,-2.2880000000000003,1,137.01999999999998,0,0,1,0.0,-2.43,CC(C)CBr,38.64077669902912,AA{A}AX
Iodoethane,-2.066,1,155.966,0,0,0,0.0,-1.6,CCI,14.052044609665426,AAH
Pirimicarb,-2.34,1,238.291,0,1,2,58.56000000000001,-1.95,CN(C)C(=O)Oc1nc(nc(C)c1C)N(C)C,7.5464684014869885,AD{A}A{~B}Barda{da{A}arA}D{A}A
1-Bromohexane,-3.012,1,165.074,0,0,4,0.0,-3.81,CCCCCCBr,93.38709677419355,AAAAAAX
2-Methylpentane,-2.6,1,86.178,0,0,2,0.0,-3.74,CCCC(C)C,94.51612903225805,AAAA{A}A
Tetrafluthrin,-6.339,1,418.7360000000001,0,2,4,26.3,-7.321000000000001,Cc1c(F)c(F)c(COC(=O)C2C(C=C(Cl)C(F)(F)F)C2(C)C)c(F)c1F,52.313669064748204,Aara{G}a{G}a{ABA{~B}AsA{A~A{Z}A{G}{G}G}As{A}A}a{G}arG
Metolachlor,-3.431,1,283.7989999999999,0,1,6,29.54,-2.73,CCc1cccc(C)c1N(C(C)COC)C(=O)CCl ,32.81553398058252,AAaraaaa{A}arD{A{A}ABA}A{~B}AZ 
nifuroxime,-1.843,1,156.09699999999998,1,1,2,88.87,-2.19,ON=Cc1ccc(o1)N(=O)=O ,3.085501858736058,BD~Aaraaa{br}D{~B}~B 
Fluvalinate,-8.057,1,502.9200000000002,1,3,8,71.35,-8.003,CC(C)C(Nc1ccc(cc1Cl)C(F)(F)F)C(=O)OC(C#N)c2cccc(Oc3ccccc3)c2,50.35107913669064,AA{A}A{Daraaa{aarZ}A{G}{G}G}A{~B}BA{A^D}asaaaa{Bataaaaat}as
Amitrole,-0.674,1,84.082,2,1,0,67.59,0.522,Nc1nc[nH]n1,72.54929577464789,Darda{dH}dr
Tribromomethane,-2.904,1,252.731,0,0,0,0.0,-1.91,BrC(Br)Br,8.28996282527881,XA{X}X
Trichlorfon,-1.866,1,257.437,1,0,3,55.760000000000005,-0.22,COP(=O)(OC)C(O)C(Cl)(Cl)Cl,67.32394366197182,ABK{~B}{BA}A{B}A{Z}{Z}Z
Phosalone,-5.024,1,367.8160000000001,0,2,7,53.6,-5.233,CCOP(=S)(OCC)SCn1c(=O)oc2cc(Cl)ccc12,58.32230215827339,AABK{~E}{BAA}EAdra{~B}basaa{Z}aaars
Phenylmethanol,-1.699,1,108.13999999999996,1,1,1,20.23,-0.4,OCc1ccccc1,66.05633802816901,BAaraaaaar
Coumatetralyl,-5.194,1,292.33400000000006,1,4,1,50.44,-2.84,O=c2c(C3CCCc4ccccc43)c(O)c1ccccc1o2 ,30.679611650485437,B~asa{AtAAAauaaaaaut}a{B}araaaaarbs 
4-Bromophenol,-3.132,1,173.009,1,1,0,20.23,-1.09,Oc1ccc(Br)cc1,61.197183098591545,Baraaa{X}aar
2-Bromopropane,-1.949,1,122.993,0,0,0,0.0,-1.59,CC(C)Br,14.237918215613382,AA{A}X
"2,2,4-Trimethylpentane",-3.276,1,114.232,0,0,1,0.0,-4.74,CC(C)CC(C)(C)C,59.7410071942446,AA{A}AA{A}{A}A
"1,3,5-Trinitrobenzene",-2.324,1,213.105,0,1,3,129.42000000000002,-2.89,O=N(=O)c1cc(cc(c1)N(=O)=O)N(=O)=O,29.708737864077666,B~D{~B}araa{aa{ar}D{~B}~B}D{~B}~B
Nimetazepam,-3.557,1,295.29800000000006,0,3,2,75.81,-3.796,CN2C(=O)CN=C(c1ccccc1)c3cc(ccc23)N(=O)=O,93.61290322580645,ADsA{~B}AD~A{araaaaar}ataa{aaast}D{~B}~B
Propane,-1.5530000000000002,1,44.097,0,0,0,0.0,-1.94,CCC,7.732342007434943,AAA
Minoxidil,-1.809,1,209.253,2,2,1,95.11,-1.989,Nc1cc(nc(N)n1=O)N2CCCCC2 ,6.82156133828996,Daraa{da{D}dr~B}DsAAAAAs 
1-aminoacridine,-3.542,1,194.237,1,3,0,38.91,-4.22,Nc2cccc3nc1ccccc1cc23 ,86.7741935483871,Dasaaaatdaraaaaaraast 
Benzo(k)fluoranthene,-6.007000000000001,2,252.316,0,5,0,0.0,-8.49,c1ccc2cc3c4cccc5cccc(c3cc2c1)c45,48.94964028776978,araaasaatauaaaavaaaa{ataasar}auv
Dicofol,-6.268,1,370.49,1,2,2,20.23,-5.666,OC(c1ccc(Cl)cc1)(c2ccc(Cl)cc2)C(Cl)(Cl)Cl,57.07625899280575,BA{araaa{Z}aar}{asaaa{Z}aas}A{Z}{Z}Z
Acenapthene,-3.792,2,154.21199999999996,0,3,0,0.0,-4.63,C1Cc2cccc3cccc1c23,80.16129032258064,ArAasaaaataaaarast
Dialifos,-5.026,1,393.85400000000016,0,2,8,55.84,-6.34,CCOP(=S)(OCC)SC(CCl)N2C(=O)c1ccccc1C2=O,55.13669064748201,AABK{~E}{BAA}EA{AZ}DsA{~B}araaaaarAs~B
"1,4-Dibromobenzene",-4.298,1,235.906,0,1,0,0.0,-4.07,Brc1ccc(Br)cc1,89.19354838709677,Xaraaa{X}aar
Methazole,-3.6010000000000004,1,261.064,0,2,1,57.14,-2.82,Cn2c(=O)on(c1ccc(Cl)c(Cl)c1)c2=O,31.067961165048548,Adsa{~B}bd{araaa{Z}a{Z}ar}as~B
p-Phenylphenol,-3.701,1,170.211,1,2,1,20.23,-3.48,Oc1ccc(cc1)c2ccccc2,98.70967741935483,Baraaa{aar}asaaaaas
pyracarbolid,-2.83,1,217.26800000000003,1,2,2,38.33,-2.56,CC1=C(CCCO1)C(=O)Nc2ccccc2 ,36.116504854368934,AAr~A{AAABr}A{~B}Dasaaaaas 
Ethyl vinyl ether,-0.857,1,72.10700000000001,0,0,2,9.23,-0.85,CCOC=C,62.88732394366197,AABA~A
1-Butyne,-1.092,1,54.09199999999999,0,0,0,0.0,-1.24,CCC#C,60.14084507042254,AAA^A
4-methoxypteridine,-1.589,1,162.15200000000002,0,2,1,60.790000000000006,-1.11,COc1ncnc2nccnc12 ,61.05633802816901,ABardadasdaadars 
3-Methyl-3-heptanol,-2.017,1,130.23099999999997,1,0,4,20.23,-1.6,CCCCC(C)(O)CC,14.052044609665426,AAAAA{A}{B}AA
"1,4-Dichlorobenzene",-3.5580000000000003,1,147.00400000000002,0,1,0,0.0,-3.27,Clc1ccc(Cl)cc1,22.330097087378643,Zaraaa{Z}aar
3-Ethanoyloxymethylphenytoin,-2.7230000000000003,1,324.33600000000007,1,3,4,75.71,-4.47,O=C1N(COC(=O)C)C(=O)C(N1)(c2ccccc2)c3ccccc3,82.74193548387096,B~ArD{ABA{~B}A}A{~B}A{Dr}{asaaaaas}ataaaaat
"Sparsomycin (3,8mg/ml)",-1.57,1,361.4450000000001,4,1,8,132.11999999999998,-1.981,CSCS(=O)CC(CO)NC(=O)C=Cc1c(C)[nH]c(=O)[nH]c1=O,6.9702602230483235,AEAE{~B}AA{AB}DA{~B}A~Aara{A}{dH}a{~B}{dH}ar~B
3-methylindole,-2.9810000000000003,1,131.17799999999997,1,2,0,15.79,-2.42,Cc1c[nH]c2ccccc12 ,38.83495145631068,Aara{dH}asaaaaars 
2-methoxypteridine,-1.589,1,162.152,0,2,1,60.790000000000006,-1.11,COc2ncc1nccnc1n2,61.05633802816901,ABasdaardaadards
Dioxacarb,-1.614,1,223.22799999999995,1,2,2,56.790000000000006,-1.57,CNC(=O)Oc1ccccc1C2OCCO2,14.609665427509293,ADA{~B}BaraaaaarAsBAABs
isocarbamid,-1.508,1,185.227,2,1,2,61.440000000000005,-2.15,C1N(C(=O)NCC(C)C)C(=O)NC1,3.8289962825278807,ArD{A{~B}DAA{A}A}A{~B}DAr
Acetonitrile,0.152,1,41.053,0,0,0,23.79,0.26,CC#N,70.70422535211269,AA^D
Fenoxycarb,-4.662,1,301.34200000000004,1,2,7,56.790000000000006,-4.7,CCOC(=O)NCCOc2ccc(Oc1ccccc1)cc2,59.856115107913666,AABA{~B}DAABasaaa{Baraaaaar}aas
acetyl sulfisoxazole,-2.024,1,293.34800000000007,1,2,3,89.43,-3.59,CC(=O)N(S(=O)c1ccc(N)cc1)c2onc(C)c2C ,96.93548387096774,AA{~B}D{E{~B}araaa{D}aar}asbda{A}asA 
"1,1,1,2-Tetrachloroethane",-2.794,1,167.85,0,0,0,0.0,-2.18,ClCC(Cl)(Cl)Cl,3.27137546468401,ZAA{Z}{Z}Z
1-Butanol,-0.688,1,74.12299999999999,1,0,2,20.23,0.0,CCCCO,68.87323943661971,AAAAB
Siduron,-3.779,1,232.32700000000003,2,2,2,41.13,-4.11,CC1CCCCC1NC(=O)Nc2ccccc2,88.54838709677418,AArAAAAArDA{~B}Dasaaaaas
"1,3,5-Trichlorobenzene",-4.159,1,181.449,0,1,0,0.0,-4.48,Clc1cc(Cl)cc(Cl)c1,82.5806451612903,Zaraa{Z}aa{Z}ar
Furfural,-1.391,1,96.08499999999998,0,1,1,30.21,-0.1,O=Cc1ccco1,68.16901408450704,B~Aaraaabr
3-Methylbutan-1-ol,-1.027,1,88.14999999999999,1,0,2,20.23,-0.51,CC(C)CCO,65.28169014084507,AA{A}AAB
piperonal,-2.033,1,150.13299999999998,0,2,1,35.53,-1.63,O=Cc2ccc1OCOc1c2 ,13.494423791821564,B~AasaaarBABaras 
2-Methylpropene,-1.5730000000000002,1,56.108,0,0,0,0.0,-2.33,CC(=C)C,0.4832713754646804,AA{~A}A
Benzaldehyde,-1.999,1,106.12399999999997,0,1,1,17.07,-1.19,O=Cc1ccccc1,60.49295774647887,B~Aaraaaaar
"2,3-Dimethyl-1,3-Butadiene",-2.052,1,82.146,0,0,1,0.0,-2.4,CC(=C)C(=C)C,39.22330097087379,AA{~A}A{~A}A
Benfuracarb,-5.132999999999999,1,410.5360000000002,0,2,8,68.31,-4.71,CCOC(=O)CCN(SN(C)C(=O)Oc1cccc2CC(C)(C)Oc21)C(C)C,59.82733812949641,AABA{~B}AAD{ED{A}A{~B}BaraaaasAA{A}{A}Basr}A{A}A
RTI 10,-2.7710000000000004,1,226.235,0,3,0,42.43,-3.672,O2c1ccccc1N(C)C(=O)c3cccnc23 ,95.61290322580645,BsaraaaaarD{A}A{~B}ataaadast 
Fluorene ,-4.125,2,166.22299999999998,0,3,0,0.0,-5.0,C1c2ccccc2c3ccccc13,58.99280575539569,Arasaaaaasataaaaart
Methylcyclohexane ,-2.891,1,98.189,0,1,0,0.0,-3.85,CC1CCCCC1,92.74193548387096,AArAAAAAr
sulfaguanidine,-0.706,1,214.25,4,1,2,122.06,-1.99,NC(=N)NS(=O)(=O)c1ccc(N)cc1 ,6.802973977695166,DA{~D}DE{~B}{~B}araaa{D}aar 
Methylparaben,-2.441,1,152.149,1,1,1,46.53,-1.827,COC(=O)c1ccc(O)cc1,9.832713754646841,ABA{~B}araaa{B}aar
2-Methyltetrahydrofurane,-1.034,1,86.134,0,1,0,9.23,0.11,CC1CCCO1,69.64788732394366,AArAAABr
Santonin,-2.43,1,246.30599999999995,0,3,0,43.370000000000005,-3.09,CC3C2CCC1(C)C=CC(=O)C(=C1C2OC3=O)C,25.825242718446606,AAtAsAAAr{A}A~AA{~B}A{~ArAsBAt~B}A
Salicin,-0.975,1,286.28,5,2,4,119.61,-0.85,OCC2OC(Oc1ccccc1CO)C(O)C(O)C2O,62.88732394366197,BAAsBA{BaraaaaarAB}A{B}A{B}AsB
1-Iodopropane,-2.486,1,169.993,0,0,1,0.0,-2.29,CCCI,1.2267657992565029,AAAH
Ametryn,-3.43,1,227.337,2,1,5,62.73,-3.04,CCNc1nc(NC(C)C)nc(SC)n1,26.79611650485437,AADarda{DA{A}A}da{EA}dr
1-Propanol,-0.3339999999999999,1,60.096,1,0,1,20.23,0.62,CCCO,73.23943661971832,AAAB
Hydroxyprogesterone-17a,-3.876,1,330.4680000000001,1,4,1,54.37,-3.817,CC(=O)C1(O)CCC2C3CCC4=CC(=O)CCC4(C)C3CCC21C,93.27419354838709,AA{~B}Ar{B}AAAsAtAAAu~AA{~B}AAAu{A}AtAAAsrA
2-Pentanol,-0.97,1,88.14999999999999,1,0,2,20.23,-0.29,CCCC(C)O,66.83098591549296,AAAA{A}B
benzoin,-3.148,1,212.248,1,2,3,37.3,-2.85,OC(C(=O)c1ccccc1)c2ccccc2,30.485436893203875,BA{A{~B}araaaaar}asaaaaas
"2,4-Dimethylphenol",-2.6210000000000004,1,122.167,1,1,0,20.23,-1.19,Cc1ccc(O)c(C)c1,60.49295774647887,Aaraaa{B}a{A}ar
m-Chloronitrobenzene ,-2.901,1,157.55599999999998,0,1,1,43.14,-2.77,Clc1cccc(c1)N(=O)=O,32.03883495145631,Zaraaaa{ar}D{~B}~B
ampyrone,-1.192,1,203.245,1,2,1,52.95,-0.624,Cc2c(N)c(=O)n(c1ccccc1)n2C,64.47887323943662,Aasa{D}a{~B}d{araaaaar}dsA
"2,2',4,5'-PCB",-6.23,1,291.992,0,2,1,0.0,-6.57,Clc1ccc(c(Cl)c1)c2cc(Cl)ccc2Cl ,54.4748201438849,Zaraaa{a{Z}ar}asaa{Z}aaasZ 
"Hexachloro-1,3-butadiene",-4.546,1,260.762,0,0,1,0.0,-4.92,ClC(=C(Cl)C(=C(Cl)Cl)Cl)Cl,59.223021582733814,ZA{~A{Z}A{~A{Z}Z}Z}Z
Terbutryn,-3.75,1,241.364,2,1,4,62.73,-4.0,CCNc1nc(NC(C)(C)C)nc(SC)n1,90.32258064516128,AADarda{DA{A}{A}A}da{EA}dr
3-Methyl-2-pentanol,-1.308,1,102.177,1,0,3,20.23,-0.71,CCC(C)CCO,63.87323943661972,AAA{A}AAB
2-methylpteridine,-1.24,1,146.153,0,2,0,51.56,-0.12,Cc2ncc1nccnc1n2,68.02816901408451,Aasdaardaadards
Danazol,-4.557,1,337.4630000000001,1,5,0,46.260000000000005,-5.507000000000001,CC23Cc1cnoc1C=C2CCC4C3CCC5(C)C4CCC5(O)C#C,57.533812949640286,AAstAaradbarA~AsAAAuAtAAAv{A}AuAAAv{B}A^A
1-Iodobutane,-2.841,1,184.02,0,0,2,0.0,-2.96,CCCCI,28.349514563106798,AAAAH
2-Bromonapthalene,-4.434,1,207.07,0,2,0,0.0,-4.4,Brc1ccc2ccccc2c1,83.87096774193547,Xaraaasaaaaasar
"Digoxin (L1=41,8mg/mL, L2=68,2mg/mL, Z=40,1mg/mL)",-5.312,1,780.9490000000001,6,8,7,203.06,-4.081,CC1OC(CC(O)C1O)OC2C(O)CC(OC2C)OC8C(O)CC(OC7CCC3(C)C(CCC4C3CC(O)C5(C)C(CCC45O)C6=CC(=O)OC6)C7)OC8C ,89.01612903225805,AArBA{AA{B}ArB}BAsA{B}AA{BAsA}BAyA{B}AA{BAxAAAt{A}A{AAAuAtAA{B}Av{A}A{AAAuvB}Aw~AA{~B}BAw}Ax}BAyA 
Benzyltrifluoride,-3.099,1,146.111,0,1,0,0.0,-2.51,FC(F)(F)c1ccccc1,37.087378640776706,GA{G}{G}araaaaar
Dihexyl phthalate,-5.757999999999999,1,334.45600000000024,0,1,12,52.60000000000001,-6.144,CCCCCCOC(=O)c1ccccc1C(=O)OCCCCCC,55.70071942446043,AAAAAABA{~B}araaaaarA{~B}BAAAAAA
Dibenzothiophene,-4.597,2,184.263,0,3,0,0.0,-4.38,c1ccc2c(c1)sc3ccccc23,84.19354838709678,araaasa{ar}sataaaaast
"2,3',4,4'-PCB",-6.709,1,326.437,0,2,1,0.0,-7.8,Clc1ccc(c(Cl)c1)c2ccc(Cl)c(Cl)c2Cl ,50.935251798561154,Zaraaa{a{Z}ar}asaaa{Z}a{Z}asZ 
"2,2',3,3',4,4'-PCB",-7.192,1,360.88200000000006,0,2,1,0.0,-8.01,Clc1ccc(c(Cl)c1Cl)c2ccc(Cl)c(Cl)c2Cl ,50.33093525179856,Zaraaa{a{Z}arZ}asaaa{Z}a{Z}asZ 
Warfarin,-3.913,1,308.3330000000001,1,3,4,67.50999999999999,-3.893,CC(=O)CC(c1ccccc1)c3c(O)c2ccccc2oc3=O ,92.04838709677419,AA{~B}AA{araaaaar}ata{B}asaaaaasbat~B 
hydrobenzoin,-2.645,1,214.264,2,2,3,40.46,-1.93,c1ccccc1C(O)C(O)c2ccccc2,7.918215613382899,araaaaarA{B}A{B}asaaaaas
Dimethyl phthalate,-2.347,1,194.18599999999995,0,1,2,52.60000000000001,-1.66,COC(=O)c1ccccc1C(=O)OC,12.936802973977695,ABA{~B}araaaaarA{~B}BA
Ethyl octanoate,-2.962,1,172.26799999999997,0,0,7,26.3,-3.39,CCCCCCCC(=O)OCC,20.0,AAAAAAAA{~B}BAA
Diethyldisulfide,-2.364,1,122.258,0,0,3,0.0,-2.42,CCSSCC,38.83495145631068,AAEEAA
"1,2-Diethoxyethane ",-0.833,1,118.176,0,0,5,18.46,-0.77,CCOCCOCC,63.450704225352105,AABAABAA
"1,2,4,5-Tetrachlorobenzene",-4.621,1,215.894,0,1,0,0.0,-5.56,Clc1cc(Cl)c(Cl)cc1Cl,57.381294964028775,Zaraa{Z}a{Z}aarZ
p-benzidine,-2.613,1,184.242,2,2,1,52.04,-2.7,Nc1ccc(cc1)c2ccc(N)cc2,33.39805825242718,Daraaa{aar}asaaa{D}aas
1-Heptene,-2.718,1,98.189,0,0,4,0.0,-3.73,CCCCCC=C,94.6774193548387,AAAAAA~A
Ethirimol,-2.732,1,209.293,2,1,5,57.78,-3.028,CCCCc1c(C)nc(NCC)[nH]c1=O,27.02912621359223,AAAAara{A}da{DAA}{dH}ar~B
Pentobarbital,-2.312,1,226.27599999999995,2,1,4,75.27000000000001,-2.39,O=C1NC(=O)NC(=O)C1(CC)C(C)CCC,39.41747572815534,B~ArDA{~B}DA{~B}Ar{AA}A{A}AAA
o-Chloroaniline,-2.392,1,127.574,1,1,0,26.02,-1.52,Nc1ccccc1Cl,15.539033457249069,DaraaaaarZ
3-Chloroanisole,-3.057,1,142.58499999999998,0,1,1,9.23,-2.78,COc1cccc(Cl)c1,31.84466019417476,ABaraaaa{Z}ar
Pebulate,-3.131,1,203.351,0,0,6,20.31,-3.53,CCCCN(CC)C(=O)SCCC,97.90322580645162,AAAAD{AA}A{~B}EAAA
Butyl acetate,-1.111,1,102.13299999999998,0,0,4,26.3,-1.37,CCCCOC=O,18.3271375464684,AAAABA~B
Prednisolone,-2.974,1,360.4500000000002,3,4,2,94.83,-3.18,CC12CC(O)C3C(CCC4=CC(=O)C=CC34C)C2CCC1(O)C(=O)CO,24.077669902912618,AArsAA{B}AtA{AAAu~AA{~B}A~AAtuA}AsAAAr{B}A{~B}AB
Bromodichloromethane,-2.176,1,163.82899999999998,0,0,0,0.0,-1.54,BrC(Cl)Cl,15.167286245353159,XA{Z}Z
adrenosterone,-2.99,1,300.3980000000001,0,4,0,51.21,-3.48,CC34CC(=O)C1C(CCC2=CC(=O)CCC12C)C3CCC4(=O) ,98.70967741935483,AAtuAA{~B}ArA{AAAs~AA{~B}AAArsA}AtAAAu{~B} 
p-terphenyl,-5.7410000000000005,2,230.31,0,3,2,0.0,-7.11,c1ccc(cc1)c2ccc(cc2)c3ccccc3,52.92086330935252,araaa{aar}asaaa{aas}ataaaaat
p-Hydroxybenzaldehyde ,-2.003,1,122.12299999999998,1,1,1,37.3,-0.96,Oc1ccc(C=O)cc1,62.11267605633803,Baraaa{A~B}aar
Bromomethane,-1.109,1,94.939,0,0,0,0.0,-0.79,CBr,63.30985915492958,AX
Perfluidone,-4.945,1,379.381,1,2,4,80.31,-3.8,Cc1cc(ccc1NS(=O)(=O)C(F)(F)F)S(=O)(=O)c2ccccc2,93.5483870967742,Aaraa{aaarDE{~B}{~B}A{G}{G}G}E{~B}{~B}asaaaaas
Coumachlor,-4.553999999999999,1,342.7780000000001,1,3,4,67.50999999999999,-5.839,CC(=O)CC(c1ccc(Cl)cc1)c2c(O)c3ccccc3oc2=O,56.57841726618705,AA{~B}AA{araaa{Z}aar}asa{B}ataaaaatbas~B
2-Ethylnaphthalene,-4.1,1,156.22799999999998,0,2,1,0.0,-4.29,CCc1ccc2ccccc2c1,85.64516129032258,AAaraaasaaaaasar
5-methylcytosine,-0.257,1,125.131,2,1,0,71.77000000000001,-1.4580000000000002,Nc1c(C)c[nH]c(=O)n1 ,16.69144981412639,Dara{A}a{dH}a{~B}dr 
"2,3,4,5,6-PCB",-6.785,1,326.437,0,2,1,0.0,-7.92,Clc2c(Cl)c(Cl)c(c1ccccc1)c(Cl)c2Cl ,50.589928057553955,Zasa{Z}a{Z}a{araaaaar}a{Z}asZ 
benodanil,-4.245,1,323.133,1,2,2,29.1,-4.21,c1c(NC(=O)c2ccccc2(I))cccc1,86.93548387096774,ara{DA{~B}asaaaaas{H}}aaaar
Riboflavin,-1.865,1,376.36900000000014,5,3,5,161.56,-3.685,Cc3cc2nc1c(=O)[nH]c(=O)nc1n(CC(O)C(O)C(O)CO)c2cc3C,95.4032258064516,Aataasdara{~B}{dH}a{~B}dard{AA{B}A{B}A{B}AB}asaatA
o-Fluorobromobenzene,-3.467,1,175.0,0,1,0,0.0,-2.7,Fc1ccccc1Br,33.39805825242718,GaraaaaarX
"2,4-Dichlorophenol ",-3.22,1,163.003,1,1,0,20.23,-1.55,Oc1ccc(Cl)cc1Cl,14.981412639405203,Baraaa{Z}aarZ
Permethrin,-7.129,1,391.2940000000001,0,3,6,35.53,-6.291,CC1(C)C(C=C(Cl)Cl)C1C(=O)OCc2cccc(Oc3ccccc3)c2,55.27769784172663,AAr{A}A{A~A{Z}Z}ArA{~B}BAasaaaa{Bataaaaat}as
piroxicam,-3.4730000000000003,1,331.353,2,3,2,99.6,-4.16,CN2C(=C(O)c1ccccc1S2(=O)=O)C(=O)Nc3ccccn3 ,87.74193548387096,ADsA{~A{B}araaaaarEs{~B}~B}A{~B}Dataaaadt 
3-Propanoyloxymethylphenytoin,-3.128,1,338.36300000000006,1,3,5,75.71,-4.907,O=C1N(COC(=O)CC)C(=O)C(N1)(c2ccccc2)c3ccccc3,59.26043165467626,B~ArD{ABA{~B}AA}A{~B}A{Dr}{asaaaaas}ataaaaat
Cyclopentane ,-2.0380000000000003,2,70.135,0,1,0,0.0,-2.64,C1CCCC1,34.5631067961165,ArAAAAr
o-Toluidine,-1.922,1,107.156,1,1,0,26.02,-2.21,Cc1ccccc1N,2.7137546468401474,AaraaaaarD
Estragole,-3.074,1,148.205,0,1,3,9.23,-2.92,c1(OC)ccc(CC=C)cc1,29.126213592233007,ar{BA}aaa{AA~A}aar
karbutilate,-2.655,1,279.34,2,1,2,70.67,-2.93,CN(C)C(=O)Nc1cccc(OC(=O)NC(C)(C)C)c1 ,28.932038834951452,AD{A}A{~B}Daraaaa{BA{~B}DA{A}{A}A}ar 
3-Methyl-1-Butene,-1.994,1,70.135,0,0,1,0.0,-2.73,CC(C)C=C,32.81553398058252,AA{A}A~A
2-Hydroxypyridine,-1.655,1,95.101,1,1,0,33.120000000000005,1.02,Oc1ccccn1,76.05633802816902,Baraaaadr
Ethane,-1.132,1,30.07,0,0,0,0.0,-1.36,CC,18.513011152416354,AA
"1,2-Dichlorobenzene",-3.482,1,147.00399999999996,0,1,0,0.0,-3.05,Clc1ccccc1Cl,26.601941747572823,ZaraaaaarZ
mercaptobenzothiazole,-3.411,1,167.25799999999998,1,2,0,12.89,-3.18,Sc2nc1ccccc1s2 ,24.077669902912618,Easdaraaaaarss 
"2,2',3,3',4,4',5,5',6,6'-PCB",-9.589,1,498.66200000000026,0,2,1,0.0,-11.6,Clc1c(Cl)c(Cl)c(c(Cl)c1Cl)c2c(Cl)c(Cl)c(Cl)c(Cl)c2Cl ,40.0,Zara{Z}a{Z}a{a{Z}arZ}asa{Z}a{Z}a{Z}a{Z}asZ 
Methoxsalen,-3.25,1,216.19199999999995,0,3,1,52.58,-3.664,COc2c1occc1cc3ccc(=O)oc23 ,95.74193548387096,ABasarbaaaraataaa{~B}bast 
Acetamide,0.494,1,59.068,1,0,0,43.09,1.58,CC(=O)N,80.0,AA{~B}D
1-Methylnaphthalene,-3.802,1,142.201,0,2,0,0.0,-3.7,Cc1cccc2ccccc12,95.16129032258064,Aaraaaasaaaaars
Napropamide,-4.088,1,271.36,0,2,5,29.540000000000003,-3.57,CCN(CC)C(=O)C(C)Oc1cccc2ccccc12 ,97.25806451612904,AAD{AA}A{~B}A{A}Baraaaasaaaaars 
"3,3-Dimethyl-2-butanol",-1.2919999999999998,1,102.177,1,0,0,20.23,-0.62,CC(O)C(C)(C)C,64.50704225352113,AA{B}A{A}{A}A
Methyl pentanoate,-1.545,1,116.15999999999998,0,0,3,26.3,-1.36,CCCC(=O)OCC,18.513011152416354,AAAA{~B}BAA
Menadione,-2.667,1,172.18299999999996,0,2,0,34.14,-3.03,CC2=CC(=O)c1ccccc1C2=O ,26.99029126213593,AAs~AA{~B}araaaaarAs~B 
Phenanthrene,-4.518,2,178.23399999999998,0,3,0,0.0,-5.26,c1ccc2c(c1)ccc3ccccc32,58.24460431654677,araaasa{ar}aaataaaaats
"2,4-Dimethylpyridine",-2.0980000000000003,1,107.156,0,1,0,12.89,0.38,Cc1ccnc(C)c1,71.54929577464789,Aaraada{A}ar
1-Nonanol,-2.46,1,144.258,1,0,7,20.23,-3.01,CCCCCCCCCO,27.378640776699037,AAAAAAAAAB
Dibromomethane,-1.883,1,173.83499999999998,0,0,0,0.0,-1.17,BrCBr,60.63380281690141,XAX
Dexamethasone,-3.4,1,392.4670000000002,3,4,2,94.83,-3.59,CC1CC2C3CCC4=CC(=O)C=CC4(C)C3(F)C(O)CC2(C)C1(O)C(=O)CO,96.93548387096774,AArAAsAtAAAu~AA{~B}A~AAu{A}At{G}A{B}AAs{A}Ar{B}A{~B}AB
"2,6-Dimethylnaphthalene ",-4.147,1,156.228,0,2,0,0.0,-4.89,Cc1ccc2cc(C)ccc2c1,59.309352517985616,Aaraaasaa{A}aaasar
Butylate,-3.4530000000000003,1,217.378,0,0,5,20.31,-3.68,CCSC(=O)N(CC(C)C)CC(C)C,95.48387096774192,AAEA{~B}D{AA{A}A}AA{A}A
nitroglycerin,-2.029,1,227.085,0,0,8,157.11,-2.22,O=N(=O)OCC(CON(=O)=O)ON(=O)=O ,2.5278810408921872,B~D{~B}BAA{ABD{~B}~B}BD{~B}~B 
m-Nitroaniline,-1.936,1,138.126,1,1,1,69.16,-2.19,Nc1cccc(c1)N(=O)=O,3.085501858736058,Daraaaa{ar}D{~B}~B
1-Chlorobutane,-1.94,1,92.569,0,0,2,0.0,-2.03,CCCCCl,6.059479553903348,AAAAZ
triforine,-3.715,1,430.9340000000001,2,1,6,64.68,-4.19,ClC(Cl)(Cl)C(NC=O)N1C=CN(C=C1)C(NC=O)C(Cl)(Cl)Cl ,87.25806451612902,ZA{Z}{Z}A{DA~B}DrA~AD{A~Ar}A{DA~B}A{Z}{Z}Z 
Fluridone,-4.249,1,329.321,0,3,2,22.0,-4.445,Cn2cc(c1ccccc1)c(=O)c(c2)c3cccc(c3)C(F)(F)F,83.14516129032258,Adsaa{araaaaar}a{~B}a{as}ataaaa{at}A{G}{G}G
6-aminochrysene,-4.849,1,243.309,1,4,0,26.02,-6.2,Nc3cc2c1ccccc1ccc2c4ccccc34 ,55.539568345323744,Dataasaraaaaaraaasauaaaaatu 
Estrone,-3.872,1,270.372,1,4,0,37.3,-3.955,CC12CCC3C(CCc4cc(O)ccc34)C2CCC1=O,91.04838709677419,AArsAAAtA{AAauaa{B}aaatu}AsAAAr~B
RTI 17,-4.227,1,269.373,0,3,1,19.37,-4.706,CCN2c1ccccc1N(C)C(=S)c3cccnc23 ,59.838848920863306,AADsaraaaaarD{A}A{~E}ataaadast 
"1,2-Propylene oxide",-0.358,1,58.08,0,1,0,12.53,-0.59,CC1CO1,64.71830985915493,AArABr
Nitrazepam,-3.4730000000000003,1,281.271,1,3,2,84.6,-3.796,O=C3CN=C(c1ccccc1)c2cc(ccc2N3)N(=O)=O,93.61290322580645,B~AtAD~A{araaaaar}asaa{aaasDt}D{~B}~B
"1,3-diethylthiourea",-1.028,1,132.232,2,0,2,24.06,-1.46,CCNC(=S)NCC,16.654275092936803,AADA{~E}DAA
"2,3,5-Trichlorophenol",-3.78,1,197.448,1,1,0,20.23,-2.67,Oc1cc(Cl)cc(Cl)c1Cl,33.980582524271846,Baraa{Z}aa{Z}arZ
Propyl propanoate,-1.545,1,116.15999999999998,0,0,3,26.3,-1.34,CCCCC(=O)OC,18.884758364312265,AAAAA{~B}BA
Aniline ,-1.632,1,93.129,1,1,0,26.02,-0.41,Nc1ccccc1,65.98591549295774,Daraaaaar
"1,5-Dimethlnapthalene",-4.147,1,156.228,0,2,0,0.0,-4.678999999999999,Cc1cccc2c(C)cccc12,59.91654676258993,Aaraaaasa{A}aaaars
hydrochlorothiazide,-1.72,1,297.745,3,2,1,118.36,-2.63,NS(=O)(=O)c2cc1c(NCNS1(=O)=O)cc2Cl ,34.75728155339806,DE{~B}{~B}asaara{DADEr{~B}~B}aasZ 
Acenapthylene,-3.682,2,152.19599999999994,0,3,0,0.0,-3.96,C1=Cc2cccc3cccc1c23,90.96774193548386,Ar~Aasaaaataaaarast
Ethyl butyrate,-2.254,1,144.21399999999997,0,0,5,26.3,-1.28,CCCCCOC(=O)CC,20.0,AAAAABA{~B}AA
Atratone,-3.185,1,211.269,2,1,5,71.96000000000001,-2.084,CCNc1nc(NC(C)C)nc(OC)n1,5.055762081784384,AADarda{DA{A}A}da{BA}dr
Benzo(a)pyrene,-6.007000000000001,2,252.316,0,5,0,0.0,-8.699,c1ccc2c(c1)cc3ccc4cccc5ccc2c3c45,48.34820143884892,araaasa{ar}aataaauaaaavaaasatauv
Bromoethane,-1.529,1,108.966,0,0,0,0.0,-1.09,CCBr,61.197183098591545,AAX
3-Hexyne,-1.933,1,82.14599999999999,0,0,0,0.0,-1.99,CCC#CCC,6.802973977695166,AAA^AAA
Digitoxin,-6.114,1,764.9499999999999,5,8,7,182.83,-5.292999999999999,CC1OC(CC(O)C1O)OC2C(O)CC(OC2C)OC8C(O)CC(OC7CCC3(C)C(CCC4C3CCC5(C)C(CCC45O)C6=CC(=O)OC6)C7)OC8C ,58.149640287769785,AArBA{AA{B}ArB}BAsA{B}AA{BAsA}BAyA{B}AA{BAxAAAt{A}A{AAAuAtAAAv{A}A{AAAuvB}Aw~AA{~B}BAw}Ax}BAyA 
2-Methyl-1-Butene,-1.994,1,70.13499999999999,0,0,1,0.0,-2.73,CCC(=C)C,32.81553398058252,AAA{~A}A
8-quinolinol,-2.725,1,145.16099999999997,1,2,0,33.120000000000005,-2.42,Oc1cccc2cccnc12 ,38.83495145631068,Baraaaasaaadars 
"1,2,3,4-Tetrahydronapthalene",-3.447,2,132.20599999999996,0,2,0,0.0,-4.37,C1CCc2ccccc2C1,84.35483870967741,ArAAasaaaaasAr
phenolphthalein,-4.59,1,318.32800000000003,2,4,2,66.76,-2.9,Oc1ccc(cc1)C2(OC(=O)c3ccccc23)c4ccc(O)cc4 ,29.514563106796114,Baraaa{aar}As{BA{~B}ataaaaast}auaaa{B}aau 
"1,3,5-Tribromobenzene",-5.27,1,314.802,0,1,0,0.0,-5.6,Brc1cc(Br)cc(Br)c1,57.266187050359704,Xaraa{X}aa{X}ar
Ronnel,-5.247000000000001,1,321.549,0,1,4,27.69,-5.72,COP(=S)(OC)Oc1cc(Cl)c(Cl)cc1Cl,56.92086330935252,ABK{~E}{BA}Baraa{Z}a{Z}aarZ
methylthiouracil,-0.547,1,142.18300000000002,2,1,0,48.65,-2.436,Cc1cc(=O)[nH]c(=S)[nH]1,38.5242718446602,Aaraa{~B}{dH}a{~E}{dH}r
Eugenol,-2.675,1,164.204,1,1,3,29.46,-1.56,COc1cc(CC=C)ccc1O,14.795539033457247,ABaraa{AA~A}aaarB
5-Allyl-5-isopropylbarbital,-1.706,1,210.233,2,1,3,75.27000000000001,-1.7080000000000002,O=C1NC(=O)NC(=O)C1(C(C)C)CC=C,12.044609665427505,B~ArDA{~B}DA{~B}Ar{A{A}A}AA~A
Pyrene,-4.957,2,202.256,0,4,0,0.0,-6.176,c1cc2ccc3cccc4ccc(c1)c2c34,55.608633093525185,araasaaataaaauaaa{ar}asatu
"1,1-Diethoxyethane ",-0.899,1,118.176,0,0,4,18.46,-0.43,CCOC(C)OCC,65.84507042253522,AABA{A}BAA
Clomazone,-3.077,1,239.702,0,2,2,29.54,-2.338,CC1(C)CON(Cc2ccccc2Cl)C1=O,0.33457249070631595,AAr{A}ABD{AasaaaaasZ}Ar~B
2-Butoxyethanol,-0.775,1,118.176,1,0,5,29.46,-0.42,CCCCOCCO,65.91549295774648,AAAABAAB
Quintozene,-5.098,1,295.336,0,1,1,43.14,-5.82,Clc1c(Cl)c(Cl)c(N(=O)=O)c(Cl)c1Cl,56.63309352517986,Zara{Z}a{Z}a{D{~B}~B}a{Z}arZ
Androsterone,-3.882,1,290.447,1,4,0,37.3,-4.402,CC12CCC(O)CC1CCC3C2CCC4(C)C3CCC4=O,83.83870967741935,AArsAAA{B}AArAAAtAsAAAu{A}AtAAAu~B
Flurochloridone,-4.749,1,312.118,0,2,2,20.31,-4.047,FC(F)(F)c1cccc(c1)N2CC(CCl)C(Cl)C2=O,89.56451612903227,GA{G}{G}araaaa{ar}DsAA{AZ}A{Z}As~B
Quinoline,-2.6630000000000003,2,129.16199999999998,0,2,0,12.89,-1.3,c1ccc2ncccc2c1,19.62825278810409,araaasdaaaasar
methyl gallate,-1.913,1,184.147,3,1,1,86.99000000000001,-1.24,COC(=O)c1cc(O)c(O)c(O)c1 ,60.14084507042254,ABA{~B}araa{B}a{B}a{B}ar 
fluconazole,-2.418,1,306.276,1,3,5,81.64999999999999,-1.8,OC(Cn1cncn1)(Cn2cncn2)c3ccc(F)cc3F ,10.334572490706318,BA{Adradadr}{Adsadads}ataaa{G}aatG 
Chlorzoxazone,-2.679,1,169.567,1,2,0,46.0,-2.8310000000000004,Clc2ccc1oc(=O)[nH]c1c2,30.854368932038827,Zasaaarba{~B}{dH}aras
"2,2',3,4,4',5',6-PCB",-7.898,1,395.3270000000001,0,2,1,0.0,-7.92,Clc1ccc(c(Cl)c1)c2c(Cl)c(Cl)c(Cl)c(Cl)c2Cl,50.589928057553955,Zaraaa{a{Z}ar}asa{Z}a{Z}a{Z}a{Z}asZ
alloxan,0.436,1,142.07,2,1,0,92.34,-1.25,O=C1NC(=O)C(=O)C(=O)N1 ,60.070422535211264,B~ArDA{~B}A{~B}A{~B}Dr 
"1,3-Dichloropropane",-1.618,1,112.987,0,0,2,0.0,-1.62,ClCCCCl,13.680297397769515,ZAAAZ
m-Fluorobromobenzene,-3.467,1,175.0,0,1,0,0.0,-2.67,Fc1cccc(Br)c1,33.980582524271846,Garaaaa{X}ar
p-Chlorobromobenzene,-3.928,1,191.455,0,1,0,0.0,-3.63,Clc1ccc(Br)cc1,96.29032258064515,Zaraaa{X}aar
"2,3-Dimethylbutane",-2.584,1,86.178,0,0,1,0.0,-3.65,CC(C)C(C)C,95.96774193548387,AA{A}A{A}A
1-Butene,-1.655,1,56.108,0,0,1,0.0,-1.94,CCC=C,7.732342007434943,AAA~A
"2,2',3,4,5,5'-PCB",-7.343,1,360.88200000000006,0,2,1,0.0,-7.68,Clc1ccc(Cl)c(c1)c2cc(Cl)c(Cl)c(Cl)c2Cl,51.28057553956834,Zaraaa{Z}a{ar}asaa{Z}a{Z}a{Z}asZ
cytosine,0.051,1,111.104,2,1,0,71.77000000000001,-1.155,Nc1cc[nH]c(=O)n1 ,60.73943661971831,Daraa{dH}a{~B}dr 
"1,1,2-Trichlorotrifluoroethane",-3.077,1,187.37500000000003,0,0,1,0.0,-3.04,FC(F)(Cl)C(F)(Cl)Cl,26.79611650485437,GA{G}{Z}A{G}{Z}Z
Propionitrile,-0.2689999999999999,1,55.07999999999999,0,0,0,23.79,0.28,CCC#N,70.8450704225352,AAA^D
"O,P'-DDD",-6.007999999999999,1,320.04600000000005,0,2,3,0.0,-6.51,ClC(Cl)C(c1ccc(Cl)cc1)c2ccccc2Cl ,54.647482014388494,ZA{Z}A{araaa{Z}aar}asaaaaasZ 
o-Nitroanisole,-2.346,1,153.13699999999997,0,1,2,52.37,-1.96,COc1ccccc1N(=O)=O,7.360594795539033,ABaraaaaarD{~B}~B
Prasterone,-3.564,1,288.43100000000004,1,4,0,37.3,-4.12,CC34CCC1C(CC=C2CC(O)CCC12C)C3CCC4=O,88.38709677419354,AAtuAAArA{AA~AsAA{B}AAArsA}AtAAAu~B
Procymidone,-3.464,1,284.142,0,3,1,37.38,-4.8,CC12CC2(C)C(=O)N(C1=O)c3cc(Cl)cc(Cl)c3,59.56834532374101,AArsAAs{A}A{~B}D{Ar~B}ataa{Z}aa{Z}at
Benzo[ghi]perylene,-6.446000000000001,2,276.338,0,6,0,0.0,-9.018,c1cc2ccc3ccc4ccc5cccc6c(c1)c2c3c4c56,47.43021582733813,araasaaataaauaaavaaaawa{ar}asatauavw
Dinoseb,-3.715,1,240.21499999999995,1,1,4,106.51000000000002,-3.38,CCC(C)c1cc(cc(N(=O)=O)c1O)N(=O)=O ,20.19417475728156,AAA{A}araa{aa{D{~B}~B}arB}D{~B}~B 
meconin,-0.825,1,196.202,0,2,2,44.760000000000005,-1.899,c1c(OC)c(OC)C2C(=O)OCC2c1,8.494423791821559,ara{BA}a{BA}AsA{~B}BAAsar
Glycerol,0.688,1,92.094,3,0,2,60.69,1.12,OCC(O)CO,76.76056338028168,BAA{B}AB
Guaiacol,-1.941,1,124.13899999999995,1,1,1,29.46,-1.96,COc1ccccc1O ,7.360594795539033,ABaraaaaarB 
chlorpyrifos,-4.972,1,350.591,0,1,6,40.58,-5.67,CCOP(=S)(OCC)Oc1nc(Cl)c(Cl)cc1Cl ,57.06474820143885,AABK{~E}{BAA}Barda{Z}a{Z}aarZ 
9-Methylanthracene,-4.87,1,192.261,0,3,0,0.0,-5.89,Cc1c2ccccc2cc3ccccc13,56.431654676258994,Aarasaaaaasaataaaaart
Antipyrene,-1.733,1,188.23,0,2,1,26.93,0.715,Cc1cc(=O)n(c2ccccc2)n1C,73.90845070422534,Aaraa{~B}d{asaaaaas}drA
Methyl butyl ether ,-1.072,1,88.14999999999999,0,0,3,9.23,-0.99,CCCCOC,61.90140845070423,AAAABA
7-methylpteridine,-1.24,1,146.153,0,2,0,51.56,-0.8540000000000001,Cc2cnc1cncnc1n2,62.859154929577464,Aasadaradadards
simazine,-2.8110000000000004,1,201.661,2,1,4,62.73,-4.55,CCNc1nc(Cl)nc(NCC)n1 ,81.4516129032258,AADarda{Z}da{DAA}dr 
"N,N-Dimethylacetamide",0.123,1,87.12199999999999,0,0,0,20.31,1.11,CN(C)C(=O)C,76.69014084507042,AD{A}A{~B}A
Simetryn,-2.689,1,213.31,0,1,3,45.150000000000006,-2.676,CSc1nc(nc(n1)N(C)C)N(C)C,33.86407766990291,AEarda{da{dr}D{A}A}D{A}A
Ethylene,-0.815,1,28.053999999999995,0,0,0,0.0,-0.4,C=C,66.05633802816901,A~A
"3,3-Dimethyl-1-butanol",-1.365,1,102.177,1,0,1,20.23,-0.5,CC(C)(C)CCO,65.35211267605634,AA{A}{A}AAB
5-Allyl-5-ethylbarbital,-1.368,1,196.206,2,1,3,75.27000000000001,-1.614,O=C1NC(=O)NC(=O)C1(CC)CC=C,13.791821561338285,B~ArDA{~B}DA{~B}Ar{AA}AA~A
"2,3,4-Trichlorophenol",-3.705,1,197.448,1,1,0,20.23,-2.67,Oc1ccc(Cl)c(Cl)c1Cl,33.980582524271846,Baraaa{Z}a{Z}arZ
Anisole,-2.3680000000000003,1,108.13999999999996,0,1,1,9.23,-1.85,COc1ccccc1,9.40520446096654,ABaraaaaar
chloropropylate,-5.093,1,339.21800000000013,1,2,4,46.53,-4.53,c1ccc(Cl)cc1C(c2ccc(Cl)cc2)(O)C(=O)OC(C)C,81.77419354838709,araaa{Z}aarA{asaaa{Z}aas}{B}A{~B}BA{A}A
aldosterone,-3.0660000000000003,1,360.4500000000001,2,4,3,91.67000000000002,-3.85,CC13CCC(=O)C=C1CCC4C2CCC(C(=O)CO)C2(CC(O)C34)C=O ,92.74193548387096,AArtAAA{~B}A~ArAAAuAsAAA{A{~B}AB}As{AA{B}Atu}A~B 
Difenoxuron,-3.928,1,286.331,1,2,4,50.8,-4.16,COc2ccc(Oc1ccc(NC(=O)N(C)C)cc1)cc2,87.74193548387096,ABasaaa{Baraaa{DA{~B}D{A}A}aar}aas
4-Ethyltoluene,-3.3280000000000003,1,120.19499999999996,0,1,1,0.0,-3.11,CCc1ccc(C)cc1,25.4368932038835,AAaraaa{A}aar
Diisopropylsulfide,-2.162,1,118.245,0,0,2,0.0,-2.24,CC(C)SC(C)C,2.1561338289962766,AA{A}EA{A}A
"1,3-Dinitrobenzene",-2.281,1,168.10799999999995,0,1,2,86.28,-2.29,O=N(=O)c1cccc(c1)N(=O)=O,1.2267657992565029,B~D{~B}araaaa{ar}D{~B}~B
Ethion,-5.471,1,384.4870000000002,0,0,12,36.92,-5.54,CCOP(=S)(OCC)SCSP(=S)(OCC)OCC,57.438848920863315,AABK{~E}{BAA}EAEK{~E}{BAA}BAA
probarbital,-1.6030000000000002,1,198.222,2,1,2,75.27000000000001,-2.21,CCC1(C(C)C)C(=O)NC(=O)NC1=O ,2.7137546468401474,AAAr{A{A}A}A{~B}DA{~B}DAr~B 
cortisone acetate,-3.426,1,402.48700000000025,1,4,3,97.74,-4.21,CC(=O)OCC(=O)C3(O)CCC4C2CCC1=CC(=O)CCC1(C)C2C(=O)CC34C ,86.93548387096774,AA{~B}BAA{~B}At{B}AAAuAsAAAr~AA{~B}AAAr{A}AsA{~B}AAtuA 
Metronidazole,-0.8590000000000001,1,171.15599999999998,1,1,3,81.19,-1.22,Cc1ncc(N(=O)=O)n1CCO,60.281690140845065,Aardaa{D{~B}~B}drAAB
p-Chloroaniline,-2.392,1,127.574,1,1,0,26.02,-1.66,Nc1ccc(Cl)cc1,12.936802973977695,Daraaa{Z}aar
"2,2-Dimethylpentanol",-1.719,1,116.20399999999998,1,0,3,20.23,-1.52,CCCC(C)(C)CO,15.539033457249069,AAAA{A}{A}AB
Furane,-1.837,2,68.07499999999999,0,1,0,13.14,-0.82,c1ccoc1,63.098591549295776,araabar
Methoproptryne,-3.259,1,271.39,2,1,8,71.96000000000001,-2.928,COCCCNc1nc(NC(C)C)nc(SC)n1,28.97087378640777,ABAAADarda{DA{A}A}da{EA}dr
Norea,-2.47,1,222.33199999999997,1,3,1,32.34,-3.1710000000000003,CN(C)C(=O)NC1CC2CC1C3CCCC23,24.252427184466015,AD{A}A{~B}DArAAsAArAtAAAAst
t-Butylbenzene ,-3.554,1,134.22199999999998,0,1,0,0.0,-3.66,CC(C)(C)c1ccccc1,95.80645161290322,AA{A}{A}araaaaar
kebuzone,-2.645,1,322.36400000000003,0,3,5,57.690000000000005,-3.27,CC(=O)CCC1C(=O)N(N(C1=O)c2ccccc2)c3ccccc3,22.330097087378643,AA{~B}AAArA{~B}D{D{Ar~B}asaaaaas}ataaaaat
prednisolone acetate,-3.507,1,402.48700000000014,2,4,3,100.90000000000002,-4.37,CC(=O)OCC(=O)C3(O)CCC4C2CCC1=CC(=O)C=CC1(C)C2C(O)CC34C ,84.35483870967741,AA{~B}BAA{~B}At{B}AAAuAsAAAr~AA{~B}A~AAr{A}AsA{B}AAtuA 
Methyl propyl ether ,-0.718,1,74.12299999999999,0,0,2,9.23,-0.39,CCCOC,66.12676056338029,AAABA
Isopropyl acetate,-1.1909999999999998,1,102.133,0,0,1,26.3,-0.55,CC(C)OC(=O)C,65.0,AA{A}BA{~B}A
Bromobenzene,-3.345,1,157.01,0,1,0,0.0,-2.55,Brc1ccccc1,36.310679611650485,Xaraaaaar
Ethyl-p-hydroxybenzoate ,-2.761,1,166.176,1,1,2,46.53,-2.35,CCOC(=O)c1ccc(O)cc1,0.11152416356876922,AABA{~B}araaa{B}aar
3-Butanoyloxymethylphenytoin,-3.469,1,352.39000000000004,1,3,6,75.71,-5.071000000000001,O=C1N(COC(=O)CCC)C(=O)C(N1)(c2ccccc2)c3ccccc3,58.78848920863309,B~ArD{ABA{~B}AAA}A{~B}A{Dr}{asaaaaas}ataaaaat
testosterone propionate,-4.87,1,344.4950000000001,0,4,2,43.370000000000005,-5.37,CCC(=O)OC3CCC4C2CCC1=CC(=O)CCC1(C)C2CCC34C ,57.92805755395683,AAA{~B}BAtAAAuAsAAAr~AA{~B}AAAr{A}AsAAAtuA 
Coronene,-6.885,2,300.36000000000007,0,7,0,0.0,-9.332,c1cc2ccc3ccc4ccc5ccc6ccc1c7c2c3c4c5c67,46.526618705035965,araasaaataaauaaavaaawaaaraxasatauavawx
allopurinol,-0.84,1,136.114,2,2,0,74.43,-2.266,O=c1[nH]cnc2[nH]ncc12 ,1.6728624535315963,B~ar{dH}adas{dH}daars 
Chloroethylene,-1.188,1,62.499,0,0,0,0.0,-1.75,ClC=C,11.263940520446097,ZA~A
diphenamid,-3.147,1,239.318,0,2,3,20.31,-2.98,CN(C)C(=O)C(c1ccccc1)c2ccccc2 ,27.96116504854369,AD{A}A{~B}A{araaaaar}asaaaaas 
Tetrabromomethane,-4.063,1,331.62699999999995,0,0,0,0.0,-3.14,BrC(Br)(Br)Br,24.854368932038835,XA{X}{X}X
RTI 22,-4.408,1,296.374,1,3,2,48.47,-4.871,CCN2c1cc(N(C)C)cc(C)c1NC(=O)c3cccnc23 ,59.364028776978415,AADsaraa{D{A}A}aa{A}arDA{~B}ataaadast 
phthalimide,-1.882,1,147.13299999999998,1,2,0,46.17,-2.61,O=C1NC(=O)c2ccccc12 ,35.14563106796117,B~ArDA{~B}asaaaaars 
Fenarimol,-4.1080000000000005,1,331.202,1,3,3,46.010000000000005,-4.38,OC(c1ccc(Cl)cc1)(c2cncnc2)c3ccccc3Cl,84.19354838709678,BA{araaa{Z}aar}{asadadas}ataaaaatZ
Methyl benzoate ,-2.462,1,136.14999999999998,0,1,1,26.3,-1.85,COC(=O)c1ccccc1,9.40520446096654,ABA{~B}araaaaar
1-methyluracil,-0.375,1,126.115,1,1,0,54.86,-0.807,Cn1ccc(=O)[nH]c1=O,63.19014084507042,Adraaa{~B}{dH}ar~B
oxyphenbutazone,-3.739,1,324.38000000000005,1,3,5,60.85000000000001,-3.73,CCCCC1C(=O)N(N(C1=O)c2ccc(O)cc2)c3ccccc3 ,94.6774193548387,AAAAArA{~B}D{D{Ar~B}asaaa{B}aas}ataaaaat 
"2,2',3,5'-PCB",-6.155,1,291.9920000000001,0,2,1,0.0,-6.47,Clc1ccc(Cl)c(c1)c2cccc(Cl)c2Cl ,54.76258992805756,Zaraaa{Z}a{ar}asaaaa{Z}asZ 
Quinethazone,-2.184,1,289.7440000000001,3,2,2,101.29,-3.29,CCC2NC(=O)c1cc(c(Cl)cc1N2)S(N)(=O)=O,21.941747572815533,AAAsDA{~B}araa{a{Z}aarDs}E{D}{~B}~B
Diuron,-3.301,1,233.098,1,1,1,32.34,-3.8,CN(C)C(=O)Nc1ccc(Cl)c(Cl)c1,93.5483870967742,AD{A}A{~B}Daraaa{Z}a{Z}ar
Cyclopentene ,-1.72,2,68.11900000000001,0,1,0,0.0,-2.1,C1CC=CC1,4.758364312267655,ArAA~AAr
alloxantin,0.919,1,286.156,6,2,1,191.0,-1.99,C1(=O)NC(=O)NC(=O)C1(O)C2(O)C(=O)NC(=O)NC2(=O),6.802973977695166,Ar{~B}DA{~B}DA{~B}Ar{B}As{B}A{~B}DA{~B}DAs{~B}
Nonane,-3.678,1,128.259,0,0,6,0.0,-5.88,CCCCCCCCC,56.460431654676256,AAAAAAAAA
2-Chlorophenol,-2.553,1,128.558,1,1,0,20.23,-1.06,Oc1ccccc1Cl,61.408450704225345,BaraaaaarZ
5-Methylchrysene,-5.931,1,242.321,0,4,0,0.0,-6.59,c1cccc2c3c(C)cc4ccccc4c3ccc12,54.41726618705036,araaaasata{A}aauaaaaauataaars
Phenetole,-2.66,1,122.16699999999996,0,1,2,9.23,-2.33,CCOc1ccccc1,0.4832713754646804,AABaraaaaar
ethyl cinnamate,-3.0980000000000003,1,176.215,0,1,3,26.3,-3.0,CCOC(=O)C=Cc1ccccc1,27.57281553398058,AABA{~B}A~Aaraaaaar
Terbacil,-3.033,1,216.668,1,1,0,54.86,-2.484,Cc1[nH]c(=O)n(c(=O)c1Cl)C(C)(C)C,37.592233009708735,Aar{dH}a{~B}d{a{~B}arZ}A{A}{A}A
Clonazepam,-3.707,1,315.716,1,3,2,84.6,-3.499,Clc1ccccc1C2=NCC(=O)Nc3ccc(cc23)N(=O)=O,98.40322580645162,ZaraaaaarAs~DAA{~B}Dataaa{aast}D{~B}~B
p-Toluenesulfonamide ,-1.815,1,171.22099999999998,1,1,1,60.16,-1.74,Cc1ccc(cc1)S(=O)(=O)N,11.44981412639405,Aaraaa{aar}E{~B}{~B}D
Chlorbufam,-3.629,1,223.659,1,1,2,38.33,-2.617,CC(OC(=O)Nc1cccc(Cl)c1)C#C,35.009708737864074,AA{BA{~B}Daraaaa{Z}ar}A^A
2-Methylheptane,-3.3080000000000003,1,114.232,0,0,4,0.0,-5.08,CCCCCC(C)C,58.762589928057565,AAAAAA{A}A
Cyhalothrin,-6.905,1,449.8560000000001,0,3,6,59.32000000000001,-8.176,CC1(C)C(C=C(Cl)C(F)(F)F)C1C(=O)OC(C#N)c2cccc(Oc3ccccc3)c2,49.85323741007194,AAr{A}A{A~A{Z}A{G}{G}G}ArA{~B}BA{A^D}asaaaa{Bataaaaat}as
Apazone,-2.9,1,300.3620000000001,0,3,2,56.220000000000006,-3.5380000000000003,CCCC1C(=O)N3N(C1=O)c2cc(C)ccc2N=C3N(C)C ,97.7741935483871,AAAArA{~B}DtD{Ar~B}asaa{A}aaasD~AtD{A}A 
Diazepam,-4.05,1,284.74600000000004,0,3,1,32.67,-3.754,CN2C(=O)CN=C(c1ccccc1)c3cc(Cl)ccc23,94.29032258064517,ADsA{~B}AD~A{araaaaar}ataa{Z}aaast
2-Methyl-3-pentanol,-1.308,1,102.177,1,0,2,20.23,-0.7,CCC(O)C(C)C,63.94366197183099,AAA{B}A{A}A
fensulfothion,-3.283,1,308.36100000000005,0,1,7,44.760000000000005,-2.3,CCOP(=S)(OCC)Oc1ccc(cc1)S(C)=O ,1.0408921933085513,AABK{~E}{BAA}Baraaa{aar}E{A}~B 
borneol,-2.423,1,154.253,1,2,0,20.23,-2.32,CC1(C)C2CCC1(C)C(O)C2,0.66914498141264,AAr{A}AsAAAr{A}A{B}As
Testosterone,-3.659,1,288.431,1,4,0,37.3,-4.02,CC12CCC3C(CCC4=CC(=O)CCC34C)C2CCC1O,90.0,AArsAAAtA{AAAu~AA{~B}AAAtuA}AsAAArB
Heptane,-2.97,1,100.205,0,0,4,0.0,-4.53,CCCCCCC,81.77419354838709,AAAAAAA
1-Napthol,-3.08,1,144.17299999999997,1,2,0,20.23,-2.22,Oc1cccc2ccccc12,2.5278810408921872,Baraaaasaaaaars
"cis-1,2-Dimethylcyclohexane",-3.305,1,112.216,0,1,0,0.0,-4.3,C/C1CCCCC1\C,85.48387096774194,ALArAAAAArRA
Trimazosin,-3.958,1,435.48100000000034,2,3,6,132.5,-3.638,COc2cc1c(N)nc(nc1c(OC)c2OC)N3CCN(CC3)C(=O)OCC(C)(C)O ,96.16129032258064,ABasaara{D}da{dara{BA}asBA}DtAAD{AAt}A{~B}BAA{A}{A}B 
Cholanthrene,-5.942,2,254.332,0,5,0,0.0,-7.85,C1Cc2c3c1cccc3cc4c2ccc5ccccc54,50.79136690647482,ArAasataraaaataauasaaavaaaaavu
Medrogestone,-4.593,1,340.5070000000001,0,4,1,34.14,-5.27,CC(=O)C3(C)CCC4C2C=C(C)C1=CC(=O)CCC1(C)C2CCC34C,58.215827338129486,AA{~B}At{A}AAAuAsA~A{A}Ar~AA{~B}AAAr{A}AsAAAtuA
2-Heptanone,-1.554,1,114.188,0,0,4,17.07,-1.45,CCCCCC(=O)C,16.840148698884757,AAAAAA{~B}A
Acephate,-0.416,1,183.169,1,0,3,55.4,0.54,COP(=O)(NC(C)=O)SC ,72.67605633802818,ABK{~B}{DA{A}~B}EA 
DEF,-4.074,1,314.5220000000001,0,0,12,17.07,-5.14,CCCCSP(=O)(SCCCC)SCCCC,58.589928057553955,AAAAEK{~B}{EAAAA}EAAAA
phthalamide,-0.636,1,149.149,1,2,0,46.17,-2.932,c1cC2C(=O)NC(=O)C2cc1,28.89320388349515,araAsA{~B}DA{~B}Asaar
Trichlomethiazide,-2.98,1,380.662,3,2,2,118.36,-2.68,NS(=O)(=O)c2cc1c(NC(NS1(=O)=O)C(Cl)Cl)cc2Cl ,33.78640776699029,DE{~B}{~B}asaara{DA{DEr{~B}~B}A{Z}Z}aasZ 
2-Methy-2-Butene,-1.994,1,70.13499999999999,0,0,0,0.0,-2.56,CC=C(C)C,36.116504854368934,AA~A{A}A
"1,2,4-Trimethylbenzene",-3.343,1,120.195,0,1,0,0.0,-3.31,Cc1ccc(C)c(C)c1,21.553398058252426,Aaraaa{A}a{A}ar
"2,4,5-Trichlorophenol ",-3.78,1,197.448,1,1,0,20.23,-2.21,Oc1cc(Cl)c(Cl)cc1Cl,2.7137546468401474,Baraa{Z}a{Z}aarZ
phenanthridine,-3.713,2,179.22199999999998,0,3,0,12.89,-2.78,c1ccc2c(c1)cnc3ccccc23 ,31.84466019417476,araaasa{ar}adataaaaast 
3-Methyl-3-hexanol,-1.663,1,116.20399999999998,1,0,3,20.23,-0.98,CCCC(C)(O)CC,61.97183098591549,AAAA{A}{B}AA
Octane,-3.324,1,114.232,0,0,5,0.0,-5.24,CCCCCCCC,58.3021582733813,AAAAAAAA
Anthracene,-4.518,2,178.23399999999995,0,3,0,0.0,-6.35,c1ccc2cc3ccccc3cc2c1,55.10791366906476,araaasaataaaaataasar
Phenylhydrazine,-1.866,1,108.14399999999998,2,1,1,38.05,0.07,NNc1ccccc1,69.36619718309859,DDaraaaaar
Propionaldehyde,-0.3939999999999999,1,58.08,0,0,1,17.07,0.58,CCC=O,72.95774647887325,AAA~B
Cyclooctane,-3.355,2,112.216,0,1,0,0.0,-4.15,C1CCCCCCC1,87.9032258064516,ArAAAAAAAr
"5,5-Diallylbarbital",-1.471,1,208.217,2,1,4,75.27000000000001,-2.077,O=C1NC(=O)NC(=O)C1(CC=C)CC=C,5.185873605947955,B~ArDA{~B}DA{~B}Ar{AA~A}AA~A
Trichloromethane,-1.812,1,119.378,0,0,0,0.0,-1.17,ClC(Cl)Cl,60.63380281690141,ZA{Z}Z
thiouracil,-0.992,1,128.15599999999998,2,1,0,45.75,-2.273,Sc1nccc(=O)[nH]1 ,1.5427509293680253,Eardaaa{~B}{dH}r 
Pencycuron,-5.126,1,328.843,1,3,4,32.34,-5.915,Clc1ccc(CN(C2CCCC2)C(=O)Nc3ccccc3)cc1,56.359712230215834,Zaraaa{AD{AsAAAAs}A{~B}Dataaaaat}aar
1-Methylcyclohexene ,-2.574,1,96.17300000000002,0,1,0,0.0,-3.27,CC1=CCCCC1,22.330097087378643,AAr~AAAAAr
2-Ethylhexanal,-2.232,1,128.21499999999995,0,0,5,17.07,-2.13,CCCCC(CC)C=O,4.200743494423792,AAAAA{AA}A~B
Khellin,-3.603,1,260.24499999999995,0,3,2,61.81,-3.0210000000000004,COc2c1occc1c(OC)c3c(=O)cc(C)oc23 ,27.16504854368932,ABasarbaaara{BA}ata{~B}aa{A}bast 
5-Ethyl-5-(3-methylbutyl)barbital,-2.312,1,226.27599999999995,2,1,4,75.27000000000001,-2.658,O=C1NC(=O)NC(=O)C1(CC)CCC(C)C,34.21359223300971,B~ArDA{~B}DA{~B}Ar{AA}AAA{A}A
Benzo(j)fluoranthene,-6.007000000000001,2,252.316,0,5,0,0.0,-8.0,c1ccc2c3c(ccc2c1)c4cccc5cccc3c45,50.35971223021583,araaasata{aaasar}auaaaavaaaatauv
2-Ethylbutanal,-1.523,1,100.161,0,0,3,17.07,-1.52,CCC(CC)C=O,15.539033457249069,AAA{AA}A~B
Dipropyl ether,-1.426,1,102.177,0,0,4,9.23,-1.62,CCCOCCC,13.680297397769515,AAABAAA
1-Tetradecanol,-4.231,1,214.39299999999997,1,0,12,20.23,-5.84,CCCCCCCCCCCCCCO,56.57553956834532,AAAAAAAAAAAAAAB
"2,3,6-Trichlorophenol",-3.572,1,197.448,1,1,0,20.23,-2.64,Oc1c(Cl)ccc(Cl)c1Cl,34.5631067961165,Bara{Z}aaa{Z}arZ
Urea,0.8320000000000001,1,60.056,2,0,0,69.11,0.96,NC(=O)N,75.63380281690141,DA{~B}D
1-Pentyne,-1.446,1,68.11899999999999,0,0,1,0.0,-1.64,CCCC#C,13.308550185873608,AAAA^A
"1,3-Dibromobenzene",-4.298,1,235.906,0,1,0,0.0,-3.54,Brc1cccc(Br)c1,97.74193548387096,Xaraaaa{X}ar
1-Octadecanol,-5.649,1,270.50099999999986,1,0,16,20.23,-8.4,CCCCCCCCCCCCCCCCCCO,49.20863309352518,AAAAAAAAAAAAAAAAAAB
Acetanilide,-1.857,1,135.16599999999997,1,1,1,29.1,-1.33,CC(=O)Nc1ccccc1,19.070631970260223,AA{~B}Daraaaaar
hematein,-1.795,1,300.266,4,4,0,107.22,-2.7,c1cc(O)c(O)c2OCC3(O)CC4=CC(=O)C(O)=CC4=C3c21,33.39805825242718,araa{B}a{B}asBAAt{B}AAu~AA{~B}A{B}~AAu~Atasr
Isonazid,-0.7170000000000001,1,137.14200000000002,2,1,1,68.01,0.009,c1nccc(C(=O)NN)c1,68.93661971830987,ardaaa{A{~B}DD}ar
hydroxychlordene,-4.156000000000001,1,354.8749999999999,1,3,0,20.23,-5.46,OC1C=CC2C1C3(Cl)C(=C(Cl)C2(Cl)C3(Cl)Cl)Cl ,57.669064748201436,BArA~AAsArAt{Z}A{~A{Z}As{Z}At{Z}Z}Z 
Isopentyl formate,-1.449,1,116.15999999999998,0,0,4,26.3,-1.52,CC(C)CCOC=O,15.539033457249069,AA{A}AABA~B
Acetophenone,-2.0780000000000003,1,120.15099999999995,0,1,1,17.07,-1.28,CC(=O)c1ccccc1,20.0,AA{~B}araaaaar
biquinoline,-4.9030000000000005,2,256.308,0,4,1,25.78,-5.4,c2ccc1nc(ccc1c2)c4ccc3ccccc3n4 ,57.84172661870504,asaaarda{aaaras}auaaataaaaatdu 
Triethyl phosphate,-0.953,1,182.156,0,0,6,44.760000000000005,0.43,CCOP(=O)(OCC)OCC,71.90140845070422,AABK{~B}{BAA}BAA
D-fenchone,-2.158,1,152.237,0,2,0,17.07,-1.85,CC2(C)C1CCC(C)(C1)C2=O,9.40520446096654,AAs{A}ArAAA{A}{Ar}As~B
7-methoxypteridine,-1.589,1,162.152,0,2,1,60.790000000000006,-0.91,COc2cnc1cncnc1n2,62.464788732394375,ABasadaradadards
Chlordene,-5.152,1,338.876,0,3,0,0.0,-5.64,ClC2=C(Cl)C3(Cl)C1C=CCC1C2(Cl)C3(Cl)Cl ,57.151079136690655,ZAs~A{Z}At{Z}ArA~AAArAs{Z}At{Z}Z 
2-Nitropropane,-0.743,1,89.094,0,0,1,43.14,-0.62,CC(C)N(=O)=O,64.50704225352113,AA{A}D{~B}~B
Carbazole,-3.836,2,167.21099999999998,1,3,0,15.79,-5.27,c1ccc2c(c1)[nH]c3ccccc32,58.215827338129486,araaasa{ar}{dH}ataaaaats
Erythritol,0.675,1,122.12,4,0,3,80.92,0.7,OCC(O)C(O)CO,73.80281690140845,BAA{B}A{B}AB
Risocaine,-2.709,1,179.21899999999997,1,1,3,52.32,-2.452,CCCOC(=O)c1ccc(N)cc1,38.213592233009706,AAABA{~B}araaa{D}aar
Azodrin,-0.949,1,223.165,1,0,5,73.86,0.6509999999999999,CNC(=O)C=C(C)OP(=O)(OC)OC,73.45774647887325,ADA{~B}A~A{A}BK{~B}{BA}BA
Succinimide,0.282,1,99.089,1,1,0,46.17,0.3,O=C1CCC(=O)N1,70.98591549295776,B~ArAAA{~B}Dr
"2,3-Dimethylpentane",-2.938,1,100.20499999999998,0,0,2,0.0,-4.28,CCC(C)C(C)C,85.80645161290322,AAA{A}A{A}A
bupirimate,-3.4930000000000003,1,316.4270000000001,1,1,8,84.42,-4.16,CCCCc1c(C)nc(NCC)nc1OS(=O)(=O)N(C)C ,87.74193548387096,AAAAara{A}da{DAA}darBE{~B}{~B}D{A}A 
RTI 16,-3.411,1,270.361,0,3,1,32.260000000000005,-4.634,CCN2c1ncccc1N(C)C(=S)c3cccnc23 ,80.09677419354837,AADsardaaaarD{A}A{~E}ataaadast 
RTI 9,-3.784,1,239.274,0,3,1,29.54,-3.68,O2c1ccccc1N(CC)C(=O)c3ccccc23 ,95.48387096774192,BsaraaaaarD{AA}A{~B}ataaaaast 
Tetrahydropyran ,-0.978,2,86.134,0,1,0,9.23,-0.03,C1CCOCC1,68.66197183098592,ArAABAAr
1-Heptyne,-2.155,1,96.173,0,0,3,0.0,-3.01,CCCCCC#C,27.378640776699037,AAAAAA^A
osthole,-4.0760000000000005,1,244.28999999999996,0,2,3,39.44,-4.314,c1cc2ccc(OC)c(CC=C(C)(C))c2oc1=O ,85.25806451612902,araasaaa{BA}a{AA~A{A}{A}}asbar~B 
3-Methylcholanthrene,-6.311,1,268.3589999999999,0,5,0,0.0,-7.92,c1cc(C)cc2c1c3cc4cccc5CCc(c45)c3cc2,50.589928057553955,araa{A}aasarataauaaaavAAa{auv}ataas
Ethyl benzoate ,-2.775,1,150.177,0,1,2,26.3,-2.32,CCOC(=O)c1ccccc1,0.66914498141264,AABA{~B}araaaaar
1-Chloro-2-methylpropane,-1.924,1,92.569,0,0,1,0.0,-2.0,ClCC(C)C,6.617100371747211,ZAA{A}A
Ethinyl estradiol,-4.317,1,296.41,2,4,0,40.46,-4.3,CC34CCC1C(CCc2cc(O)ccc12)C3CCC4(O)C#C ,85.48387096774194,AAtuAAArA{AAasaa{B}aaars}AtAAAu{B}A^A 
methyl laurate,-4.025,1,214.349,0,0,10,26.3,-4.69,CCCCCCCCCCCC(=O)OC,59.88489208633093,AAAAAAAAAAAA{~B}BA
Di-n-propylsulfide,-2.307,1,118.245,0,0,4,0.0,-2.58,CCCSCCC,35.728155339805824,AAAEAAA
Napthacene,-5.568,2,228.294,0,4,0,0.0,-8.6,c1ccc2cc3cc4ccccc4cc3cc2c1,48.63309352517985,araaasaataauaaaaauaataasar
1-Bromopentane,-2.658,1,151.047,0,0,3,0.0,-3.08,CCCCCBr,26.01941747572815,AAAAAX
trans-2-Heptene ,-2.784,1,98.18899999999998,0,0,3,0.0,-3.82,CCCC/C=C/C,93.2258064516129,AAAALA~ALA
Metranidazole,-0.8590000000000001,1,171.15599999999998,1,1,3,81.19,-1.26,Cc1ncc(N(=O)=O)n1CCO ,60.0,Aardaa{D{~B}~B}drAAB 
Pentylcyclopentane,-3.869,1,140.26999999999998,0,1,4,0.0,-6.08,CCCCCC1CCCC1,55.884892086330936,AAAAAArAAAAr
"2,2',3,5,5',6-PCB",-7.261,1,360.88200000000006,0,2,1,0.0,-7.42,Clc1ccc(Cl)c(c1)c2c(Cl)c(Cl)cc(Cl)c2Cl ,52.02877697841727,Zaraaa{Z}a{ar}asa{Z}a{Z}aa{Z}asZ 
5-Ethyl-5-isopropylbarbituric acid,-1.6030000000000002,1,198.222,2,1,2,75.27000000000001,-2.148,O=C1NC(=O)NC(=O)C1(CC)C(C)C,3.866171003717468,B~ArDA{~B}DA{~B}Ar{AA}A{A}A
"1,1,1-Trichloroethane",-2.232,1,133.405,0,0,0,0.0,-2.0,CC(Cl)(Cl)Cl,6.617100371747211,AA{Z}{Z}Z
Monolinuron,-2.948,1,214.652,1,1,2,41.57,-2.57,CON(C)C(=O)Nc1ccc(Cl)cc1,35.92233009708738,ABD{A}A{~B}Daraaa{Z}aar
Cyclohexyl-5-spirobarbituric acid,-1.405,1,196.206,2,2,0,75.27,-3.06,O=C2NC(=O)C1(CCCCC1)C(=O)N2,26.407766990291258,B~AsDA{~B}Ar{AAAAAr}A{~B}Ds
dimetan,-2.3040000000000003,1,211.26099999999997,0,1,1,46.61,-0.85,CN(C)C(=O)OC1=CC(=O)CC(C)(C)C1 ,62.88732394366197,AD{A}A{~B}BAr~AA{~B}AA{A}{A}Ar 
4-Bromotoluene,-3.667,1,171.03700000000003,0,1,0,0.0,-3.19,Cc1ccc(Br)cc1,23.88349514563107,Aaraaa{X}aar
Diethyl ether ,-0.718,1,74.123,0,0,2,9.23,-0.09,CCOCC,68.2394366197183,AABAA
Rovral,-4.004,1,330.17100000000005,1,2,2,69.72,-4.376,CC(C)NC(=O)N1CC(=O)N(C1=O)c2cc(Cl)cc(Cl)c2,84.25806451612901,AA{A}DA{~B}DrAA{~B}D{Ar~B}asaa{Z}aa{Z}as
Benfluralin,-5.205,1,335.28200000000004,0,1,7,89.51999999999998,-5.53,CCCCN(CC)c1c(cc(cc1N(=O)=O)C(F)(F)F)N(=O)=O,57.467625899280584,AAAAD{AA}ara{aa{aarD{~B}~B}A{G}{G}G}D{~B}~B
"2,4,6-Trimethylphenol",-2.9410000000000003,1,136.194,1,1,0,20.23,-2.05,Cc1cc(C)c(O)c(C)c1,5.687732342007436,Aaraa{A}a{B}a{A}ar
Benzene ,-2.418,2,78.11399999999999,0,1,0,0.0,-1.64,c1ccccc1,13.308550185873608,araaaaar
p-Chloroiodobenzene,-4.384,1,238.455,0,1,0,0.0,-4.03,Clc1ccc(I)cc1,89.83870967741933,Zaraaa{H}aar
Metoxuron,-2.6830000000000003,1,228.679,1,1,2,41.57,-2.564,COc1ccc(NC(=O)N(C)C)cc1Cl,36.03883495145631,ABaraaa{DA{~B}D{A}A}aarZ
propachlor,-3.018,1,211.69200000000004,0,1,3,20.31,-2.48,CC(C)N(C(=O)CCl)c1ccccc1 ,37.66990291262136,AA{A}D{A{~B}AZ}araaaaar 
Styrene,-2.85,1,104.15199999999996,0,1,1,0.0,-2.82,C=Cc1ccccc1,31.067961165048548,A~Aaraaaaar
Dimethoxymethane,0.092,1,76.095,0,0,2,18.46,0.48,COCOC,72.25352112676056,ABABA
o-Xylene ,-3.004,1,106.168,0,1,0,0.0,-2.8,Cc1ccccc1C,31.456310679611654,AaraaaaarA
Butan-2-ol,-0.616,1,74.12299999999999,1,0,1,20.23,0.47,CCC(C)O,72.1830985915493,AAA{A}B
"1,4-Benzenediol",-1.59,1,110.11199999999998,2,1,0,40.46,-0.17,Oc1ccc(O)cc1,67.67605633802816,Baraaa{B}aar
estriol,-3.858,1,288.387,3,4,0,60.69,-4.955,CC34CCC1C(CCc2cc(O)ccc12)C3CC(O)C4O ,59.122302158273385,AAtuAAArA{AAasaa{B}aaars}AtAA{B}AuB 
Benzo(b)fluorene,-5.189,2,216.283,0,4,0,0.0,-8.04,C1c2ccccc2c3cc4ccccc4cc13,50.24460431654677,Arasaaaaasataauaaaaauaart
hydantoin,0.603,1,100.077,2,1,0,58.2,-0.4,O=C1CNC(=O)N1 ,66.05633802816901,B~ArADA{~B}Dr 
4-hexylresorcinol,-3.4930000000000003,1,194.27399999999992,2,1,5,40.46,-2.59,c1(O)cc(O)ccc1CCCCCC,35.53398058252427,ar{B}aa{B}aaarAAAAAA
allicin,-2.045,1,162.27899999999997,0,0,5,17.07,-0.83,C=CCS(=O)SCC=C,63.02816901408451,A~AAE{~B}EAA~A
Coumaphos,-5.04,1,362.7710000000001,0,2,6,57.9,-5.382000000000001,CCOP(=S)(OCC)Oc2ccc1oc(=O)c(Cl)c(C)c1c2,57.89352517985611,AABK{~E}{BAA}Basaaarba{~B}a{Z}a{A}aras
"5,6-Dimethylchrysene",-6.265,1,256.348,0,4,0,0.0,-7.01,Cc1c(C)c2c3ccccc3ccc2c4ccccc14,53.20863309352518,Aara{A}asataaaaataaasauaaaaaru
Betamethasone-17-valerate,-5.062,1,476.5850000000002,2,4,6,100.90000000000002,-4.71,CCCCC(=O)OC3(C(C)CC4C2CCC1=CC(=O)C=CC1(C)C2(F)C(O)CC34C)C(=O)CO,59.82733812949641,AAAAA{~B}BAt{A{A}AAuAsAAAr~AA{~B}A~AAr{A}As{G}A{B}AAtuA}A{~B}AB
uric acid,-0.541,1,168.112,4,2,0,114.36999999999998,-3.93,O=c2[nH]c(=O)c1[nH]c(=O)[nH]c1[nH]2 ,91.4516129032258,B~as{dH}a{~B}ar{dH}a{~B}{dH}ar{dH}s 
"2,3,4,6-Tetrachlorophenol",-4.203,1,231.893,1,1,0,20.23,-3.1,Oc1c(Cl)cc(Cl)c(Cl)c1Cl,25.631067961165044,Bara{Z}aa{Z}a{Z}arZ
"1,3-Dichlorobenzene",-3.5580000000000003,1,147.004,0,1,0,0.0,-3.04,Clc1cccc(Cl)c1,26.79611650485437,Zaraaaa{Z}ar
DDT,-6.638,1,354.491,0,2,2,0.0,-7.15,Clc1ccc(cc1)C(c2ccc(Cl)cc2)C(Cl)(Cl)Cl,52.80575539568345,Zaraaa{aar}A{asaaa{Z}aas}A{Z}{Z}Z
Isobutyl formate,-1.095,1,102.13299999999998,0,0,3,26.3,-1.01,CC(C)COC=O,61.76056338028169,AA{A}ABA~B
thioanisole,-2.87,1,124.208,0,1,1,0.0,-2.39,c1ccccc1SC,39.41747572815534,araaaaarEA
RTI 13,-4.45,1,322.29,1,3,1,58.120000000000005,-4.207,CCN2c1nc(C)cc(C(F)(F)F)c1NC(=O)c3cccnc23 ,86.98387096774194,AADsarda{A}aa{A{G}{G}G}arDA{~B}ataaadast 
Hexane ,-2.615,1,86.178,0,0,3,0.0,-3.84,CCCCCC,92.90322580645162,AAAAAA
methyl nicotinate,-1.621,1,137.138,0,1,1,39.19,-0.46,COC(=O)c1cccnc1 ,65.63380281690141,ABA{~B}araaadar 
Bendroflumethiazide,-3.741,1,421.4220000000001,3,3,3,118.36,-3.59,NS(=O)(=O)c3cc2c(NC(Cc1ccccc1)NS2(=O)=O)cc3C(F)(F)F,96.93548387096774,DE{~B}{~B}ataasa{DA{Aaraaaaar}DEs{~B}~B}aatA{G}{G}G
"2,3,3',4,4',5-PCB",-7.425,1,360.88200000000006,0,2,1,0.0,-7.82,Clc1ccc(cc1Cl)c2cc(Cl)c(Cl)c(Cl)c2Cl ,50.87769784172662,Zaraaa{aarZ}asaa{Z}a{Z}a{Z}asZ 
Vinclozolin,-4.377,1,286.11400000000003,0,2,2,46.61,-4.925,CC1(OC(=O)N(C1=O)c2cc(Cl)cc(Cl)c2)C=C,59.20863309352518,AAr{BA{~B}D{Ar~B}asaa{Z}aa{Z}as}A~A
Cyanazine,-2.49,1,240.698,2,1,4,86.52,-3.15,CCNc1nc(Cl)nc(NC(C)(C)C#N)n1,24.660194174757283,AADarda{Z}da{DA{A}{A}A^D}dr
Triphenylene,-5.568,2,228.294,0,4,0,0.0,-6.726,c1ccc2c(c1)c3ccccc3c4ccccc24,54.02589928057554,araaasa{ar}ataaaaatauaaaaasu
Dienestrol,-4.775,1,266.34,2,2,3,40.46,-4.95,CC=C(C(=CC)c1ccc(O)cc1)c2ccc(O)cc2,59.13669064748201,AA~A{A{~AA}araaa{B}aar}asaaa{B}aas
Di(2-ethylhexyl)-phthalate,-7.117000000000001,1,390.5640000000003,0,1,14,52.60000000000001,-6.96,CCCCC(CC)COC(=O)c1ccccc1C(=O)OCC(CC)CCCC,53.35251798561151,AAAAA{AA}ABA{~B}araaaaarA{~B}BAA{AA}AAAA
2-Ethyl pyridine,-2.051,1,107.15599999999998,0,1,1,12.89,0.51,CCc1ccccn1,72.46478873239437,AAaraaaadr
Naled,-3.548,1,380.784,0,0,5,44.760000000000005,-2.28,COP(=O)(OC)OC(Br)C(Cl)(Cl)Br,1.4126394052044624,ABK{~B}{BA}BA{X}A{Z}{Z}X
Biphenyl,-4.079,2,154.21199999999996,0,2,1,0.0,-4.345,c1ccc(cc1)c2ccccc2,84.75806451612904,araaa{aar}asaaaaas
"2,2',4,4',6,6'-PCB",-7.178999999999999,1,360.88200000000006,0,2,1,0.0,-8.71,Clc1cc(Cl)c(c(Cl)c1)c2c(Cl)cc(Cl)cc2Cl ,48.31654676258992,Zaraa{Z}a{a{Z}ar}asa{Z}aa{Z}aasZ 
Altretamine,-2.492,1,210.285,0,1,3,48.39000000000001,-3.364,CN(C)c1nc(nc(n1)N(C)C)N(C)C,20.504854368932044,AD{A}arda{da{dr}D{A}A}D{A}A
"2,4-Dimethyl-2-pentanol ",-1.6469999999999998,1,116.20399999999998,1,0,2,20.23,-0.92,CC(C)CC(C)(C)O,62.3943661971831,AA{A}AA{A}{A}B
Cycloheptyl-5-spirobarbituric acid,-1.844,1,210.233,2,2,0,75.27,-3.168,O=C2NC(=O)C1(CCCCCC1)C(=O)N2 ,24.310679611650485,B~AsDA{~B}Ar{AAAAAAr}A{~B}Ds 
Fructose,0.471,1,180.156,5,1,2,110.38,0.64,OCC1OC(O)(CO)C(O)C1O,73.38028169014083,BAArBA{B}{AB}A{B}ArB
"3,5-Dimethylphenol",-2.652,1,122.16699999999996,1,1,0,20.23,-1.4,Cc1cc(C)cc(O)c1,17.769516728624538,Aaraa{A}aa{B}ar
Barban,-4.16,1,258.104,1,1,2,38.33,-4.37,ClCC#CCOC(=O)Nc1cccc(Cl)c1,84.35483870967741,ZAA^AABA{~B}Daraaaa{Z}ar
p-Chloroacetanilide,-2.642,1,169.611,1,1,1,29.1,-2.843,CC(=O)Nc1ccc(Cl)cc1,30.62135922330097,AA{~B}Daraaa{Z}aar
"2,2',3,4,5,5',6-PCB",-7.898,1,395.3270000000001,0,2,1,0.0,-8.94,Clc1ccc(Cl)c(c1)c2c(Cl)c(Cl)c(Cl)c(Cl)c2Cl,47.654676258992815,Zaraaa{Z}a{ar}asa{Z}a{Z}a{Z}a{Z}asZ
"2,2-Dimethylbutane",-2.584,1,86.17799999999998,0,0,0,0.0,-3.55,CCC(C)(C)C,97.58064516129032,AAA{A}{A}A
N-Methylaniline ,-2.097,1,107.15599999999998,1,1,1,12.03,-1.28,CNc1ccccc1,20.0,ADaraaaaar
"1,4-Pentadiene ",-1.758,1,68.119,0,0,2,0.0,-2.09,C=CCC=C,4.944237918215615,A~AAA~A
Hydrocortisone 21-acetate,-3.692,1,404.5030000000002,2,4,3,100.90000000000002,-4.88,CC(=O)OCC(=O)C1(O)CCC2C3CCC4=CC(=O)CCC4(C)C3C(O)CC21C,59.33812949640288,AA{~B}BAA{~B}Ar{B}AAAsAtAAAu~AA{~B}AAAu{A}AtA{B}AAsrA
DNOC,-2.818,1,198.134,1,1,2,106.51000000000002,-1.456,Cc1cc(cc(N(=O)=O)c1O)N(=O)=O,16.728624535315987,Aaraa{aa{D{~B}~B}arB}D{~B}~B
Lorazepam,-3.75,1,321.163,2,3,1,61.690000000000005,-3.604,OC3N=C(c1ccccc1Cl)c2cc(Cl)ccc2NC3=O,96.70967741935483,BAtD~A{araaaaarZ}asaa{Z}aaasDAt~B
3-Chlorophenol,-2.761,1,128.558,1,1,0,20.23,-0.7,Oc1cccc(Cl)c1,63.94366197183099,Baraaaa{Z}ar
m-Chlorobromobenzene,-3.928,1,191.455,0,1,0,0.0,-3.21,Clc1cccc(Br)c1,23.495145631067967,Zaraaaa{X}ar
chlorothiazide,-1.7519999999999998,1,295.72900000000004,2,2,1,118.69,-3.05,NS(=O)(=O)c2cc1c(N=CNS1(=O)=O)cc2Cl ,26.601941747572823,DE{~B}{~B}asaara{D~ADEr{~B}~B}aasZ 
5-Methyl-5-ethylbarbituric acid,-0.911,1,170.16799999999998,2,1,1,75.27000000000001,-1.228,O=C1NC(=O)NC(=O)C1(C)CC,60.225352112676056,B~ArDA{~B}DA{~B}Ar{A}AA
2-Phenoxyethanol,-1.761,1,138.16599999999997,1,1,3,29.46,-0.7,OCCOc1ccccc1,63.94366197183099,BAABaraaaaar
Diphenylmethane,-4.09,2,168.239,0,2,2,0.0,-4.08,C(c1ccccc1)c2ccccc2,89.03225806451613,A{araaaaar}asaaaaas
3-Octanol,-2.033,1,130.23099999999997,1,0,5,20.23,-1.98,CCCCCC(O)CC,6.988847583643122,AAAAAA{B}AA
Flumetralin,-6.584,1,421.7340000000001,0,2,6,89.51999999999998,-6.78,CCN(Cc1c(F)cccc1Cl)c2c(cc(cc2N(=O)=O)C(F)(F)F)N(=O)=O,53.8705035971223,AAD{Aara{G}aaaarZ}asa{aa{aasD{~B}~B}A{G}{G}G}D{~B}~B
Propazine,-3.329,1,229.71500000000003,2,1,4,62.73,-4.43,CC(C)Nc1nc(Cl)nc(NC(C)C)n1,83.38709677419354,AA{A}Darda{Z}da{DA{A}A}dr
2-Methylpentanol,-1.381,1,102.177,1,0,3,20.23,-1.11,CCCC(C)CO,61.05633802816901,AAAA{A}AB
2-Methyl-2-hexanol,-1.663,1,116.20399999999998,1,0,3,20.23,-1.08,CCCCC(C)(C)O,61.26760563380282,AAAAA{A}{A}B
Ethylbenzene,-2.988,1,106.16799999999996,0,1,1,0.0,-2.77,CCc1ccccc1,32.03883495145631,AAaraaaaar
5-(3-Methyl-2-butenyl)-5-ethylbarbital,-2.126,1,224.26,2,1,3,75.27000000000001,-2.253,O=C1NC(=O)NC(=O)C1(CC)CC=C(C)C,1.9144981412639366,B~ArDA{~B}DA{~B}Ar{AA}AA~A{A}A
Heptachlor,-5.26,1,373.3209999999999,0,3,0,0.0,-6.317,ClC1C=CC2C1C3(Cl)C(=C(Cl)C2(Cl)C3(Cl)Cl)Cl,55.20287769784172,ZArA~AAsArAt{Z}A{~A{Z}As{Z}At{Z}Z}Z
butallylonal,-2.766,1,303.156,2,1,4,75.27000000000001,-2.647,CCC(C)C1(CC(Br)=C)C(=O)NC(=O)NC1=O ,34.427184466019426,AAA{A}Ar{AA{X}~A}A{~B}DA{~B}DAr~B 
Fenpropathrin,-6.15,1,349.43000000000006,0,3,5,59.32000000000001,-6.025,CC1(C)C(C(=O)OC(C#N)c2cccc(Oc3ccccc3)c2)C1(C)C,56.0431654676259,AAr{A}A{A{~B}BA{A^D}asaaaa{Bataaaaat}as}Ar{A}A
Methoprene,-4.795,1,310.47800000000007,0,0,10,35.53,-5.19,COC(C)(C)CCCC(C)CC=CC(C)=CC(=O)OC(C)C,58.44604316546762,ABA{A}{A}AAAA{A}AA~AA{A}~AA{~B}BA{A}A
Ethyl propionate,-1.1909999999999998,1,102.133,0,0,2,26.3,-0.66,CCOC(=O)CC,64.22535211267606,AABA{~B}AA
Prometryn,-3.693,1,241.364,2,1,5,62.73,-4.1,CSc1nc(NC(C)C)nc(NC(C)C)n1,88.70967741935483,AEarda{DA{A}A}da{DA{A}A}dr
Buturon,-3.199,1,236.702,1,1,2,32.34,-3.9,CC(C#C)N(C)C(=O)Nc1ccc(Cl)cc1,91.93548387096774,AA{A^A}D{A}A{~B}Daraaa{Z}aar
"2,3-Dimethylnaphthalene",-4.1160000000000005,1,156.22799999999998,0,2,0,0.0,-4.72,Cc1cc2ccccc2cc1C,59.79856115107914,AaraasaaaaasaarA
"2,4',5-PCB",-5.7620000000000005,1,257.547,0,2,1,0.0,-6.25,Clc1ccc(cc1)c2cc(Cl)ccc2Cl ,55.39568345323741,Zaraaa{aar}asaa{Z}aaasZ 
"2,3',4,4',5-PCB",-7.343,1,360.88200000000006,0,2,1,0.0,-7.39,Clc1ccc(c(Cl)c1)c2cc(Cl)c(Cl)c(Cl)c2Cl ,52.115107913669064,Zaraaa{a{Z}ar}asaa{Z}a{Z}a{Z}asZ 
2-cyanoguanidine,0.361,1,84.082,2,0,0,88.19,-0.31,NC(N)=NC#N ,66.69014084507042,DA{D}~DA^D 
Chloropicrin,-1.866,1,164.375,0,0,0,43.14,-2.0,ClC(Cl)(Cl)N(=O)=O,6.617100371747211,ZA{Z}{Z}D{~B}~B
"2,6-PCB",-4.984,1,223.102,0,2,1,0.0,-5.21,Clc1cccc(Cl)c1c2ccccc2 ,58.388489208633096,Zaraaaa{Z}arasaaaaas 
p-Methoxybenzaldehyde,-2.252,1,136.14999999999998,0,1,2,26.3,-1.49,COc1ccc(C=O)cc1,16.096654275092938,ABaraaa{A~B}aar
4-Nitroacetanilide,-2.219,1,180.163,1,1,2,72.24000000000001,-2.692,CC(=O)Nc1ccc(cc1)N(=O)=O,33.55339805825243,AA{~B}Daraaa{aar}D{~B}~B
Ethyl heptanoate,-2.608,1,158.241,0,0,6,26.3,-2.74,CCCCCCC(=O)OCC,32.62135922330096,AAAAAAA{~B}BAA
p-Hydroxyacetanilide,-1.495,1,151.165,2,1,1,49.33,-1.03,CC(=O)Nc1ccc(O)cc1,61.61971830985916,AA{~B}Daraaa{B}aar
indazole,-2.34,2,118.13899999999998,1,2,0,28.68,-2.16,c2ccc1[nH]ncc1c2 ,3.6431226765799214,asaaar{dH}daaras 
triamcinolone acetonide,-3.928,1,434.50400000000025,2,5,2,93.06000000000002,-4.31,CC5(C)OC4CC3C2CCC1=CC(=O)C=CC1(C)C2(F)C(O)CC3(C)C4(O5)C(=O)CO ,85.3225806451613,AAv{A}BAuAAtAsAAAr~AA{~B}A~AAr{A}As{G}A{B}AAt{A}Au{Bv}A{~B}AB 
guanine,-0.67,1,151.129,3,2,0,100.45,-3.583,Nc2nc1[nH]cnc1c(=O)[nH]2 ,97.04838709677419,Dasdar{dH}adara{~B}{dH}s 
Methyl acetate,-0.416,1,74.07900000000001,0,0,0,26.3,0.46,COC(=O)C,72.11267605633803,ABA{~B}A
Stanolone,-3.882,1,290.44699999999995,1,4,0,37.3,-4.743,CC34CCC1C(CCC2CC(=O)CCC12C)C3CCC4O ,59.73237410071943,AAtuAAArA{AAAsAA{~B}AAArsA}AtAAAuB 
1-Hexene-3-ol,-1.199,1,100.161,1,0,3,20.23,-0.59,CCCC(O)C=C,64.71830985915493,AAAA{B}A~A
norbormide,-4.238,1,511.5810000000002,2,7,5,92.18,-3.931,OC(C1=CC2C5C(C1C2=C(c3ccccc3)c4ccccn4)C(=O)NC5=O)(c6ccccc6)c7ccccn7 ,91.43548387096774,BA{Ar~AAsAvA{ArAs~A{ataaaaat}auaaaadu}A{~B}DAv~B}{awaaaaaw}axaaaadx 
Dibutyl ether ,-2.135,1,130.231,0,0,6,9.23,-1.85,CCCCOCCCC,9.40520446096654,AAAABAAAA
1-Dodecanol,-3.523,1,186.339,1,0,10,20.23,-4.8,CCCCCCCCCCCCO,59.56834532374101,AAAAAAAAAAAAB
RTI 6,-3.335,1,313.36100000000005,2,3,4,81.59000000000002,-3.36,CCN2c1nc(N(C)(CCO))ccc1NC(=O)c3cccnc23 ,20.582524271844665,AADsarda{D{A}{AAB}}aaarDA{~B}ataaadast 
2-Methyl-2-pentanol,-1.308,1,102.17699999999998,1,0,2,20.23,-0.49,CCCC(C)(C)O,65.4225352112676,AAAA{A}{A}B
Flucytosine,-0.132,1,129.09399999999997,2,1,0,71.77,-0.972,Nc1nc(=O)[nH]cc1F,62.0281690140845,Darda{~B}{dH}aarG
stadacaine,-5.127999999999999,1,293.40700000000004,0,1,9,38.77,-3.84,CCCCOc1ccc(C(=O)OCC)c(c1)N(CC)CC ,92.90322580645162,AAAABaraaa{A{~B}BAA}a{ar}D{AA}AA 
2-Methyl-2-heptanol,-2.017,1,130.231,1,0,4,20.23,-1.72,CCCCCC(C)(C)O,11.821561338289962,AAAAAA{A}{A}B
Hexamethylbenzene,-4.361000000000001,1,162.27599999999998,0,1,0,0.0,-5.23,Cc1c(C)c(C)c(C)c(C)c1C,58.33093525179856,Aara{A}a{A}a{A}a{A}arA
Thymol,-3.129,1,150.22099999999998,1,1,1,20.23,-2.22,CC(C)c1ccc(C)cc1O,2.5278810408921872,AA{A}araaa{A}aarB
Pteridine,-0.906,2,132.12599999999998,0,2,0,51.56,0.02,c2cnc1ncncc1n2,69.01408450704226,asadardadaards
Parathion,-3.949,1,291.26500000000004,0,1,7,70.83000000000001,-4.66,CCOP(=S)(OCC)Oc1ccc(cc1)N(=O)=O,59.97122302158273,AABK{~E}{BAA}Baraaa{aar}D{~B}~B
Methane,-0.636,0,16.043,0,0,0,0.0,-0.9,C,62.535211267605625,A
indoline,-2.195,2,119.167,1,2,0,12.03,-1.04,c2ccc1NCCc1c2 ,61.549295774647895,asaaarDAAaras 
1-Nitronapthalene,-3.414,1,173.171,0,2,1,43.14,-3.54,O=N(=O)c1cccc2ccccc12,97.74193548387096,B~D{~B}araaaasaaaaars
3-Methyl-2-pentanone,-1.266,1,100.161,0,0,2,17.07,-0.67,CCC(C)C(=O)C,64.1549295774648,AAA{A}A{~B}A
isoguanine,-1.74,1,151.129,3,2,0,100.71,-3.401,Nc1nc(O)nc2nc[nH]c12 ,99.98387096774192,Darda{B}dasda{dH}ars 
bromadiolone,-7.877000000000001,1,527.4140000000002,2,5,6,70.67,-4.445,OC(CC(c1ccccc1)c3c(O)c2ccccc2oc3=O)c4ccc(cc4)c5ccc(Br)cc5 ,83.14516129032258,BA{AA{araaaaar}ata{B}asaaaaasbat~B}auaaa{aau}avaaa{X}aav 
Nitromethane,-0.042,1,61.040000000000006,0,0,0,43.14,0.26,CN(=O)=O,70.70422535211269,AD{~B}~B
Triallate,-4.578,1,304.67,0,0,4,20.31,-4.88,CC(C)N(C(C)C)C(=O)SCC(Cl)=C(Cl)Cl,59.33812949640288,AA{A}D{A{A}A}A{~B}EAA{Z}~A{Z}Z
"1,5-Hexadiene ",-2.112,1,82.14599999999999,0,0,3,0.0,-2.68,C=CCCC=C,33.78640776699029,A~AAAA~A
Indole,-2.654,2,117.15099999999995,1,2,0,15.79,-1.52,c2ccc1[nH]ccc1c2,15.539033457249069,asaaar{dH}aaaras
Androstenedione,-3.393,1,286.415,0,4,0,34.14,-3.69,CC34CCC1C(CCC2=CC(=O)CCC12C)C3CCC4=O,95.32258064516128,AAtuAAArA{AAAs~AA{~B}AAArsA}AtAAAu~B
1-Hexene,-2.364,1,84.16199999999999,0,0,3,0.0,-3.23,CCCCC=C,23.106796116504857,AAAAA~A
Xipamide,-3.642,1,354.8150000000001,3,2,3,109.48999999999998,-3.79,Cc1cccc(C)c1NC(=O)c2cc(c(Cl)cc2O)S(N)(=O)=O,93.70967741935485,Aaraaaa{A}arDA{~B}asaa{a{Z}aasB}E{D}{~B}~B
Ethylcyclohexane,-3.245,1,112.216,0,1,1,0.0,-4.25,CCC1CCCCC1,86.29032258064517,AAArAAAAAr
2-Nonanone,-2.263,1,142.242,0,0,6,17.07,-2.58,CCCCCCCC(=O)C,35.728155339805824,AAAAAAAA{~B}A
Mebendazole,-4.118,1,295.298,2,3,3,84.07999999999998,-3.88,COC(=O)Nc2nc1ccc(cc1[nH]2)C(=O)c3ccccc3,92.25806451612904,ABA{~B}Dasdaraaa{aar{dH}s}A{~B}ataaaaat
Chloropham,-3.544,1,213.664,1,1,2,38.33,-3.38,CC(C)OC(=O)Nc1cccc(Cl)c1,20.19417475728156,AA{A}BA{~B}Daraaaa{Z}ar
RTI 12,-3.446,1,288.73800000000006,0,3,1,49.330000000000005,-4.114,CCN2c1nc(Cl)ccc1N(C)C(=O)c3cccnc23 ,88.48387096774192,AADsarda{Z}aaarD{A}A{~B}ataaadast 
Carbaryl,-3.087,1,201.225,1,2,1,38.33,-3.224,CNC(=O)Oc1cccc2ccccc12,23.223300970873787,ADA{~B}Baraaaasaaaaars
Ethyne,-0.252,1,26.038,0,0,0,0.0,0.29,C#C,70.91549295774648,A^A
"3,5-Dimethylpyridine",-2.0980000000000003,1,107.15599999999998,0,1,0,12.89,0.38,Cc1cncc(C)c1,71.54929577464789,Aaradaa{A}ar
"1,4-Cyclohexadiene",-1.842,2,80.12999999999998,0,1,0,0.0,-2.06,C1C=CCC=C1,5.501858736059477,ArA~AAA~Ar
Mecarbam,-3.738,1,329.3800000000001,0,0,8,65.07000000000001,-2.518,CCOC(=O)N(C)C(=O)CSP(=S)(OCC)OCC,36.932038834951456,AABA{~B}D{A}A{~B}AEK{~E}{BAA}BAA
1-Phenylethanol,-1.919,1,122.16699999999996,1,1,1,20.23,-0.92,CC(O)c1ccccc1,62.3943661971831,AA{B}araaaaar
"1,2-Dichloropropane",-1.794,1,112.987,0,0,1,0.0,-1.6,CC(Cl)CCl,14.052044609665426,AA{Z}AZ
2-Ethyl-2-hexanal,-2.081,1,126.19899999999998,0,0,4,17.07,-2.46,CCCC=C(CC)C=O,38.05825242718447,AAAA~A{AA}A~B
Disulfoton,-3.975,1,274.413,0,0,9,18.46,-4.23,CCOP(=S)(OCC)SCCSCC,86.61290322580643,AABK{~E}{BAA}EAAEAA
methyltestosterone acetate,-4.863,1,344.4950000000001,0,4,1,43.370000000000005,-5.284,CC(=O)OC3(C)CCC4C2CCC1=CC(=O)CCC1(C)C2CCC34C ,58.17553956834532,AA{~B}BAt{A}AAAuAsAAAr~AA{~B}AAAr{A}AsAAAtuA 
"2,4,6-PCB",-5.604,1,257.547,0,2,1,0.0,-6.14,Clc1ccc(cc1)c2c(Cl)cccc2Cl ,55.71223021582734,Zaraaa{aar}asa{Z}aaaasZ 
difluron,-4.692,1,310.687,2,2,2,58.2,-6.02,Fc1cccc(F)c1C(=O)NC(=O)Nc2ccc(Cl)cc2,56.05755395683454,Garaaaa{G}arA{~B}DA{~B}Dasaaa{Z}aas
Triclosan,-5.645,1,289.545,1,2,2,29.46,-4.46,Oc1cc(Cl)ccc1Oc2ccc(Cl)cc2Cl,82.9032258064516,Baraa{Z}aaarBasaaa{Z}aasZ
diisooctyl phthalate,-7.117000000000001,1,390.5640000000002,0,1,14,52.60000000000001,-6.6370000000000005,c1(C(=O)OCCCCCC(C)(C))c(C(=O)OCCCCCC(C)(C))cccc1,54.28201438848921,ar{A{~B}BAAAAAA{A}{A}}a{A{~B}BAAAAAA{A}{A}}aaaar
Corticosterone,-3.454,1,346.46700000000016,2,4,2,74.6,-3.24,CC12CC(O)C3C(CCC4=CC(=O)CCC34C)C2CCC1C(=O)CO,22.9126213592233,AArsAA{B}AtA{AAAu~AA{~B}AAAtuA}AsAAArA{~B}AB
"1,3,5-Trimethylbenzene ",-3.375,1,120.19499999999998,0,1,0,0.0,-3.4,Cc1cc(C)cc(C)c1,100.0,Aaraa{A}aa{A}ar
dioctyl phthalate,-7.148,1,390.5640000000004,0,1,16,52.60000000000001,-5.115,CCCCCCCCOC(=O)c1ccccc1C(=O)OCCCCCCCC ,58.66187050359712,AAAAAAAABA{~B}araaaaarA{~B}BAAAAAAAA 
1-Pentadecanol,-4.586,1,228.41999999999996,1,0,13,20.23,-6.35,CCCCCCCCCCCCCCCO,55.10791366906476,AAAAAAAAAAAAAAAB
"2,2',6,6'-PCB",-5.915,1,291.992,0,2,1,0.0,-7.39,Clc1cccc(Cl)c1c2c(Cl)cccc2Cl ,52.115107913669064,Zaraaaa{Z}arasa{Z}aaaasZ 
"5,5-Dimethylbarbituric acid",-0.556,1,156.141,2,1,0,75.27000000000001,-1.742,O=C1NC(=O)NC(=O)C1(C)C,11.41263940520446,B~ArDA{~B}DA{~B}Ar{A}A
2-Iodopropane,-2.486,1,169.993,0,0,0,0.0,-2.09,CC(C)I,4.944237918215615,AA{A}H
"1,2-Dinitrobenzene",-2.281,1,168.10799999999995,0,1,2,86.28,-3.1,O=N(=O)c1ccccc1N(=O)=O,25.631067961165044,B~D{~B}araaaaarD{~B}~B
3-Methyl-2-butanone,-0.912,1,86.13399999999999,0,0,1,17.07,-0.12,CC(C)C(=O)C,68.02816901408451,AA{A}A{~B}A
Hexadecane,-6.159,1,226.44799999999992,0,0,13,0.0,-8.4,CCCCCCCCCCCCCCCC,49.20863309352518,AAAAAAAAAAAAAAAA
"1,8-Cineole",-2.579,1,154.253,0,3,0,9.23,-1.74,CC12CCC(CC1)C(C)(C)O2,11.44981412639405,AArsAAA{AAr}A{A}{A}Bs
Tricyclazole,-2.8680000000000003,1,189.243,0,3,0,30.19,-2.07,Cc2cccc3sc1nncn1c23 ,5.3159851301115255,Aasaaaatsarddadrast 
2-Octanone,-1.909,1,128.21499999999995,0,0,5,17.07,-2.05,CCCCCCC(=O)C,5.687732342007436,AAAAAAA{~B}A
Methyl nonanoate,-2.962,1,172.268,0,0,7,26.3,-3.38,CCCCCCCCC(=O)OC,20.19417475728156,AAAAAAAAA{~B}BA
"1,4-Difluorobenzene",-2.636,1,114.094,0,1,0,0.0,-1.97,Fc1ccc(F)cc1,7.174721189591077,Garaaa{G}aar
Thalidomide,-1.944,1,258.233,1,3,1,83.55000000000001,-2.676,O=C1N(C2CCC(=O)NC2=O)C(=O)c3ccccc13,33.86407766990291,B~ArD{AsAAA{~B}DAs~B}A{~B}ataaaaart
Trifluralin,-5.205,1,335.28200000000004,0,1,7,89.51999999999998,-5.68,CCCN(CCC)c1c(cc(cc1N(=O)=O)C(F)(F)F)N(=O)=O,57.035971223021576,AAAD{AAA}ara{aa{aarD{~B}~B}A{G}{G}G}D{~B}~B
Ethanol,0.02,1,46.069,1,0,0,20.23,1.1,CCO,76.61971830985917,AAB
Cyclopentyl-5-spirobarbituric acid,-0.966,1,182.179,2,2,0,75.27,-2.349,O=C2NC(=O)C1(CCCC1)C(=O)N2,0.13011152416356273,B~AsDA{~B}Ar{AAAAr}A{~B}Ds
Carbetamide,-2.29,1,236.271,2,1,4,67.42999999999999,-1.83,c1c(NC(=O)OC(C)C(=O)NCC)cccc1,9.776951672862452,ara{DA{~B}BA{A}A{~B}DAA}aaaar
phenothrin,-6.763,1,350.4580000000001,0,3,6,35.53,-5.24,CC(C)=CC3C(C(=O)OCc2cccc(Oc1ccccc1)c2)C3(C)C ,58.3021582733813,AA{A}~AAtA{A{~B}BAasaaaa{Baraaaaar}as}At{A}A 
Cycluron,-2.629,1,198.30999999999992,1,1,1,32.34,-2.218,CN(C)C(=O)NC1CCCCCCC1,2.5650557620817827,AD{A}A{~B}DArAAAAAAAr
Mirex,-6.155,1,545.5460000000002,0,6,0,0.0,-6.8,ClC1(C2(Cl)C3(Cl)C4(Cl)C5(Cl)C1(Cl)C3(Cl)Cl)C5(Cl)C(Cl)(Cl)C24Cl,53.812949640287776,ZAr{As{Z}At{Z}Au{Z}Av{Z}Ar{Z}At{Z}Z}Av{Z}A{Z}{Z}AsuZ
1-Bromooctane,-3.721,1,193.128,0,0,6,0.0,-5.06,CCCCCCCCBr,58.82014388489208,AAAAAAAAX
Benomyl,-2.902,1,290.323,2,2,4,85.25,-4.883,CCCCNC(=O)n1c(NC(=O)OC)nc2ccccc12,59.3294964028777,AAAADA{~B}dra{DA{~B}BA}dasaaaaars
aminopyrine,-2.129,1,231.299,0,2,2,30.17,-0.364,CN(C)c2c(C)n(C)n(c1ccccc1)c2=O ,66.30985915492957,AD{A}asa{A}d{A}d{araaaaar}as~B 
3-Pentanol,-0.97,1,88.15,1,0,2,20.23,-0.24,CCC(O)CC,67.1830985915493,AAA{B}AA
p-Nitrotoluene,-2.64,1,137.138,0,1,1,43.14,-2.49,Cc1ccc(cc1)N(=O)=O,37.4757281553398,Aaraaa{aar}D{~B}~B
4-Methylpentanol,-1.381,1,102.177,1,0,3,20.23,-1.14,CC(C)CCCO,60.84507042253521,AA{A}AAAB
Norethisterone,-2.669,1,314.42500000000007,2,4,0,57.53,-4.57,CC34CCC1C(CCC2=CC(=O)CCC12O)C3CCC4(O)C#C,81.1290322580645,AAtuAAArA{AAAs~AA{~B}AAArsB}AtAAAu{B}A^A
bromopropylate,-5.832999999999999,1,428.12000000000006,1,2,4,46.53,-4.93,CC(C)OC(=O)C(O)(c1ccc(Br)cc1)c2ccc(Br)cc2 ,59.19424460431655,AA{A}BA{~B}A{B}{araaa{X}aar}asaaa{X}aas 
Pyrazon,-2.603,1,221.647,1,2,1,60.91,-2.878,Nc2cnn(c1ccccc1)c(=O)c2Cl,29.94174757281553,Dasadd{araaaaar}a{~B}asZ
2-Methylbutan-2-ol,-0.954,1,88.14999999999998,1,0,1,20.23,0.15,CCC(C)(C)O,69.92957746478872,AAA{A}{A}B
p-Cresol,-2.313,1,108.14,1,1,0,20.23,-0.73,Cc1ccc(O)cc1,63.73239436619718,Aaraaa{B}aar
Ethyl formate,-0.402,1,74.07900000000001,0,0,2,26.3,0.15,CCOC=O,69.92957746478872,AABA~B
"N,N-Dimethylaniline",-2.542,1,121.18299999999996,0,1,1,3.24,-1.92,CN(C)c1ccccc1,8.104089219330856,AD{A}araaaaar
Decalin,-3.715,2,138.254,0,2,0,0.0,-5.19,C1CCC2CCCCC2C1,58.44604316546762,ArAAAsAAAAAsAr
Butanethiol ,-1.676,1,90.191,1,0,2,0.0,-2.18,CCCCS,3.27137546468401,AAAAE
Benzo(e)pyrene,-6.007000000000001,2,252.316,0,5,0,0.0,-7.8,c1ccc2c(c1)c3cccc4ccc5cccc2c5c43,50.935251798561154,araaasa{ar}ataaaauaaavaaaasavaut
Tetrachloroethylene,-3.063,1,165.834,0,0,0,0.0,-2.54,ClC(=C(Cl)Cl)Cl,36.50485436893204,ZA{~A{Z}Z}Z
3-Pentanone,-0.912,1,86.134,0,0,2,17.07,-0.28,CCC(=O)CC,66.90140845070422,AAA{~B}AA
Acrylonitrile,-0.354,1,53.06399999999999,0,0,0,23.79,0.15,C=CC#N,69.92957746478872,A~AA^D
Flumethasone,-3.539,1,410.4570000000002,3,4,2,94.83,-5.613,CC1CC2C3CC(F)C4=CC(=O)C=CC4(C)C3(F)C(O)CC2(C)C1(O)C(=O)CO,57.22877697841726,AArAAsAtAA{G}Au~AA{~B}A~AAu{A}At{G}A{B}AAs{A}Ar{B}A{~B}AB
2-Hexanone,-1.2,1,100.161,0,0,3,17.07,-0.8,CCCCC(=O)C,63.23943661971831,AAAAA{~B}A
Terbumeton,-3.505,1,225.296,2,1,4,71.96000000000001,-3.239,CCNc1nc(NC(C)(C)C)nc(OC)n1,22.93203883495146,AADarda{DA{A}{A}A}da{BA}dr
3-Methylheptane,-3.3080000000000003,1,114.232,0,0,4,0.0,-5.16,CCCCC(C)CC,58.53237410071943,AAAAA{A}AA
"1,2-Dibromoethane",-2.102,1,187.862,0,0,1,0.0,-1.68,BrCCBr,12.565055762081784,XAAX
Isoprocarb,-2.734,1,193.246,1,1,2,38.33,-2.863,CNC(=O)Oc1ccccc1C(C)C,30.233009708737868,ADA{~B}BaraaaaarA{A}A
Niridazole,-1.948,1,214.206,1,2,2,88.37,-3.22,O=C1NCCN1c2ncc(s2)N(=O)=O,23.300970873786405,B~ArDAADrasdaa{ss}D{~B}~B
Benzo(a)fluorene,-5.189,2,216.283,0,4,0,0.0,-6.68,C1c2ccccc2c3ccc4ccccc4c13,54.15827338129496,Arasaaaaasataaauaaaaauart
2-Chloroanisole,-2.912,1,142.58499999999998,0,1,1,9.23,-2.46,COc1ccccc1Cl,38.05825242718447,ABaraaaaarZ
Bromophos,-5.604,1,366.0,0,1,4,27.69,-6.09,COP(=S)(OC)Oc1cc(Cl)c(Br)cc1Cl,55.85611510791366,ABK{~E}{BA}Baraa{Z}a{X}aarZ
Quinonamid,-3.988,1,332.57000000000005,1,2,3,63.24,-5.03,ClC(Cl)CC(=O)NC2=C(Cl)C(=O)c1ccccc1C2=O,58.906474820143885,ZA{Z}AA{~B}DAs~A{Z}A{~B}araaaaarAs~B
"P,P'-DDD",-6.007999999999999,1,320.04600000000005,0,2,3,0.0,-7.2,ClC(Cl)C(c1ccc(Cl)cc1)c2ccc(Cl)cc2 ,52.66187050359712,ZA{Z}A{araaa{Z}aar}asaaa{Z}aas 
Methyl acrylate,-0.878,1,86.09,0,0,1,26.3,-0.22,COC(=O)C=C,67.32394366197182,ABA{~B}A~A
Chloroxuron,-4.477,1,290.75,1,2,3,41.57000000000001,-4.89,CN(C)C(=O)Nc2ccc(Oc1ccc(Cl)cc1)cc2,59.309352517985616,AD{A}A{~B}Dasaaa{Baraaa{Z}aar}aas
Azobenzene,-4.034,2,182.226,0,2,2,24.72,-4.45,N(=Nc1ccccc1)c2ccccc2,83.06451612903224,D{~Daraaaaar}asaaaaas
4-Isopropyltoluene,-3.617,1,134.22199999999998,0,1,1,0.0,-3.77,CC(C)c1ccc(C)cc1,94.03225806451611,AA{A}araaa{A}aar
"2,6-Dichlorophenol",-3.012,1,163.003,1,1,0,20.23,-1.79,Oc1c(Cl)cccc1Cl,10.520446096654275,Bara{Z}aaaarZ
Sucrose,0.31,1,342.297,8,2,5,189.53,0.79,OCC2OC(OC1(CO)OC(CO)C(O)C1O)C(O)C(O)C2O ,74.43661971830986,BAAsBA{BAr{AB}BA{AB}A{B}ArB}A{B}A{B}AsB 
d-inositol,-0.887,1,180.156,6,1,0,121.38,0.35,OC1C(O)C(O)C(O)C(O)C1O,71.33802816901408,BArA{B}A{B}A{B}A{B}ArB
Dyphylline,-0.847,1,254.24599999999995,2,2,3,102.28,-0.17,Cn2c(=O)n(C)c1ncn(CC(O)CO)c1c2=O,67.67605633802816,Adsa{~B}d{A}ardad{AA{B}AB}aras~B
Chloramphenicol,-2.613,1,323.13200000000006,3,1,6,112.70000000000002,-2.111,OCC(NC(=O)C(Cl)Cl)C(O)c1ccc(cc1)N(=O)=O,4.553903345724901,BAA{DA{~B}A{Z}Z}A{B}araaa{aar}D{~B}~B
3-Ethyl-3-pentanol,-1.663,1,116.204,1,0,3,20.23,-0.85,CCC(O)(CC)CC,62.88732394366197,AAA{B}{AA}AA
Epitostanol,-4.545,1,306.51500000000004,1,5,0,20.23,-5.41,CC45CCC2C(CCC3CC1SC1CC23C)C4CCC5O,57.81294964028777,AAuvAAAsA{AAAtAArEArAAstA}AuAAAvB
"1,2-Dibromobenzene",-4.172,1,235.906,0,1,0,0.0,-3.5,Brc1ccccc1Br,98.38709677419354,XaraaaaarX
"2,4,6-Trichlorophenol",-3.648,1,197.448,1,1,0,20.23,-2.34,Oc1c(Cl)cc(Cl)cc1Cl,0.2973977695167289,Bara{Z}aa{Z}aarZ
oryzalin,-3.784,1,346.3650000000001,1,1,8,149.67999999999998,-5.16,CCCN(CCC)c1c(cc(cc1N(=O)=O)S(N)(=O)=O)N(=O)=O,58.53237410071943,AAAD{AAA}ara{aa{aarD{~B}~B}E{D}{~B}~B}D{~B}~B
RTI 20,-3.663,1,255.292,0,3,2,20.31,-4.799,C2c1ccccc1N(CCF)C(=O)c3ccccc23 ,59.57122302158273,AsaraaaaarD{AAG}A{~B}ataaaaast 
"2,4-Dimethyl-3-pentanone",-1.7519999999999998,1,114.18799999999996,0,0,2,17.07,-1.3,CC(C)C(=O)C(C)C,19.62825278810409,AA{A}A{~B}A{A}A
5-(3-Methyl-2-butenyl)-5-isoPrbarbital,-2.465,1,238.287,2,1,3,75.27000000000001,-2.593,O=C1NC(=O)NC(=O)C1(C(C)C)CC=C(C)C,35.4757281553398,B~ArDA{~B}DA{~B}Ar{A{A}A}AA~A{A}A
gentisin,-1.2919999999999998,1,262.261,2,3,1,75.99000000000001,-2.943,c1c(O)C2C(=O)C3cc(O)ccC3OC2cc1(OC),28.679611650485437,ara{B}AsA{~B}Ataa{B}aaAtBAsaar{BA}
Caffeine,-1.4980000000000002,1,194.194,0,2,0,61.82,-0.8759999999999999,Cn1cnc2n(C)c(=O)n(C)c(=O)c12,62.70422535211267,Adradasd{A}a{~B}d{A}a{~B}ars
Spironolactone,-3.842,1,416.58300000000025,0,5,1,60.44,-4.173,CC(=O)SC4CC1=CC(=O)CCC1(C)C5CCC2(C)C(CCC23CCC(=O)O3)C45,87.53225806451613,AA{~B}EAuAAr~AA{~B}AAAr{A}AvAAAs{A}A{AAAstAAA{~B}Bt}Auv
"3,4-Dimethylphenol",-2.6210000000000004,1,122.167,1,1,0,20.23,-1.38,Cc1ccc(O)cc1C,18.14126394052045,Aaraaa{B}aarA
Diphenyl ether ,-4.254,2,170.211,0,2,2,9.23,-3.96,O(c1ccccc1)c2ccccc2,90.96774193548386,B{araaaaar}asaaaaas
"2,2',4,4',5,5'-PCB",-7.343,1,360.88200000000006,0,2,1,0.0,-8.56,Clc1cc(Cl)c(cc1Cl)c2cc(Cl)c(Cl)cc2Cl ,48.74820143884892,Zaraa{Z}a{aarZ}asaa{Z}a{Z}aasZ 
nicotinamide,-0.964,1,122.12699999999997,1,1,1,55.98,0.61,NC(=O)c1cccnc1 ,73.16901408450704,DA{~B}araaadar 
Thiophenol ,-2.758,1,110.18099999999995,1,1,0,0.0,-2.12,Sc1ccccc1,4.386617100371744,Earaaaaar
XMC,-2.688,1,179.219,1,1,1,38.33,-2.5810000000000004,CNC(=O)Oc1cc(C)cc(C)c1,35.70873786407766,ADA{~B}Baraa{A}aa{A}ar
Chlordane,-6.039,1,409.7819999999999,0,3,0,0.0,-6.86,ClC1CC2C(C1Cl)C3(Cl)C(=C(Cl)C2(Cl)C3(Cl)Cl)Cl,53.640287769784166,ZArAAsA{ArZ}At{Z}A{~A{Z}As{Z}At{Z}Z}Z
Dimethyldisulfide,-1.524,1,94.204,0,0,1,0.0,-1.44,CSSC,17.026022304832715,AEEA
Benzamide,-1.501,1,121.13899999999995,1,1,1,43.09,-0.96,NC(=O)c1ccccc1,62.11267605633803,DA{~B}araaaaar
o-Chlorobromobenzene,-3.84,1,191.455,0,1,0,0.0,-3.19,Clc1ccccc1Br,23.88349514563107,ZaraaaaarX
Monotropitoside,-1.493,1,446.405,6,3,6,184.6,-0.742,COC(=O)c1ccccc1OC2OC(COC3OCC(O)C(O)C3O)C(O)C(O)C2O,63.647887323943664,ABA{~B}araaaaarBAsBA{ABAtBAA{B}A{B}AtB}A{B}A{B}AsB
3-Heptanol ,-1.6780000000000002,1,116.20399999999998,1,0,4,20.23,-1.47,CCCCC(O)CC,16.46840148698885,AAAAA{B}AA
RTI 15,-3.891,1,268.32,1,3,1,58.120000000000005,-4.553999999999999,CCN2c1nc(C)cc(C)c1NC(=O)c3cccnc23 ,81.38709677419355,AADsarda{A}aa{A}arDA{~B}ataaadast 
"3,5-Dichlorophenol",-3.428,1,163.003,1,1,0,20.23,-1.34,Oc1cc(Cl)cc(Cl)c1,18.884758364312265,Baraa{Z}aa{Z}ar
1-Methylphenanthrene,-4.87,1,192.261,0,3,0,0.0,-5.85,Cc1cccc2c1ccc3ccccc32,56.54676258992806,Aaraaaasaraaataaaaats
2-Ethyl-1-hexanol,-2.089,1,130.231,1,0,5,20.23,-2.11,CCCCC(CC)CO,4.572490706319703,AAAAA{AA}AB
Diallate,-3.827,1,270.225,0,0,4,20.31,-4.2860000000000005,CC(C)N(C(C)C)C(=O)SCC(=CCl)Cl,85.70967741935483,AA{A}D{A{A}A}A{~B}EAA{~AZ}Z
Toluene ,-2.713,1,92.141,0,1,0,0.0,-2.21,Cc1ccccc1,2.7137546468401474,Aaraaaaar
Nitrapyrin,-3.833,1,230.909,0,1,0,12.89,-3.76,Clc1cccc(n1)C(Cl)(Cl)Cl,94.19354838709678,Zaraaaa{dr}A{Z}{Z}Z
Cycloheptene,-2.599,2,96.173,0,1,0,0.0,-3.18,C1CCC=CCC1,24.077669902912618,ArAAA~AAAr
Thiram,-2.444,1,240.444,0,0,0,6.48,-3.9,CN(C)C(=S)SSC(=S)N(C)C ,91.93548387096774,AD{A}A{~E}EEA{~E}D{A}A 
Griseofulvin,-3.3280000000000003,1,352.7700000000001,0,3,3,71.06,-3.2460000000000004,COC1=CC(=O)CC(C)C13Oc2c(Cl)c(OC)cc(OC)c2C3=O,22.796116504854364,ABAr~AA{~B}AA{A}ArtBasa{Z}a{BA}aa{BA}asAt~B
1-Decanol,-2.814,1,158.285,1,0,8,20.23,-3.63,CCCCCCCCCCO,96.29032258064515,AAAAAAAAAAB
"3,3-Dimethylpentane",-2.938,1,100.20499999999998,0,0,2,0.0,-4.23,CCC(C)(C)CC,86.61290322580643,AAA{A}{A}AA
vamidothion,-1.446,1,287.343,1,0,8,64.63000000000001,1.144,CNC(=O)C(C)SCCSP(=O)(OC)(OC),76.92957746478874,ADA{~B}A{A}EAAEK{~B}{BA}{BA}
"2,3,4,5-Tetrachlorophenol",-4.335,1,231.893,1,1,0,20.23,-3.15,Oc1cc(Cl)c(Cl)c(Cl)c1Cl,24.660194174757283,Baraa{Z}a{Z}a{Z}arZ
Butyraldehyde,-0.7490000000000001,1,72.107,0,0,2,17.07,-0.01,CCCC=O,68.80281690140845,AAAA~B
dexamethasone acetate,-3.933,1,434.5040000000003,2,4,3,100.9,-4.9,CC4CC3C2CCC1=CC(=O)C=CC1(C)C2(F)C(O)CC3(C)C4(O)C(=O)COC(C)=O ,59.280575539568346,AAuAAtAsAAAr~AA{~B}A~AAr{A}As{G}A{B}AAt{A}Au{B}A{~B}ABA{A}~B 
Butane,-1.907,1,58.124,0,0,1,0.0,-2.57,CCCC,35.92233009708738,AAAA
o-Methoxyphenol,-1.941,1,124.13899999999995,1,1,1,29.46,-1.96,COc1ccccc1O,7.360594795539033,ABaraaaaarB
Fluoromethalone,-3.507,1,376.4680000000001,2,4,1,74.6,-4.099,CC1CC2C3CCC(O)(C(=O)C)C3(C)CC(O)C2(F)C4(C)C=CC(=O)C=C14,88.72580645161288,AArAAsAtAAA{B}{A{~B}A}At{A}AA{B}As{G}Au{A}A~AA{~B}A~Aru
Pentachloroethane,-3.382,1,202.295,0,0,0,0.0,-2.6,ClC(Cl)C(Cl)(Cl)Cl,35.33980582524271,ZA{Z}A{Z}{Z}Z
Diethyl phthalate ,-3.016,1,222.23999999999995,0,1,4,52.60000000000001,-2.35,CCOC(=O)c1ccccc1C(=O)OCC,0.11152416356876922,AABA{~B}araaaaarA{~B}BAA
2-Methylpropan-1-ol,-0.672,1,74.12299999999999,1,0,1,20.23,0.1,CC(C)CO,69.5774647887324,AA{A}AB
Isobutylbenzene,-3.57,1,134.22199999999998,0,1,2,0.0,-4.12,CC(C)Cc1ccccc1,88.38709677419354,AA{A}Aaraaaaar
Diiodomethane,-2.958,1,267.835,0,0,0,0.0,-2.34,ICI,0.2973977695167289,HAH
4-Heptanol,-1.6780000000000002,1,116.204,1,0,4,20.23,-1.4,CCCC(O)CCC,17.769516728624538,AAAA{B}AAA
Pentyl acetate,-1.833,1,130.18699999999998,0,0,4,26.3,-1.89,CCCCCOC(=O)C,8.661710037174721,AAAAABA{~B}A
"2,3,5,6-Tetrachlorophenol",-4.203,1,231.893,1,1,0,20.23,-3.37,Oc1c(Cl)c(Cl)cc(Cl)c1Cl,20.388349514563107,Bara{Z}a{Z}aa{Z}arZ
Propylbenzene ,-3.281,1,120.19499999999996,0,1,2,0.0,-3.37,CCCc1ccccc1,20.388349514563107,AAAaraaaaar
"1,2-Dichlorotetrafluoroethane",-2.697,1,170.92000000000002,0,0,1,0.0,-2.74,FC(F)(Cl)C(F)(F)Cl,32.62135922330096,GA{G}{Z}A{G}{G}Z
2-butenal,-0.604,1,70.09100000000001,0,0,1,17.07,0.32,CC=CC=O,71.12676056338027,AA~AA~B
tetramethylurea,-0.495,1,116.164,0,0,0,23.550000000000004,0.94,CN(C)C(=O)N(C)C ,75.49295774647888,AD{A}A{~B}D{A}A 
"1,2,4,5-Tetramethylbenzene",-3.664,1,134.22199999999998,0,1,0,0.0,-4.59,Cc1cc(C)c(C)cc1C,80.80645161290322,Aaraa{A}a{A}aarA
norethindrone acetate,-4.2410000000000005,1,340.4630000000001,0,4,1,43.370000000000005,-4.8,CC(=O)OC3(CCC4C2CCC1=CC(=O)CCC1C2CCC34C)C#C,59.56834532374101,AA{~B}BAt{AAAuAsAAAr~AA{~B}AAArAsAAAtuA}A^A
Ditalimfos,-3.992,1,299.28800000000007,0,2,5,55.84,-3.35,CCOP(=S)(OCC)N2C(=O)c1ccccc1C2=O,20.776699029126213,AABK{~E}{BAA}DsA{~B}araaaaarAs~B
salicylanilide,-3.782,1,213.236,2,2,2,49.33,-3.59,c1ccccc1NC(=O)c2c(O)cccc2,96.93548387096774,araaaaarDA{~B}asa{B}aaaas
Sulfallate,-3.254,1,223.794,0,0,4,3.24,-3.39,CCN(CC)C(=S)SCC(Cl)=C,20.0,AAD{AA}A{~E}EAA{Z}~A
Chloroethane,-1.165,1,64.515,0,0,0,0.0,-1.06,ClCC,61.408450704225345,ZAA
Mefluidide,-3.165,1,310.297,2,1,3,75.27000000000001,-3.24,CC(=O)Nc1cc(NS(=O)(=O)C(F)(F)F)c(C)cc1C,22.9126213592233,AA{~B}Daraa{DE{~B}{~B}A{G}{G}G}a{A}aarA
Piperine,-3.659,1,285.343,0,3,3,38.77,-3.46,O=C(C=CC=Cc2ccc1OCOc1c2)N3CCCCC3,99.03225806451613,B~A{A~AA~AasaaarBABaras}DtAAAAAt
cis-2-Pentene,-2.076,1,70.135,0,0,1,0.0,-2.54,CC/C=C\C,36.50485436893204,AALA~ARA
thiofanox,-2.7,1,218.322,1,0,3,50.69,-1.62,CNC(=O)ON=C(CSC)C(C)(C)C ,13.680297397769515,ADA{~B}BD~A{AEA}A{A}{A}A 
Cyclooctyl-5-spirobarbituric acid,-2.2840000000000003,1,224.26,2,2,0,75.27,-2.982,O=C2NC(=O)C1(CCCCCCC1)C(=O)N2,27.92233009708737,B~AsDA{~B}Ar{AAAAAAAr}A{~B}Ds
butacarb,-4.642,1,263.381,1,1,1,38.33,-4.24,c1(C(C)(C)C)cc(C(C)(C)C)cc(OC(=O)NC)c1,86.45161290322581,ar{A{A}{A}A}aa{A{A}{A}A}aa{BA{~B}DA}ar
Eriodictyol,-3.152,1,288.255,4,3,1,107.22,-3.62,Oc2cc(O)c1C(=O)CC(Oc1c2)c3ccc(O)c(O)c3,96.45161290322581,Basaa{B}arA{~B}AA{Baras}ataaa{B}a{B}at
Benzophenone,-3.612,1,182.222,0,2,2,17.07,-3.12,O=C(c1ccccc1)c2ccccc2,25.24271844660194,B~A{araaaaar}asaaaaas
Eicosane,-7.576,1,282.5559999999999,0,0,17,0.0,-8.172,CCCCCCCCCCCCCCCCCCCC,49.86474820143884,AAAAAAAAAAAAAAAAAAAA
hydrazobenzene,-3.492,2,184.242,2,2,3,24.06,-2.92,N(Nc1ccccc1)c2ccccc2 ,29.126213592233007,D{Daraaaaar}asaaaaas 
2-Ethyl-1-butanol,-1.381,1,102.177,1,0,3,20.23,-1.17,CCC(CC)CO,60.63380281690141,AAA{AA}AB
4-hydroxypyridine,-1.655,1,95.10099999999998,1,1,0,33.120000000000005,1.02,Oc1ccncc1,76.05633802816902,Baraadaar
"cis 1,2-Dichloroethylene",-1.561,1,96.94400000000002,0,0,0,0.0,-1.3,Cl\C=C/Cl,19.62825278810409,ZRA~ALZ
Methylcyclopentane,-2.452,1,84.162,0,1,0,0.0,-3.3,CC1CCCC1,21.74757281553398,AArAAAAr
4-Methyl-2-pentanol,-1.308,1,102.17699999999998,1,0,2,20.23,-0.8,CC(C)CC(C)O,63.23943661971831,AA{A}AA{A}B
RTI 11,-3.125,1,254.289,1,3,0,55.56,-3.928,O2c1ccc(N)cc1N(C)C(=O)c3cc(C)ccc23 ,91.48387096774194,Bsaraaa{D}aarD{A}A{~B}ataa{A}aaast 
"2,2-Dimethylpropanol",-1.011,1,88.14999999999999,1,0,0,20.23,-0.4,CC(C)(C)CO,66.05633802816901,AA{A}{A}AB
Triadimefon,-4.132,1,293.754,0,2,4,57.010000000000005,-3.61,CC(C)(C)C(=O)C(Oc1ccc(Cl)cc1)n2cncn2,96.61290322580646,AA{A}{A}A{~B}A{Baraaa{Z}aar}dsadads
Isocarboxazid,-2.251,1,231.255,2,2,4,67.16,-2.461,Cc1cc(no1)C(=O)NNCc2ccccc2,38.038834951456316,Aaraa{dbr}A{~B}DDAasaaaaas
Propylene,-1.235,1,42.081,0,0,0,0.0,-1.08,CC=C,61.26760563380282,AA~A
Dichlorophen,-4.924,1,269.127,2,2,2,40.46,-3.953,Oc1ccc(Cl)cc1Cc2cc(Cl)ccc2O,91.08064516129032,Baraaa{Z}aarAasaa{Z}aaasB
Desmedipham,-4.182,1,300.314,2,2,4,76.66,-4.632,CCOC(=O)Nc2cccc(OC(=O)Nc1ccccc1)c2 ,80.12903225806453,AABA{~B}Dasaaaa{BA{~B}Daraaaaar}as 
Anthraquinone,-3.34,1,208.216,0,3,0,34.14,-5.19,O=C1c2ccccc2C(=O)c3ccccc13,58.44604316546762,B~ArasaaaaasA{~B}ataaaaart
2-Octanol,-2.033,1,130.231,1,0,5,20.23,-2.09,CCCCCCC(C)O,4.944237918215615,AAAAAAA{A}B
Oxycarboxin,-2.169,1,267.306,1,2,2,72.47,-2.281,CC1=C(C(=O)Nc2ccccc2)S(=O)(=O)CCO1,1.3940520446096607,AAr~A{A{~B}Dasaaaaas}E{~B}{~B}AABr
Butylbenzene,-3.585,1,134.22199999999998,0,1,3,0.0,-4.06,CCCCc1ccccc1,89.35483870967742,AAAAaraaaaar
parabanic acid,1.091,1,114.06,2,1,0,75.27,-0.4,O=C1NC(=O)C(=O)N1 ,66.05633802816901,B~ArDA{~B}A{~B}Dr 
Abate,-6.678,1,466.47900000000016,0,2,10,55.38000000000001,-6.237,COP(=S)(OC)Oc1ccc(Sc2ccc(OP(=S)(OC)OC)cc2)cc1,55.433093525179856,ABK{~E}{BA}Baraaa{Easaaa{BK{~E}{BA}BA}aas}aar
Chlorthalidone,-2.564,1,338.7720000000001,3,3,2,109.49,-3.451,NS(=O)(=O)c1cc(ccc1Cl)C2(O)NC(=O)c3ccccc23,99.17741935483872,DE{~B}{~B}araa{aaarZ}As{B}DA{~B}ataaaaast
Isobutyl acetate,-1.463,1,116.15999999999998,0,0,2,26.3,-1.21,CC(C)COC(=O)C,60.352112676056336,AA{A}ABA{~B}A
"2,2,3-Trimethylbutane",-2.922,1,100.20499999999998,0,0,0,0.0,-4.36,CC(C)C(C)(C)C,84.51612903225806,AA{A}A{A}{A}A
"2,3,3',4,4'6-PCB",-7.746,1,395.3270000000001,0,2,1,0.0,-7.66,Clc1ccc(c(Cl)c1Cl)c2c(Cl)cc(Cl)c(Cl)c2Cl ,51.338129496402885,Zaraaa{a{Z}arZ}asa{Z}aa{Z}a{Z}asZ 
Phthalonitrile,-1.717,1,128.13399999999996,0,1,0,47.58,-2.38,N#Cc1ccccc1C#N,39.6116504854369,D^AaraaaaarA^D
m-Nitrotoluene,-2.64,1,137.138,0,1,1,43.14,-2.44,Cc1cccc(c1)N(=O)=O,38.44660194174757,Aaraaaa{ar}D{~B}~B
halothane,-2.608,1,197.381,0,0,0,0.0,-1.71,FC(F)(F)C(Cl)Br ,12.007434944237918,GA{G}{G}A{Z}X 
Oxamyl,-0.908,1,219.266,1,0,1,70.99999999999999,0.106,CNC(=O)ON=C(SC)C(=O)N(C)C,69.61971830985915,ADA{~B}BD~A{EA}A{~B}D{A}A
Thiometon,-3.323,1,246.359,0,0,7,18.46,-3.091,CCSCCSP(=S)(OC)OC,25.805825242718445,AAEAAEK{~E}{BA}BA
2-Methylbutane,-2.245,1,72.151,0,0,1,0.0,-3.18,CCC(C)C,24.077669902912618,AAA{A}A
Stirofos,-4.32,1,365.96400000000006,0,1,5,44.760000000000005,-4.522,COP(=O)(OC)OC(=CCl)c1cc(Cl)c(Cl)cc1Cl,81.9032258064516,ABK{~B}{BA}BA{~AZ}araa{Z}a{Z}aarZ
