Compound ID,ESOL predicted log solubility in mols per litre,Minimum Degree,Molecular Weight,Number of H-Bond Donors,Number of Rings,Number of Rotatable Bonds,Polar Surface Area,measured log solubility in mols per litre,smiles,transformed_solubility,transformed_smiles
Amigdalin,-0.974,1,457.4320000000001,7,3,7,202.32,-0.77,OCC3OC(OCC2OC(OC(C#N)c1ccccc1)C(O)C(O)C2O)C(O)C(O)C3O ,10.8024988583789,BAAtBA{BAAsBA{BA{A^D}araaaaar}A{B}A{B}AsB}A{B}A{B}AtB 
Fenfuram,-2.885,1,201.225,1,2,2,42.24,-3.3,Cc1occc1C(=O)Nc2ccccc2,99.91125162033299,AarbaaarA{~B}Dasaaaaas
citral,-2.579,1,152.237,0,0,4,17.07,-2.06,CC(C)=CCCC(C)=CC(=O),66.15188957163976,AA{A}~AAAA{A}~AA{~B}
Picene,-6.617999999999999,2,278.354,0,5,0,0.0,-7.87,c1ccc2c(c1)ccc3c2ccc4c5ccccc5ccc43,29.852060358106726,araaasa{ar}aaatasaaauavaaaaavaaaut
Thiophene,-2.232,2,84.14299999999999,0,1,0,0.0,-1.33,c1ccsc1,32.05564360363728,araasar
benzothiazole,-2.733,2,135.191,0,2,0,12.89,-1.5,c2ccc1scnc1c2 ,39.82212603099452,asaaarsadaras 
"2,2,4,6,6'-PCB",-6.545,1,326.437,0,2,1,0.0,-7.32,Clc1cc(Cl)c(c(Cl)c1)c2c(Cl)cccc2Cl,9.647448717247615,Zaraa{Z}a{a{Z}ar}asa{Z}aaaasZ
Estradiol,-4.138,1,272.388,2,4,0,40.46,-5.03,CC12CCC3C(CCc4cc(O)ccc34)C2CCC1O,49.04661539740017,AArsAAAtA{AAauaa{B}aaatu}AsAAArB
Dieldrin,-4.533,1,380.913,0,5,0,12.53,-6.29,ClC4=C(Cl)C5(Cl)C3C1CC(C2OC12)C3C4(Cl)C5(Cl)Cl,3.0380557398995753,ZAu~A{Z}Av{Z}AtArAA{AsBArs}AtAu{Z}Av{Z}Z
Rotenone,-5.246,1,394.4230000000002,0,5,3,63.22,-4.42,COc5cc4OCC3Oc2c1CC(Oc1ccc2C(=O)C3c4cc5OC)C(C)=C ,76.66644511161923,ABavaauBAAtBasarAA{BaraaasA{~B}AtauaavBA}A{A}~A 
2-pyrrolidone,0.243,1,85.10600000000001,1,1,0,29.1,1.07,O=C1CCCN1,26.6340598350207,B~ArAAADr
2-Chloronapthalene,-4.063,1,162.61899999999997,0,2,0,0.0,-4.14,Clc1ccc2ccccc2c1,86.8795189720759,Zaraaasaaaaasar
1-Pentene ,-2.01,1,70.135,0,0,2,0.0,-2.68,CCCC=C,89.78225882442429,AAAA~A
Primidone,-1.897,1,218.256,2,2,2,58.2,-2.64,CCC1(C(=O)NCNC1=O)c2ccccc2,88.59849085804485,AAAr{A{~B}DADAr~B}asaaaaas
Tetradecane,-5.45,1,198.39399999999995,0,0,11,0.0,-7.96,CCCCCCCCCCCCCC,33.848110428360286,AAAAAAAAAAAAAA
2-Chloropropane,-1.585,1,78.542,0,0,0,0.0,-1.41,CC(C)Cl,35.66406706756178,AA{A}Z
2-Methylbutanol,-1.027,1,88.14999999999999,1,0,2,20.23,-0.47,CCC(C)CO,3.636839803331088,AAA{A}AB
Benzonitrile,-2.03,1,103.12399999999997,0,1,0,23.79,-1.0,N#Cc1ccccc1,18.49386169531725,D^Aaraaaaar
Diazinon,-3.989,1,304.35200000000003,0,1,7,53.47,-3.64,CCOP(=S)(OCC)Oc1cc(C)nc(n1)C(C)C,98.26011746438957,AABK{~E}{BAA}Baraa{A}da{dr}A{A}A
2-Undecanol,-3.096,1,172.312,1,0,8,20.23,-2.94,CCCCCCCCCC(C)O,95.99777428427674,AAAAAAAAAA{A}B
"2,2',3,4,6-PCB",-6.627000000000001,1,326.437,0,2,1,0.0,-7.43,Clc1ccc(c(Cl)c1)c2c(Cl)ccc(Cl)c2Cl ,12.95994808809316,Zaraaa{a{Z}ar}asa{Z}aaa{Z}asZ 
Lenacil,-3.355,1,234.29899999999995,1,3,1,54.86,-4.593999999999999,O=c2[nH]c1CCCc1c(=O)n2C3CCCCC3,69.31570175809267,B~as{dH}arAAAara{~B}dsAtAAAAAt
Phorate,-3.747,1,260.386,0,0,8,18.46,-4.11,CCOP(=S)(OCC)SCSCC,87.83001758475069,AABK{~E}{BAA}EAEAA
Phenacetin,-2.342,1,179.219,1,1,3,38.33,-2.35,CCOc1ccc(NC(=O)C)cc1,78.45602809945834,AABaraaa{DA{~B}A}aar
Dinitramine,-4.479,1,322.243,1,1,5,115.54000000000002,-5.47,CCN(CC)c1c(cc(c(N)c1N(=O)=O)C(F)(F)F)N(=O)=O,28.767127290489046,AAD{AA}ara{aa{a{D}arD{~B}~B}A{G}{G}G}D{~B}~B
1-Heptanol,-1.751,1,116.204,1,0,5,20.23,-1.81,CCCCCCCO,54.52266126272023,AAAAAAAB
Theophylline,-1.452,1,180.167,1,2,0,72.68,-1.39,Cn1c(=O)n(C)c2nc[nH]c2c1=O,34.75331682523545,Adra{~B}d{A}asda{dH}asar~B
Butethal,-1.974,1,212.249,2,1,4,75.27000000000001,-1.661,CCCCC1(CC)C(=O)NC(=O)NC1=O,47.4268427357352,AAAAAr{AA}A{~B}DA{~B}DAr~B
"P,P'-DDE",-6.553,1,318.0300000000001,0,2,2,0.0,-6.9,ClC(Cl)=C(c1ccc(Cl)cc1)c2ccc(Cl)cc2,1.3305059814842923,ZA{Z}~A{araaa{Z}aar}asaaa{Z}aas
Methyl octanoate,-2.608,1,158.241,0,0,6,26.3,-3.17,CCCCCCCC(=O)OC,99.16020960746343,AAAAAAAA{~B}BA
"1,4-Diethylbenzene ",-3.633,1,134.22199999999998,0,1,2,0.0,-3.75,CCc1ccc(CC)cc1,96.62614353481858,AAaraaa{AA}aar
Terbufos,-4.367,1,288.44,0,0,7,18.46,-4.755,CCOP(=S)(OCC)SCSC(C)(C)C,62.036980860699096,AABK{~E}{BAA}EAEA{A}{A}A
Phenmedipham,-4.229,1,300.314,2,2,3,76.66,-4.805,COC(=O)Nc1cccc(OC(=O)Nc2cccc(C)c2)c1,59.710678354128355,ABA{~B}Daraaaa{BA{~B}Dasaaaa{A}as}ar
"1,1-Dichloroethylene",-1.939,1,96.944,0,0,0,0.0,-1.64,ClC(=C)Cl,46.4276373773396,ZA{~A}Z
1-Methylfluorene,-4.478,1,180.25000000000003,0,3,0,0.0,-5.22,Cc1cccc2c1Cc3ccccc32,40.05561083901432,AaraaaasarAataaaaats
Valeraldehyde,-1.103,1,86.13399999999999,0,0,3,17.07,-0.85,CCCCC=O,13.28185210152888,AAAAA~B
Diphenylamine,-3.857,2,169.227,1,2,2,12.03,-3.504,N(c1ccccc1)c2ccccc2,99.54565791164474,D{araaaaar}asaaaaas
Fenothiocarb,-3.297,1,253.367,0,1,6,29.540000000000003,-3.927,CN(C)C(=O)SCCCCOc1ccccc1,92.93116968986877,AD{A}A{~B}EAAAABaraaaaar
Piperophos,-4.637,1,353.4900000000001,0,1,9,38.77,-4.15,CCCOP(=S)(OCCC)SCC(=O)N1CCCCC1C,86.55594235845457,AAABK{~E}{BAAA}EAA{~B}DrAAAAArA
1-Iodoheptane,-3.904,1,226.101,0,0,5,0.0,-4.81,CCCCCCCI,59.47674685980757,AAAAAAAH
3-Chlorobiphenyl,-4.685,1,188.657,0,2,1,0.0,-4.88,c1c(Cl)cccc1c2ccccc2,56.181519312819674,ara{Z}aaaarasaaaaas
4-Pentene-1-ol,-0.7909999999999999,1,86.134,1,0,3,20.23,-0.15,OCCCC=C,0.15460120626666352,BAAAA~A
Cyclobutyl-5-spirobarbituric acid,-0.527,1,168.15200000000002,2,2,0,75.27,-1.655,O=C2NC(=O)C1(CCC1)C(=O)N2,47.14123270659837,B~AsDA{~B}Ar{AAAr}A{~B}Ds
menthol,-2.782,1,156.269,1,1,1,20.23,-2.53,CC(C)C1CCC(C)CC1O ,85.05915594509301,AA{A}ArAAA{A}AArB 
Isopropyl formate,-0.684,1,88.106,0,0,2,26.3,-0.63,CC(C)OC=O,7.020034275504361,AA{A}BA~B
2-Heptanol ,-1.6780000000000002,1,116.20399999999998,1,0,4,20.23,-1.55,CCCCCC(C)O,42.16650567122866,AAAAAA{A}B
p-Bromoacetanilide,-3.012,1,214.062,1,1,1,29.1,-3.083,CC(=O)Nc1ccc(Br)cc1,98.235096822757,AA{~B}Daraaa{X}aar
brompyrazone,-3.005,1,266.098,1,2,1,60.91,-3.127,c1ccccc1n2ncc(N)c(Br)c2(=O),98.74487972199609,araaaaardsdaa{D}a{X}as{~B}
nifedipine,-4.248,1,346.33900000000017,1,2,4,107.77,-4.76,COC(=O)C1=C(C)NC(=C(C1c2ccccc2N(=O)=O)C(=O)OC)C ,61.80549461121901,ABA{~B}Ar~A{A}DA{~A{ArasaaaaasD{~B}~B}A{~B}BA}A 
"2,7-dimethylquinoline",-3.342,1,157.216,0,2,0,12.89,-1.94,c2c(C)cc1nc(C)ccc1c2 ,60.64414436883736,asa{A}aarda{A}aaaras 
1-Octyne ,-2.509,1,110.2,0,0,4,0.0,-3.66,CCCCCCC#C,98.00202949708512,AAAAAAA^A
cyclobarbital,-2.421,1,236.27099999999996,2,2,2,75.27000000000001,-2.17,CCC1(C(=O)NC(=O)NC1=O)C2=CCCCC2 ,71.01683151216227,AAAr{A{~B}DA{~B}DAr~B}As~AAAAAs 
Chrysene,-5.568,2,228.294,0,4,0,0.0,-8.057,c1ccc2c(c1)ccc3c4ccccc4ccc23,38.287175305933395,araaasa{ar}aaatauaaaaauaaast
Bromacil,-3.419,1,261.119,1,1,2,54.86,-2.523,CCC(C)n1c(=O)[nH]c(C)c(Br)c1=O ,84.8204516013774,AAA{A}dra{~B}{dH}a{A}a{X}ar~B 
"2,2',3,3',5,6-PCB",-7.185,1,360.88200000000006,0,2,1,0.0,-8.6,Clc1cccc(c1Cl)c2c(Cl)c(Cl)cc(Cl)c2Cl ,63.878582280599794,Zaraaaa{arZ}asa{Z}a{Z}aa{Z}asZ 
2-Methylphenol,-2.281,1,108.14,1,1,0,20.23,-0.62,Cc1ccccc1O,6.778401892811637,AaraaaaarB
"2,2,5-Trimethylhexane",-3.631,1,128.259,0,0,2,0.0,-5.05,CC(C)CCC(C)(C)C,48.09357745491209,AA{A}AAA{A}{A}A
"1,4-Dimethylnaphthalene ",-4.147,1,156.228,0,2,0,0.0,-4.14,Cc1ccc(C)c2ccccc12,86.8795189720759,Aaraaa{A}asaaaaars
6-Methylchrysene,-5.931,1,242.321,0,4,0,0.0,-6.57,Cc1cc2c3ccccc3ccc2c4ccccc14,0.1738974122209358,Aaraasataaaaataaasauaaaaaru
2-Pentanone,-0.846,1,86.13399999999999,0,0,2,17.07,-0.19,CCCC(=O)C,0.3406491709375514,AAAA{~B}A
"2,2',3,3',5,5',6,6'-PCB",-8.304,1,429.77200000000016,0,2,1,0.0,-9.15,Clc1cc(Cl)c(Cl)c(c1Cl)c2c(Cl)c(Cl)cc(Cl)c2Cl ,86.06435589751594,Zaraa{Z}a{Z}a{arZ}asa{Z}a{Z}aa{Z}asZ 
Methyl butyrate,-1.545,1,116.15999999999998,0,0,3,26.3,-0.82,CCCOC(=O)CC,12.326270345341683,AAABA{~B}AA
Triamcinolone,-2.734,1,394.43900000000014,4,4,2,115.06000000000002,-3.68,CC34CC(O)C1(F)C(CCC2=CC(=O)C=CC12C)C3CC(O)C4(O)C(=O)CO,97.72648751504005,AAtuAA{B}Ar{G}A{AAAs~AA{~B}A~AArsA}AtAA{B}Au{B}A{~B}AB
p-Aminophenol,-1.231,1,109.128,2,1,0,46.25,-0.8,Nc1ccc(O)cc1,11.706291144914632,Daraaa{B}aar
Benznidazole,-2.321,1,260.253,1,2,5,90.06,-2.81,O=C(Cn1ccnc1N(=O)=O)NCc2ccccc2,93.22159810718838,B~A{AdraadarD{~B}~B}DAasaaaaas
"Atovaquone(0,430mg/ml) - neutral",-6.269,1,366.84400000000016,1,4,2,54.37,-5.931,OC4=C(C1CCC(CC1)c2ccc(Cl)cc2)C(=O)c3ccccc3C4=O,11.523002434151614,BAu~A{ArAAA{AAr}asaaa{Z}aas}A{~B}ataaaaatAu~B
Trietazine,-3.233,1,229.715,1,1,5,53.940000000000005,-4.06,CCNc1nc(Cl)nc(n1)N(CC)CC,89.3450351384252,AADarda{Z}da{dr}D{AA}AA
Pyrazinamide,-0.674,1,123.11499999999998,1,1,1,68.87,-0.667,NC(=O)c1cnccn1,7.947870259650286,DA{~B}aradaadr
Carbromal,-2.198,1,237.097,2,0,3,72.19,-2.68,CCC(Br)(CC)C(=O)NC(N)=O,89.78225882442429,AAA{X}{AA}A{~B}DA{D}~B
"2,2'-PCB",-4.984,1,223.102,0,2,1,0.0,-5.27,Clc1ccccc1c2ccccc2Cl ,37.73180644545484,ZaraaaaarasaaaaasZ 
nitrofurantoin,-1.243,1,238.159,1,2,3,118.04999999999998,-3.38,O=C2CN(N=Cc1ccc(o1)N(=O)=O)C(=O)N2 ,99.99304022919347,B~AsAD{D~Aaraaa{br}D{~B}~B}A{~B}Ds 
Nitrofen,-5.361000000000001,1,284.098,0,2,3,52.37,-5.46,Clc2ccc(Oc1ccc(cc1)N(=O)=O)c(Cl)c2,29.199687319298818,Zasaaa{Baraaa{aar}D{~B}~B}a{Z}as
Camphor,-2.158,1,152.237,0,2,0,17.07,-1.96,CC1(C)C2CCC1(C)C(=O)C2,61.57374006692314,AAr{A}AsAAAr{A}A{~B}As
5-Allyl-5-phenylbarbital,-2.36,1,244.25,2,2,3,75.27000000000001,-2.369,O=C1NC(=O)NC(=O)C1(CC=C)c1ccccc1,79.19609161808225,B~ArDA{~B}DA{~B}Ar{AA~A}araaaaar
Pentyl propanoate,-1.899,1,130.18699999999998,0,0,4,26.3,-2.25,CCCCC(=O)OCC,74.41286269143139,AAAAA{~B}BAA
Isopentyl acetate,-1.817,1,130.18699999999998,0,0,3,26.3,-1.92,CC(C)CCOC(=O)C,59.71067835412843,AA{A}AABA{~B}A
3-Hexanoyloxymethylphenyltoin,-4.1530000000000005,1,380.444,1,3,8,75.71,-5.886,O=C1N(COC(=O)CCCCC)C(=O)C(N1)(c2ccccc2)c3ccccc3,12.927942397567621,B~ArD{ABA{~B}AAAAA}A{~B}A{Dr}{asaaaaas}ataaaaat
"2,3',5-PCB",-5.7620000000000005,1,257.547,0,2,1,0.0,-6.01,Clc1cccc(c1)c2cc(Cl)ccc2Cl ,9.22934711936102,Zaraaaa{ar}asaa{Z}aaasZ 
1-Bromopropane,-1.949,1,122.993,0,0,1,0.0,-1.73,CCCBr,50.7150574111096,AAAX
Propiconazole,-4.603,1,342.2260000000001,0,3,5,49.17,-3.4930000000000003,CCCC1COC(Cn2cncn2)(O1)c3ccc(Cl)cc3Cl,99.61346433023233,AAAArABA{Adsadads}{Br}ataaa{Z}aatZ
Formothion,-2.087,1,257.273,0,0,6,55.84,-1.995,COP(=S)(OC)SCC(=O)N(C)C=O,63.190203777323994,ABK{~E}{BA}EAA{~B}D{A}A~B
4-methylpteridine,-1.24,1,146.15299999999996,0,2,0,51.56,-0.466,Cc1ncnc2nccnc12,3.5657814496538376,Aardadasdaadars
Thiourea,0.3289999999999999,1,76.12400000000001,2,0,0,52.04,0.32,NC(=S)N,3.3738564651814187,DA{~E}D
p-Xylene ,-3.035,1,106.168,0,1,0,0.0,-2.77,Cc1ccc(C)cc1,92.23171576571643,Aaraaa{A}aar
"1,2-Diethylbenzene",-3.6010000000000004,1,134.22199999999998,0,1,2,0.0,-3.28,CCc1ccccc1CC,99.84539879373332,AAaraaaaarAA
Hexachloroethane,-4.215,1,236.74,0,0,0,0.0,-3.67,ClC(Cl)(Cl)C(Cl)(Cl)Cl,97.86643414437187,ZA{Z}{Z}A{Z}{Z}Z
Flucythrinate,-6.877999999999999,1,451.4690000000001,0,3,9,68.55000000000001,-6.876,CC(C)C(C(=O)OC(C#N)c1cccc(Oc2ccccc2)c1)c3ccc(OC(F)F)cc3,1.0810867000431157,AA{A}A{A{~B}BA{A^D}araaaa{Basaaaaas}ar}ataaa{BA{G}G}aat
1-Nitropropane,-0.816,1,89.09399999999998,0,0,2,43.14,-0.8,CCCN(=O)=O,11.706291144914632,AAAD{~B}~B
Menthone,-2.516,1,154.253,0,1,1,17.07,-2.35,CC(C)C1CCC(C)CC1=O,78.45602809945834,AA{A}ArAAA{A}AAr~B
RTI 24,-4.423,1,273.723,1,3,1,45.23,-5.36,CCN2c1cc(Cl)ccc1NC(=O)c3cccnc23 ,33.62271367233058,AADsaraa{Z}aaarDA{~B}ataaadast 
"2,3-Dichloronitrobenzene",-3.322,1,192.00100000000003,0,1,1,43.14,-3.48,O=N(=O)c1c(Cl)c(Cl)ccc1,99.68656291449611,B~D{~B}ara{Z}a{Z}aaar
thiamylal,-3.063,1,254.355,2,1,5,58.2,-3.46,CCCC(C)C1(CC=C)C(=O)NC(=S)NC1=O ,99.78411355628853,AAAA{A}Ar{AA~A}A{~B}DA{~E}DAr~B 
Fluoranthene,-4.957,2,202.256,0,4,0,0.0,-6.0,c1ccc2c(c1)c3cccc4cccc2c34,9.50716021111334,araaasa{ar}ataaaauaaaasatu
Propylisopropylether,-1.354,1,102.17699999999998,0,0,3,9.23,-1.34,CCCOC(C)C,32.50141496081311,AAABA{A}A
"1,3-Dimethylnaphthalene",-4.147,1,156.22799999999998,0,2,0,0.0,-4.29,Cc1cc(C)c2ccccc2c1,81.69086553110773,Aaraa{A}asaaaaasar
diethylstilbestrol,-5.074,1,268.356,2,2,4,40.46,-4.07,CCC(=C(CC)c1ccc(O)cc1)c2ccc(O)cc2 ,89.04907633196282,AAA{~A{AA}araaa{B}aar}asaaa{B}aas 
Chlorothalonil,-3.995,1,265.914,0,1,0,47.58,-5.64,c1(C#N)c(Cl)c(C#N)c(Cl)c(Cl)c(Cl)1,21.740287482287822,ar{A^D}a{Z}a{A^D}a{Z}a{Z}a{Z}r
"2,3',4',5-PCB",-6.312,1,291.992,0,2,1,0.0,-7.25,Clc1ccc(Cl)c(c1)c2ccc(Cl)c(Cl)c2,7.768284234283568,Zaraaa{Z}a{ar}asaaa{Z}a{Z}as
styrene oxide,-1.826,2,120.15099999999995,0,2,1,12.53,-1.6,C1OC1c2ccccc2 ,44.528684581779785,ArBArasaaaaas 
Isopropylbenzene ,-3.265,1,120.19499999999996,0,1,1,0.0,-3.27,CC(C)c1ccccc1,99.80567402054244,AA{A}araaaaar
Deoxycorticosterone,-3.939,1,330.4680000000001,1,4,2,54.370000000000005,-3.45,CC12CCC3C(CCC4=CC(=O)CCC34C)C2CCC1C(=O)CO,99.82610258777905,AArsAAAtA{AAAu~AA{~B}AAAtuA}AsAAArA{~B}AB
chlorquinox,-4.438,1,267.93,0,2,0,25.78,-5.43,c2(Cl)c(Cl)c(Cl)c1nccnc1c2(Cl) ,30.50855432147637,as{Z}a{Z}a{Z}ardaadaras{Z} 
L-arabinose,0.601,1,150.13,4,1,0,90.15,0.39,C1OC(O)C(O)C(O)C1O,4.681812836031185,ArBA{B}A{B}A{B}ArB
Dichloromethane,-1.156,1,84.93299999999999,0,0,0,0.0,-0.63,ClCCl,7.020034275504361,ZAZ
1-Ethylnaphthalene ,-4.1,1,156.22799999999998,0,2,1,0.0,-4.17,CCc1cccc2ccccc12,85.89884954349927,AAaraaaasaaaaars
Methyl formate,-0.048,1,60.05200000000001,0,0,1,26.3,0.58,COC=O,9.229347119361043,ABA~B
o-Nitrophenol,-2.318,1,139.11,1,1,1,63.37,-1.74,Oc1ccccc1N(=O)=O,51.191690127217605,BaraaaaarD{~B}~B
thymine,-0.78,1,126.115,2,1,0,65.72,-1.506,Cc1c[nH]c(=O)[nH]c1=O ,40.10233509036959,Aara{dH}a{~B}{dH}ar~B 
2-Methylpropane,-1.891,1,58.124,0,0,0,0.0,-2.55,CC(C)C,85.73252734266352,AA{A}A
Inosine,-0.8340000000000001,1,268.22900000000004,4,3,2,133.75,-1.23,OCC1OC(C(O)C1O)n2cnc3c(O)ncnc23,27.69425727261344,BAArBA{A{B}ArB}dsadata{B}dadast
Ioxynil,-4.615,1,370.915,1,1,0,44.02,-3.61,Oc1c(I)cc(C#N)cc1I,98.61431959918572,Bara{H}aa{A^D}aarH
Niclosamide,-5.032,1,327.1230000000001,2,2,3,92.47,-4.7,Oc1ccc(Cl)cc1C(=O)Nc2ccc(cc2Cl)N(=O)=O,64.56412215165707,Baraaa{Z}aarA{~B}Dasaaa{aasZ}D{~B}~B
Pentane,-2.261,1,72.151,0,0,2,0.0,-3.18,CCCCC,99.24497972967652,AAAAA
Phenol,-1.991,1,94.113,1,1,0,20.23,0.0,c1ccccc1O,0.10351101267415119,araaaaarB
2-aminoanthracene,-3.789,1,193.249,1,3,0,26.02,-5.17,Nc3ccc2cc1ccccc1cc2c3 ,42.40201087934239,Dataaasaaraaaaaraasat 
theobromine,-1.05,1,180.167,1,2,0,72.68,-2.523,Cn1cnc2n(C)c(=O)[nH]c(=O)c12 ,84.8204516013774,Adradasd{A}a{~B}{dH}a{~B}ars 
Isoquinoline,-2.531,2,129.16199999999998,0,2,0,12.89,-1.45,c1ccc2cnccc2c1,37.50087256184403,araaasadaaasar
Anilofos,-5.106,1,367.86,0,1,7,38.77,-4.432,COP(=S)(OC)SCC(=O)N(C(C)C)c1ccc(Cl)cc1,76.18079561948343,ABK{~E}{BA}EAA{~B}D{A{A}A}araaa{Z}aar
Hexylbenzene ,-4.22,1,162.276,0,1,5,0.0,-5.21,CCCCCCc1ccccc1,40.52325314019236,AAAAAAaraaaaar
2-Chlorobiphenyl,-4.5280000000000005,1,188.657,0,2,1,0.0,-4.54,Clc1ccccc1c2ccccc2,71.66350257359841,Zaraaaaarasaaaaas
2-Methyl-1-Pentene,-2.3480000000000003,1,84.16199999999999,0,0,2,0.0,-3.03,CCCC(=C)C,97.50843686416233,AAAA{~A}A
"2,3,4-Trimethylpentane",-3.276,1,114.232,0,0,2,0.0,-4.8,CC(C)C(C)C(C)C,59.94438916098566,AA{A}A{A}A{A}A
Pentachlorobenzene,-5.167999999999999,1,250.339,0,1,0,0.0,-5.65,Clc1cc(Cl)c(Cl)c(Cl)c1Cl,21.348303018071547,Zaraa{Z}a{Z}a{Z}arZ
m-Nitrophenol,-2.318,1,139.11,1,1,1,63.37,-1.01,Oc1cccc(c1)N(=O)=O,18.865459984414112,Baraaaa{ar}D{~B}~B
1-Decene,-3.781,1,140.26999999999998,0,0,7,0.0,-5.51,CCCCCCCCC=C,27.056579385970526,AAAAAAAAA~A
Glyceryl triacetate,-1.285,1,218.205,0,0,5,78.9,-0.6,CC(=O)OCC(COC(=O)C)OC(=O)C,6.306945855418721,AA{~B}BAA{ABA{~B}A}BA{~B}A
dimethirimol,-3.57,1,209.293,1,1,4,49.25000000000001,-2.24,CCCCc1c(C)nc(nc1O)N(C)C ,73.99572490957632,AAAAara{A}da{darB}D{A}A 
Cyfluthrin,-6.84,1,434.29400000000015,0,3,6,59.32000000000001,-7.337000000000001,CC1(C)C(C=C(Cl)Cl)C1C(=O)OC(C#N)c2ccc(F)c(Oc3ccccc3)c2,10.131270021490579,AAr{A}A{A~A{Z}Z}ArA{~B}BA{A^D}asaaa{G}a{Bataaaaat}as
Pyridine,-1.481,2,79.10199999999998,0,1,0,12.89,0.76,c1ccncc1,14.771296449741754,araadaar
1-Bromoheptane,-3.366,1,179.101,0,0,5,0.0,-4.43,CCCCCCCBr,76.26197691850403,AAAAAAAX
"3,4-Dimethylpyridine",-2.067,1,107.156,0,1,0,12.89,0.36,Cc1ccncc1C,4.096190837534753,AaraadaarA
Fludrocortisone,-3.172,1,380.4560000000001,3,4,2,94.83,-3.43,CC34CC(O)C1(F)C(CCC2=CC(=O)CCC12C)C3CCC4(O)C(=O)CO ,99.89648898732585,AAtuAA{B}Ar{G}A{AAAs~AA{~B}AAArsA}AtAAAu{B}A{~B}AB 
ethiofencarb,-2.855,1,225.313,1,1,4,38.33,-2.09,CCSCc1ccccc1OC(=O)NC ,67.49858503918693,AAEAaraaaaarBA{~B}DA 
Malonic acid diethylester,-1.413,1,160.16899999999998,0,0,4,52.60000000000001,-0.82,CCOC(=O)CC(=O)OCC,12.326270345341683,AABA{~B}AA{~B}BAA
d-Limonene,-3.429,1,136.238,0,1,1,0.0,-4.26,CC1=CCC(CC1)C(C)=C,82.78395858899007,AAr~AAA{AAr}A{A}~A
Indan,-3.057,2,118.17899999999996,0,2,0,0.0,-3.04,C1Cc2ccccc2C1,97.65488643178027,ArAasaaaaasAr
p-t-Butylphenol,-3.192,1,150.22099999999998,1,1,0,20.23,-2.41,CC(C)(C)c1ccc(O)cc1,80.76011145516382,AA{A}{A}araaa{B}aar
Cyclopropyl-5-spirobarbituric acid,-0.088,1,154.125,2,2,0,75.27,-1.886,O=C2NC(=O)C1(CC1)C(=O)N2 ,58.11586511337749,B~AsDA{~B}Ar{AAr}A{~B}Ds 
m-Chloroiodobenzene,-4.384,1,238.455,0,1,0,0.0,-3.55,Clc1cccc(I)c1,99.20315377056077,Zaraaaa{H}ar
1-Bromonapthalene,-4.434,1,207.07,0,2,0,0.0,-4.35,Brc1cccc2ccccc12,79.42781680516175,Xaraaaasaaaaars
trans-2-Pentene ,-2.076,1,70.135,0,0,1,0.0,-2.54,CC/C=C/C,85.3974505385207,AALA~ALA
"2,6-Dimethylpyridine",-2.0980000000000003,1,107.156,0,1,0,12.89,0.45,Cc1cccc(C)n1,5.963770662831474,Aaraaaa{A}dr
Trichloroethylene,-2.312,1,131.389,0,0,0,0.0,-1.96,ClC=C(Cl)Cl,61.57374006692314,ZA~A{Z}Z
1-Napthylamine,-2.721,1,143.189,1,2,0,26.02,-1.92,Nc1cccc2ccccc12,59.71067835412843,Daraaaasaaaaars
m-Xylene ,-3.035,1,106.168,0,1,0,0.0,-2.82,Cc1cccc(C)c1,93.45930144998869,Aaraaaa{A}ar
2-hydroxypteridine,-1.404,1,148.125,1,2,0,71.79,-1.947,Oc2ncc1nccnc1n2,60.96996044451868,Basdaardaadards
Methanol,0.441,1,32.042,1,0,0,20.23,1.57,CO,49.52328603096588,AB
Amobarbital,-2.312,1,226.276,2,1,4,75.27000000000001,-2.468,CCC1(CCC(C)C)C(=O)NC(=O)NC1=O,82.89180734718033,AAAr{AAA{A}A}A{~B}DA{~B}DAr~B
2-Butanone,-0.491,1,72.107,0,0,1,17.07,0.52,CCC(=O)C,7.641159759729815,AAA{~B}A
5-fluorouracil,-0.792,1,130.078,2,1,0,65.72,-1.077,Fc1c[nH]c(=O)[nH]c1=O ,21.426492682219404,Gara{dH}a{~B}{dH}ar~B 
tubercidin,-0.892,1,266.257,4,3,2,126.65,-1.95,Nc1ncnc2n(ccc12)C3OC(CO)C(O)C3O ,61.10944716752371,Dardadasd{aaars}AtBA{AB}A{B}AtB 
"1,3-Benzenediol",-1.59,1,110.11199999999998,2,1,0,40.46,0.81,Oc1cccc(O)c1,16.502158552019164,Baraaaa{B}ar
1-Hexanol,-1.3969999999999998,1,102.177,1,0,4,20.23,-1.24,CCCCCCO,28.121918546271846,AAAAAAB
1-Chloropentane,-2.294,1,106.596,0,0,3,0.0,-2.73,CCCCCCl,91.18041552239193,AAAAAZ
"1,3-Butadiene",-1.376,1,54.09199999999999,0,0,1,0.0,-1.87,C=CC=C,57.36231123861872,A~AA~A
Propyl acetate,-1.125,1,102.13299999999998,0,0,2,26.3,-0.72,CCCOC(=O)C,9.367791956044508,AAABA{~B}A
"5,6,7,8-tetrahydro-2-naphthol",-3.0860000000000003,1,148.205,1,2,0,20.23,-1.99,Oc2ccc1CCCCc1c2 ,62.960137788067414,BasaaarAAAAaras 
chloroacetamide,-0.106,1,93.513,1,0,1,43.09,-0.02,NC(=O)CCl ,0.051267472156735217,DA{~B}AZ 
Iodofenphos,-6.148,1,413.0,0,1,4,27.69,-6.62,COP(=S)(OC)Oc1cc(Cl)c(I)cc1Cl,0.0319554682661205,ABK{~E}{BA}Baraa{Z}a{H}aarZ
4-Chlorotoluene,-3.297,1,126.586,0,1,0,0.0,-3.08,Cc1ccc(Cl)cc1,98.19723702729229,Aaraaa{Z}aar
Metribuzin,-2.324,1,214.294,1,1,1,73.8,-2.253,CSc1nnc(c(=O)n1N)C(C)(C)C,74.53757299423363,AEardda{a{~B}drD}A{A}{A}A
Tricresyl phosphate,-6.39,1,368.3690000000001,0,3,6,44.760000000000005,-6.01,Cc1ccc(OP(=O)(Oc2cccc(C)c2)Oc3ccccc3C)cc1,9.22934711936102,Aaraaa{BK{~B}{Basaaaa{A}as}BataaaaatA}aar
Caproaldehyde,-1.457,1,100.161,0,0,4,17.07,-1.3,CCCCCC=O,30.7282782193637,AAAAAA~B
Butamben,-3.039,1,193.246,1,1,4,52.32,-3.082,CCCCOC(=O)c1ccc(N)cc1,98.2225207239052,AAAABA{~B}araaa{D}aar
RTI 3,-3.049,1,255.277,1,3,0,68.45,-3.043,O2c1cc(C)ccc1N(C)C(=O)c3cc(N)cnc23 ,97.6979771485478,Bsaraa{A}aaarD{A}A{~B}ataa{D}adast 
Nerol,-2.603,1,154.253,1,0,4,20.23,-2.46,CC(C)=CCC/C(C)=C\CO,82.60361504909598,AA{A}~AAALA{A}~ARAB
"2,4'-PCB",-5.142,1,223.102,0,2,1,0.0,-5.28,Clc1ccc(cc1)c2ccccc2Cl ,37.27022273673353,Zaraaa{aar}asaaaaasZ 
3-Octanoyloxymethylphenytoin,-4.84,1,408.498,1,3,10,75.71,-6.523,O=C1N(COC(=O)CCCCCCC)C(=O)C(N1)(c2ccccc2)c3ccccc3,0.41056151705492483,B~ArD{ABA{~B}AAAAAAA}A{~B}A{Dr}{asaaaaas}ataaaaat
Nitroethane,-0.462,1,75.067,0,0,1,43.14,-0.22,CCN(=O)=O,0.5275982483679775,AAD{~B}~B
Ethalfluralin,-5.063,1,333.266,0,1,6,89.51999999999998,-6.124,CCN(CC(C)=C)c1c(cc(cc1N(=O)=O)C(F)(F)F)N(=O)=O,6.330142737283396,AAD{AA{A}~A}ara{aa{aarD{~B}~B}A{G}{G}G}D{~B}~B
"1,2,3,4-Tetrachlorobenzene",-4.546,1,215.894,0,1,0,0.0,-4.57,Clc1ccc(Cl)c(Cl)c1Cl,70.36586180884355,Zaraaa{Z}a{Z}arZ
Meprobamate,-1.376,1,218.253,2,0,6,104.64,-1.807,CCCC(C)(COC(N)=O)COC(N)=O ,54.380212864664536,AAAA{A}{ABA{D}~B}ABA{D}~B 
pregnenolone,-4.342,1,316.48500000000007,1,4,1,37.3,-4.65,CC(=O)C3CCC4C2CC=C1CC(O)CCC1(C)C2CCC34C ,66.82695814204324,AA{~B}AtAAAuAsAA~ArAA{B}AAAr{A}AsAAAtuA 
Iodomethane,-1.646,1,141.939,0,0,0,0.0,-1.0,CI,18.49386169531725,AH
cycloheximide,-1.5319999999999998,1,281.35200000000003,2,2,3,83.47,-1.13,CC1CC(C)C(=O)C(C1)C(O)CC2CC(=O)NC(=O)C2 ,23.535488265166183,AArAA{A}A{~B}A{Ar}A{B}AAsAA{~B}DA{~B}As 
3-Heptanoyloxymethylphenytoin,-4.496,1,394.471,1,3,9,75.71,-6.301,O=C1N(COC(=O)CCCCCC)C(=O)C(N1)(c2ccccc2)c3ccccc3,2.8606363590525374,B~ArD{ABA{~B}AAAAAA}A{~B}A{Dr}{asaaaaas}ataaaaat
isophorone,-2.015,1,138.20999999999998,0,1,0,17.07,-1.06,CC1=CC(=O)CC(C)(C)C1 ,20.7652209604574,AAr~AA{~B}AA{A}{A}Ar 
Butabarbital,-1.958,1,212.249,2,1,3,75.27000000000001,-2.39,O=C1NC(=O)NC(=O)C1(CC)C(C)CC,80.00289992357234,B~ArDA{~B}DA{~B}Ar{AA}A{A}AA
5-Nonanone,-2.329,1,142.242,0,0,6,17.07,-2.58,CCCCC(=O)CCCC,86.71814789847114,AAAAA{~B}AAAA
Glutethimide,-2.591,1,217.268,1,2,2,46.17,-2.337,CCC1(CCC(=O)NC1=O)c2ccccc2 ,77.94427359384639,AAAr{AAA{~B}DAr~B}asaaaaas 
3-Methylpentane,-2.6,1,86.178,0,0,2,0.0,-3.68,CCC(C)CC,97.72648751504005,AAA{A}AA
Etofenprox,-6.896,1,376.496,0,3,9,27.69,-8.6,CCOc1ccc(cc1)C(C)(C)COCc3cccc(Oc2ccccc2)c3,63.878582280599794,AABaraaa{aar}A{A}{A}ABAataaaa{Basaaaaas}at
Methaqualone,-3.881,1,250.301,0,3,1,34.89,-2.925,Cc1ccccc1n3c(C)nc2ccccc2c3=O,95.71275141143619,Aaraaaaardta{A}dasaaaaasat~B
Chloroacetonitrile,-0.4479999999999999,1,75.498,0,0,0,23.79,-0.092,ClCC#N,0.013640846969331655,ZAA^D
Trichloronate,-5.225,1,333.60400000000004,0,1,5,18.46,-5.752000000000001,CCOP(=S)(CC)Oc1cc(Cl)c(Cl)cc1Cl,17.50494699790045,AABK{~E}{AA}Baraa{Z}a{Z}aarZ
Ethisterone,-3.858,1,312.45300000000003,1,4,0,37.3,-5.66,CC12CCC(=O)C=C1CCC3C2CCC4(C)C3CCC4(O)C#C ,20.958923123453786,AArsAAA{~B}A~ArAAAtAsAAAu{A}AtAAAu{B}A^A 
Pyridazine,-0.619,2,80.08999999999999,0,1,0,25.78,1.1,c1ccnnc1,27.90783687325,araaddar
"1,2,3,5-Tetrachlorobenzene",-4.621,1,215.894,0,1,0,0.0,-4.63,Clc1cc(Cl)c(Cl)c(Cl)c1,67.72167209149553,Zaraa{Z}a{Z}a{Z}ar
Diosgenin,-5.681,1,414.63000000000017,1,6,0,38.69,-7.32,C1C(O)CCC2(C)CC3CCC4(C)C5(C)CC6OCC(C)CC6OC5CC4C3C=C21,9.647448717247615,ArA{B}AAAs{A}AAtAAAu{A}Av{A}AAwBAA{A}AAwBAvAAuAtA~Asr
o-Aminophenol,-1.465,1,109.128,2,1,0,46.25,-0.72,Nc1ccccc1O,9.367791956044508,DaraaaaarB
Ethyl nonanoate,-3.3160000000000003,1,186.295,0,0,8,26.3,-3.8,CCCCCCCCC(=O)OCC,95.71275141143623,AAAAAAAAA{~B}BAA
metalaxyl,-2.87,1,279.336,0,1,5,55.84,-1.601,COCC(=O)N(C(C)C(=O)OC)c1c(C)cccc1C ,44.57607290531102,ABAA{~B}D{A{A}A{~B}BA}ara{A}aaaarA 
Propoxur,-2.4090000000000003,1,209.245,1,1,3,47.56,-2.05,CNC(=O)Oc1ccccc1OC(C)C,65.6999999739123,ADA{~B}BaraaaaarBA{A}A
2-Chlorobutane,-1.94,1,92.569,0,0,1,0.0,-1.96,CCC(C)Cl,61.57374006692314,AAA{A}Z
2-Napthol,-3.08,1,144.17299999999997,1,2,0,20.23,-2.28,Oc1ccc2ccccc2c1,75.65080992856392,Baraaasaaaaasar
Oxadiazon,-5.265,1,345.22600000000017,0,2,3,57.26,-5.696000000000001,CC(C)Oc1cc(c(Cl)cc1Cl)n2nc(oc2=O)C(C)(C)C,19.579266004670533,AA{A}Baraa{a{Z}aarZ}dsda{bas~B}A{A}{A}A
1-Hexyne ,-1.801,1,82.14599999999999,0,0,2,0.0,-2.36,CCCCC#C,78.84671471829942,AAAAA^A
1-Nonyne ,-2.864,1,124.227,0,0,5,0.0,-4.24,CCCCCCCC#C,83.49784144798082,AAAAAAAA^A
2-Chlorotoluene,-3.297,1,126.586,0,1,0,0.0,-3.52,Cc1ccccc1Cl,99.43730408699045,AaraaaaarZ
Diisopropyl ether ,-1.281,1,102.177,0,0,2,9.23,-1.1,CC(C)OC(C)C,22.333069735103457,AA{A}BA{A}A
Dapsone,-2.464,1,248.307,2,2,2,86.18,-3.094,Nc1ccc(cc1)S(=O)(=O)c2ccc(N)cc2,98.37053744059928,Daraaa{aar}E{~B}{~B}asaaa{D}aas
Methyl hydrazine,0.5429999999999999,1,46.073,2,0,0,38.05,1.34,CNN,38.658277505272956,ADD
Propyne,-0.672,1,40.065000000000005,0,0,0,0.0,-0.41,CC#C,2.6423314364928343,AA^A
Phoxim,-4.557,1,298.304,0,1,7,63.84,-4.862,CCOP(=S)(OCC)ON=C(C#N)c1ccccc1,57.03208231027017,AABK{~E}{BAA}BD~A{A^D}araaaaar
Propetamphos,-2.826,1,281.314,1,0,7,56.790000000000006,-3.408,CCNP(=S)(OC)OC(=CC(=O)OC(C)C)C,99.95295823610495,AADK{~E}{BA}BA{~AA{~B}BA{A}A}A
Acrolein,-0.184,1,56.064,0,0,1,17.07,0.57,C=CC=O,8.955240265430136,A~AA~B
Hypoxanthine,-0.6559999999999999,1,136.114,2,2,0,74.43,-2.296,O=c1[nH]cnc2nc[nH]c12 ,76.30253177619228,B~ar{dH}adasda{dH}ars 
6-hydroxyquinoline,-2.725,1,145.161,1,2,0,33.120000000000005,-2.16,Oc2ccc1ncccc1c2 ,70.58332113579239,Basaaardaaaaras 
Fluorobenzene,-2.514,1,96.10399999999998,0,1,0,0.0,-1.8,Fc1ccccc1,54.047695919676855,Garaaaaar
1-Chloropropane,-1.585,1,78.542,0,0,1,0.0,-1.47,CCCCl,38.42625993307689,AAAZ
Ethyl acetate,-0.77,1,88.106,0,0,1,26.3,-0.04,CCOC(=O)C,0.017185786938972436,AABA{~B}A
"2,2-Dimethylpentane",-2.938,1,100.20499999999998,0,0,1,0.0,-4.36,CCCC(C)(C)C,79.04107687654616,AAAA{A}{A}A
Pentamethylbenzene,-3.993,1,148.249,0,1,0,0.0,-4.0,Cc1cc(C)c(C)c(C)c1C,91.04475973456981,Aaraa{A}a{A}a{A}arA
eucalyptol,-2.579,1,154.253,0,3,0,9.23,-1.64,CC12CCC(CC1)C(C)(C)O2 ,46.4276373773396,AArsAAA{AAr}A{A}{A}Bs 
dibutyl sebacate,-4.726,1,314.46600000000007,0,0,15,52.60000000000001,-3.896,CCCCOC(=O)CCCCCCCCC(=O)OCCCC,93.66985726271659,AAAABA{~B}AAAAAAAAA{~B}BAAAA
"4,4'-PCB",-5.299,1,223.102,0,2,1,0.0,-6.56,Clc1ccc(cc1)c2ccc(Cl)cc2 ,0.21588644371146604,Zaraaa{aar}asaaa{Z}aas 
"2,3-Dimethylpyridine",-2.067,1,107.156,0,1,0,12.89,0.38,Cc1cccnc1C,4.48246183665339,AaraaadarA
Carvone,-2.042,1,150.22099999999998,0,1,1,17.07,-2.06,CC(=C)C1CC=C(C)C(=O)C1,66.15188957163976,AA{~A}ArAA~A{A}A{~B}Ar
Carbophenthion,-5.827999999999999,1,342.875,0,1,8,18.46,-5.736000000000001,CCOP(=S)(OCC)SCSc1ccc(Cl)cc1,18.08841284933942,AABK{~E}{BAA}EAEaraaa{Z}aar
"Etoposide (148-167,25mg/ml)",-3.292,1,588.5620000000001,3,7,5,160.83,-3.571,COc1cc(cc(OC)c1O)C6C2C(COC2=O)C(OC4OC3COC(C)OC3C(O)C4O)c7cc5OCOc5cc67,99.01528548540992,ABaraa{aa{BA}arB}AwAsA{ABAs~B}A{BAuBAtABA{A}BAtA{B}AuB}axaavBABavaawx
Perylene,-6.007000000000001,2,252.316,0,5,0,0.0,-8.804,c1cc2cccc3c4cccc5cccc(c(c1)c23)c54,72.901053312161,araasaaaatauaaaavaaaa{a{ar}ast}avu
"2,4-Dinitrotoluene",-2.604,1,182.135,0,1,2,86.28,-2.82,Cc1ccc(cc1N(=O)=O)N(=O)=O,93.45930144998869,Aaraaa{aarD{~B}~B}D{~B}~B
2-bromonaphthalene,-4.434,1,207.07,0,2,0,0.0,-4.4,c1c(Br)ccc2ccccc12 ,77.46807264669626,ara{X}aaasaaaaars 
Formetanate,-1.846,1,221.26,1,1,3,53.93,-2.34,CNC(=O)Oc1cccc(N=CN(C)C)c1,78.06275469821024,ADA{~B}Baraaaa{D~AD{A}A}ar
6-methoxypteridine,-1.589,1,162.15200000000002,0,2,1,60.790000000000006,-1.139,COc2cnc1ncncc1n2,23.90048087836637,ABasadardadaards
nevirapine,-3.397,1,266.30400000000003,1,4,1,58.120000000000005,-3.19,Cc3ccnc4N(C1CC1)c2ncccc2C(=O)Nc34 ,99.32527325920604,AataadauD{ArAAr}asdaaaasA{~B}Datu 
Isazofos,-3.76,1,313.747,0,1,7,58.4,-3.658,CCOP(=S)(OCC)Oc1nc(Cl)n(n1)C(C)C,98.02862532275047,AABK{~E}{BAA}Barda{Z}d{dr}A{A}A
"2-Methyl-1,3-Butadiene ",-1.714,1,68.11900000000001,0,0,1,0.0,-2.03,CC(=C)C=C,64.7919803827557,AA{~A}A~A
linalool,-2.399,1,154.253,1,0,4,20.23,-1.99,CC(C)=CCCC(O)(C)C=C,62.960137788067414,AA{A}~AAAA{B}{A}A~A
Fenthion,-4.265,1,278.335,0,1,5,27.69,-4.57,COP(=S)(OC)Oc1ccc(SC)c(C)c1,70.36586180884355,ABK{~E}{BA}Baraaa{EA}a{A}ar
Cyclohexanol ,-1.261,1,100.161,1,1,0,20.23,-0.44,OC1CCCCC1,3.1204097259858345,BArAAAAAr
5-Allyl-5-methylbarbital,-1.013,1,182.179,2,1,2,75.27000000000001,-1.16,O=C1NC(=O)NC(=O)C1(C)CC=C,24.759557183675717,B~ArDA{~B}DA{~B}Ar{A}AA~A
Epiandrosterone,-3.882,1,290.447,1,4,0,37.3,-4.16,CC34CCC1C(CCC2CC(O)CCC12C)C3CCC4=O,86.22904264337194,AAtuAAArA{AAAsAA{B}AAArsA}AtAAAu~B
mannitol,0.647,1,182.172,6,0,5,121.38,0.06,OCC(O)C(O)C(O)C(O)CO ,0.368989828008659,BAA{B}A{B}A{B}A{B}AB 
4-Methylbiphenyl,-4.424,1,168.239,0,2,1,0.0,-4.62,Cc1ccc(cc1)c2ccccc2,68.16663289300561,Aaraaa{aar}asaaaaas
Atrazine,-3.069,1,215.688,2,1,4,62.73,-3.85,CCNc1nc(Cl)nc(NC(C)C)n1,94.69549074801688,AADarda{Z}da{DA{A}A}dr
Phenylthiourea,-1.7009999999999998,1,152.22199999999998,2,1,1,38.05,-1.77,NC(=S)Nc1ccccc1,52.62076503606592,DA{~E}Daraaaaar
4-Heptanone,-1.62,1,114.188,0,0,4,17.07,-1.3,CCCC(=O)CCC,30.7282782193637,AAAA{~B}AAA
"3,3-Dimethyl-2-butanone",-1.25,1,100.161,0,0,0,17.07,-0.72,CC(=O)C(C)(C)C,9.367791956044508,AA{~B}A{A}{A}A
4-Chlorophenol ,-2.761,1,128.558,1,1,0,20.23,-0.7,Oc1ccc(Cl)cc1,8.8195844776081,Baraaa{Z}aar
Cyclohexanone,-0.996,1,98.145,0,1,0,17.07,-0.6,O=C1CCCCC1,6.306945855418721,B~ArAAAAAr
m-Methylaniline,-1.954,1,107.156,1,1,0,26.02,-0.85,Cc1cccc(N)c1,13.28185210152888,Aaraaaa{D}ar
Trichloroacetonitrile,-2.019,1,144.388,0,0,0,23.79,-2.168,ClC(Cl)(Cl)C#N,70.93028102035612,ZA{Z}{Z}A^D
norflurazon,-4.029,1,303.67100000000005,1,2,2,46.92,-4.046,CNc2cnn(c1cccc(c1)C(F)(F)F)c(=O)c2Cl,89.7533627431181,ADasadd{araaaa{ar}A{G}{G}G}a{~B}asZ
2-Decanone,-2.617,1,156.269,0,0,7,17.07,-3.3,CCCCCCCCC(=O)C,99.91125162033299,AAAAAAAAA{~B}A
Ipazine,-3.497,1,243.742,1,1,5,53.940000000000005,-3.785,CCN(CC)c1nc(Cl)nc(NC(C)C)n1,95.99777428427674,AAD{AA}arda{Z}da{DA{A}A}dr
Benzocaine,-2.383,1,165.19199999999998,1,1,2,52.32,-2.616,CCOC(=O)c1ccc(N)cc1,87.86117211587768,AABA{~B}araaa{D}aar
"1,2,4-Trichlorobenzene",-4.083,1,181.449,0,1,0,0.0,-3.59,Clc1ccc(Cl)c(Cl)c1,98.82837593125723,Zaraaa{Z}a{Z}ar
Triazolam,-3.948,1,343.2170000000001,0,4,1,43.07,-4.09,Cc3nnc4CN=C(c1ccccc1Cl)c2cc(Cl)ccc2n34,88.44653672968352,AatddauAD~A{araaaaarZ}asaa{Z}aaasdtu
"1,2-Benzenediol",-1.635,1,110.11199999999998,2,1,0,40.46,0.62,Oc1ccccc1O,10.36258269779572,BaraaaaarB
Reverse Transcriptase inhibitor 1,-2.794,1,254.293,0,3,1,49.330000000000005,-2.62,CCN2c1ncccc1N(C)C(=O)c3cccnc23 ,87.98544577978457,AADsardaaaarD{A}A{~B}ataaadast 
Dimethyl sulfide,-0.758,1,62.137,0,0,0,0.0,-0.45,CSC,3.288311996522614,AEA
2-Bromotoluene,-3.667,1,171.03699999999998,0,1,0,0.0,-2.23,Cc1ccccc1Br,73.5764058071652,AaraaaaarX
O-Ethyl carbamate,-0.218,1,89.09400000000001,1,0,1,52.32,0.85,CCOC(=O)N,17.941844842994442,AABA{~B}D
megestrol acetate,-4.417,1,384.5160000000002,0,4,2,60.440000000000005,-5.35,CC(=O)OC3(CCC4C2C=C(C)C1=CC(=O)CCC1(C)C2CCC34C)C(C)=O ,34.07387425653559,AA{~B}BAt{AAAuAsA~A{A}Ar~AA{~B}AAAr{A}AsAAAtuA}A{A}~B 
"2,4-Dimethyl-3-pentanol",-1.6469999999999998,1,116.20399999999998,1,0,2,20.23,-1.22,CC(C)C(O)C(C)C,27.268623692442645,AA{A}A{B}A{A}A
Napthalene,-3.468,2,128.17399999999995,0,2,0,0.0,-3.6,c1ccc2ccccc2c1,98.72356236195789,araaasaaaaasar
N-Ethylaniline,-2.389,1,121.18299999999996,1,1,2,12.03,-1.7,CCNc1ccccc1,49.28494258889044,AADaraaaaar
Phenytoin,-3.057,1,252.273,2,3,2,58.2,-4.097,O=C1NC(=O)C(N1)(c2ccccc2)c3ccccc3,88.23233383363274,B~ArDA{~B}A{Dr}{asaaaaas}ataaaaat
"7,12-Dimethylbenz(a)anthracene",-6.297000000000001,1,256.348,0,4,0,0.0,-7.02,Cc1c2ccccc2c(C)c3ccc4ccccc4c13,2.9567690234704402,Aarasaaaaasa{A}ataaauaaaaauart
Dialifor,-5.026,1,393.85400000000016,0,2,8,55.84,-6.34,CCOP(=S)(OCC)SC(CCl)N1C(=O)c2ccccc2C1=O,2.2735124849599386,AABK{~E}{BAA}EA{AZ}DrA{~B}asaaaaasAr~B
Methoxychlor,-5.537999999999999,1,345.6529999999999,0,2,4,18.46,-6.89,COc1ccc(cc1)C(c2ccc(OC)cc2)C(Cl)(Cl)Cl,1.2234765992593877,ABaraaa{aar}A{asaaa{BA}aas}A{Z}{Z}Z
TEFLUBENZURON,-5.462000000000001,1,381.1120000000001,2,2,2,58.2,-7.28,Fc1cccc(F)c1C(=O)NC(=O)Nc2cc(Cl)c(F)c(Cl)c2F ,8.551083594928627,Garaaaa{G}arA{~B}DA{~B}Dasaa{Z}a{G}a{Z}asG 
3-Pentanoyloxymethylphenytoin,-3.81,1,366.417,1,3,7,75.71,-4.678,O=C1N(COC(=O)CCCC)C(=O)C(N1)(c2ccccc2)c3ccccc3,65.56415291780327,B~ArD{ABA{~B}AAAA}A{~B}A{Dr}{asaaaaas}ataaaaat
Monuron,-2.6710000000000003,1,198.653,1,1,1,32.34,-2.89,CN(C)C(=O)Nc1ccc(Cl)cc1,95.01144212536686,AD{A}A{~B}Daraaa{Z}aar
Flutriafol,-3.569,1,301.296,1,3,4,50.94,-3.37,OC(Cn1cncn1)(c2ccc(F)cc2)c3ccccc3F,99.99872165053985,BA{Adradadr}{asaaa{G}aas}ataaaaatG
triamcinolone diacetate,-3.876,1,478.51300000000026,2,4,4,127.20000000000002,-4.13,CC(=O)OCC(=O)C3(O)C(CC4C2CCC1=CC(=O)C=CC1(C)C2(F)C(O)CC34C)OC(C)=O ,87.19974306964964,AA{~B}BAA{~B}At{B}A{AAuAsAAAr~AA{~B}A~AAr{A}As{G}A{B}AAtuA}BA{A}~B 
1-Bromobutane,-2.303,1,137.01999999999998,0,0,2,0.0,-2.37,CCCCBr,79.23477903954263,AAAAX
"1,2,4,5-Tetrabromobenzene",-6.001,1,393.698,0,1,0,0.0,-6.98,Brc1cc(Br)c(Br)cc1Br,2.345113568219759,Xaraa{X}a{X}aarX
4-Methyl-2-pentanone,-1.1840000000000002,1,100.161,0,0,2,17.07,-0.74,CC(C)CC(=O)C,9.930773708934899,AA{A}AA{~B}A
cycloate,-3.35,1,215.36199999999997,0,1,3,20.31,-3.4,CCSC(=O)N(CC)C1CCCCC1 ,99.96804453173388,AAEA{~B}D{AA}ArAAAAAr 
4-Chloroanisole,-3.057,1,142.585,0,1,1,9.23,-2.78,COc1ccc(Cl)cc1,92.48500205653517,ABaraaa{Z}aar
Deltamethrin,-7.44,1,505.2060000000002,0,3,6,59.32000000000001,-8.402000000000001,CC1(C)C(C=C(Br)Br)C1C(=O)OC(C#N)c2cccc(Oc3ccccc3)c2,54.617606376686346,AAr{A}A{A~A{X}X}ArA{~B}BA{A^D}asaaaa{Bataaaaat}as
Talbutal,-2.06,1,224.26,2,1,4,75.27000000000001,-2.016,CCC(C)C1(CC=C)C(=O)NC(=O)NC1=O,64.15314673028418,AAA{A}Ar{AA~A}A{~B}DA{~B}DAr~B
Fenitrothion,-3.845,1,277.238,0,1,5,70.83000000000001,-4.04,COP(=S)(OC)Oc1ccc(N(=O)=O)c(C)c1,89.92619624443132,ABK{~E}{BA}Baraaa{D{~B}~B}a{A}ar
1-Iodonapthalene,-4.888999999999999,1,254.07,0,2,0,0.0,-4.55,Ic1cccc2ccccc12,71.23287270951089,Haraaaasaaaaars
Sorbitol,0.647,1,182.172,6,0,5,121.38,1.09,OCC(O)C(O)C(O)C(O)CO,27.48118459822868,BAA{B}A{B}A{B}A{B}AB
Ethanethiol,-0.968,1,62.137,1,0,0,0.0,-0.6,CCS,6.306945855418721,AAE
"1,1,2-Trichloroethane",-1.961,1,133.405,0,0,1,0.0,-1.48,ClCC(Cl)Cl,38.890552832476324,ZAA{Z}Z
Pyrolan,-3.141,1,245.282,0,2,2,47.36000000000001,-2.09,CN(C)C(=O)Oc1cc(C)nn1c2ccccc2,67.49858503918693,AD{A}A{~B}Baraa{A}ddrasaaaaas
o-Hydroxybenzamide,-1.942,1,137.13799999999998,2,1,1,63.32000000000001,-1.82,NC(=O)c1ccccc1O,54.99721547528026,DA{~B}araaaaarB
o-Nitrotoluene,-2.589,1,137.138,0,1,1,43.14,-2.33,Cc1ccccc1N(=O)=O,77.66693026489658,AaraaaaarD{~B}~B
"5,5-Diisopropylbarbital",-1.942,1,212.249,2,1,2,75.27000000000001,-2.766,O=C1NC(=O)NC(=O)C1(C(C)C)C(C)C,92.1293250128236,B~ArDA{~B}DA{~B}Ar{A{A}A}A{A}A
2-Ethyltoluene,-3.2960000000000003,1,120.19499999999996,0,1,1,0.0,-3.21,CCc1ccccc1C,99.47240175163202,AAaraaaaarA
1-Chloroheptane,-3.003,1,134.65,0,0,5,0.0,-4.0,CCCCCCCCl,91.04475973456981,AAAAAAAZ
Barbital,-1.265,1,184.195,2,1,2,75.27000000000001,-2.4,O=C1NC(=O)NC(=O)C1(CC)CC,80.38288666067594,B~ArDA{~B}DA{~B}Ar{AA}AA
Bibenzyl ,-4.301,2,182.266,0,2,3,0.0,-4.62,C(Cc1ccccc1)c2ccccc2,68.16663289300561,A{Aaraaaaar}asaaaaas
"1,1,2,2-Tetrachloroethane",-2.549,1,167.85,0,0,1,0.0,-1.74,ClC(Cl)C(Cl)Cl,51.191690127217605,ZA{Z}A{Z}Z
RTI 23,-4.228,1,283.331,1,3,2,54.46,-5.153,CCN2c1cc(OC)cc(C)c1NC(=O)c3cccnc23 ,43.20398812917242,AADsaraa{BA}aa{A}arDA{~B}ataaadast 
2-Methylphenanthrene,-4.87,1,192.261,0,3,0,0.0,-5.84,Cc1ccc2c(ccc3ccccc32)c1,14.434606925108644,Aaraaasa{aaataaaaats}ar
dibutylphthalate,-4.378,1,278.348,0,1,8,52.60000000000001,-4.4,CCCCOC(=O)c1ccccc1C(=O)OCCCC ,77.46807264669626,AAAABA{~B}araaaaarA{~B}BAAAA 
tetrachloroguaiacol,-4.299,1,261.919,1,1,1,29.46,-4.02,COc1c(O)c(Cl)c(Cl)c(Cl)c1Cl ,90.49283978888664,ABara{B}a{Z}a{Z}a{Z}arZ 
Dimecron,-2.426,1,299.6909999999999,0,0,8,65.07000000000001,0.523,CCN(CC)C(=O)C(=CCOP(=O)(OC)OC)Cl,7.717319109878263,AAD{AA}A{~B}A{~AABK{~B}{BA}BA}Z
Equilin,-3.555,1,268.356,1,4,0,37.3,-5.282,CC34CCC1C(=CCc2cc(O)ccc12)C3CCC4=O,37.1780435174543,AAtuAAArA{~AAasaa{B}aaars}AtAAAu~B
Chlorimuron-ethyl (ph 7),-3.719,1,414.82700000000017,1,2,8,127.79,-4.5760000000000005,CCOC(=O)c1ccccc1S(=O)(=O)NN(C=O)c2nc(Cl)cc(OC)n2,70.10430010334419,AABA{~B}araaaaarE{~B}{~B}DD{A~B}asda{Z}aa{BA}ds
p-Nitroanisole,-2.522,1,153.13699999999997,0,1,2,52.37,-2.41,COc1ccc(cc1)N(=O)=O,80.76011145516382,ABaraaa{aar}D{~B}~B
1-Chlorohexane,-2.648,1,120.623,0,0,4,0.0,-3.12,CCCCCCCl,98.66949401851572,AAAAAAZ
"2,2',3,3',4,4',5,5'-PCB",-8.468,1,429.77200000000016,0,2,1,0.0,-9.16,Clc1cc(c(Cl)c(Cl)c1Cl)c2cc(Cl)c(Cl)c(Cl)c2Cl,86.39290603835263,Zaraa{a{Z}a{Z}arZ}asaa{Z}a{Z}a{Z}asZ
Raffinose,0.496,1,504.4380000000001,11,3,8,268.67999999999995,-0.41,OCC1OC(CO)(OC2OC(COC3OC(CO)C(O)C(O)C3O)C(O)C(O)C2O)C(O)C1O,2.6423314364928343,BAArBA{AB}{BAsBA{ABAtBA{AB}A{B}A{B}AtB}A{B}A{B}AsB}A{B}ArB
hexacosane,-9.702,1,366.7180000000002,0,0,23,0.0,-8.334,CCCCCCCCCCCCCCCCCCCCCCCCCC,51.3823153073297,AAAAAAAAAAAAAAAAAAAAAAAAAA
RTI 5,-3.471,1,253.30499999999995,0,3,1,36.44,-3.324,CCN2c1ccccc1N(C)C(=O)c3cccnc23 ,99.96631771012939,AADsaraaaaarD{A}A{~B}ataaadast 
"1,1-Dichloroethane",-1.5759999999999998,1,98.96,0,0,0,0.0,-1.29,CC(Cl)Cl,30.289273391376685,AA{Z}Z
Sulfanilamide,-0.954,1,172.20899999999995,2,1,1,86.18,-1.34,Nc1ccc(cc1)S(N)(=O)=O,32.50141496081311,Daraaa{aar}E{D}{~B}~B
Isopropalin,-5.306,1,309.36600000000004,0,1,8,89.51999999999998,-6.49,CCCN(CCC)c1c(cc(cc1N(=O)=O)C(C)C)N(=O)=O,0.6362609951523601,AAAD{AAA}ara{aa{aarD{~B}~B}A{A}A}D{~B}~B
Lindane,-4.009,1,290.832,0,1,0,0.0,-4.64,ClC1C(Cl)C(Cl)C(Cl)C(Cl)C1Cl,67.27510030937255,ZArA{Z}A{Z}A{Z}A{Z}ArZ
Isofenphos,-4.538,1,345.4010000000002,1,1,8,56.790000000000006,-4.194,CCOP(=S)(NC(C)C)Oc1ccccc1C(=O)OC(C)C,85.09312933078674,AABK{~E}{DA{A}A}BaraaaaarA{~B}BA{A}A
"1,2,3-Trichlorobenzene",-4.008,1,181.449,0,1,0,0.0,-4.0,Clc1cccc(Cl)c1Cl,91.04475973456981,Zaraaaa{Z}arZ
Tetrachloromethane,-2.607,1,153.823,0,0,0,0.0,-2.31,ClC(Cl)(Cl)Cl,76.86777245966836,ZA{Z}{Z}Z
"3,4-Dichloronitrobenzene",-3.448,1,192.001,0,1,1,43.14,-3.2,O=N(=O)c1cc(Cl)c(Cl)cc1,99.40108289700487,B~D{~B}araa{Z}a{Z}aar
Cyclooctanol,-2.14,1,128.215,1,1,0,20.23,-1.29,OC1CCCCCCC1,30.289273391376685,BArAAAAAAAr
17a-Methyltestosterone,-4.073,1,302.4580000000001,1,4,0,37.3,-3.999,CC1(O)CCC2C3CCC4=CC(=O)CCC4(C)C3CCC21C,91.07196561462591,AAr{B}AAAsAtAAAu~AA{~B}AAAu{A}AtAAAsrA
Dulcin,-2.167,1,180.207,2,1,3,64.35,-2.17,CCOc1ccc(NC(N)=O)cc1,71.01683151216227,AABaraaa{DA{D}~B}aar
"trans-1,4-Dimethylcyclohexane",-3.305,1,112.216,0,1,0,0.0,-4.47,C/C1CCC(\C)CC1,74.62060172939707,ALArAAA{RA}AAr
"1,7-phenantroline",-2.994,2,180.21,0,3,0,25.78,-2.68,c1cnc2c(c1)ccc3ncccc23,89.78225882442429,aradasa{ar}aaatdaaaast
Methyl t-butyl ether ,-0.984,1,88.14999999999999,0,0,0,9.23,-0.24,COC(C)(C)C,0.6747267407939739,ABA{A}{A}A
Anethole,-3.254,1,148.20499999999998,0,1,2,9.23,-3.13,COc1ccc(C=CC)cc1,98.77652340074063,ABaraaa{A~AA}aar
1-Hexadecanol,-4.94,1,242.44699999999992,1,0,14,20.23,-7.0,CCCCCCCCCCCCCCCCO,2.6423314364928006,AAAAAAAAAAAAAAAAB
uracil,-0.441,1,112.088,2,1,0,65.72,-1.4880000000000002,O=c1cc[nH]c(=O)[nH]1 ,39.262716308502156,B~araa{dH}a{~B}{dH}r 
adenine,-1.255,1,135.13,2,2,0,80.47999999999999,-2.12,Nc1ncnc2nc[nH]c12 ,68.83096506546812,Dardadasda{dH}ars 
"2,2',3,4,5-PCB",-6.709,1,326.437,0,2,1,0.0,-7.21,Clc1cc(Cl)c(cc1Cl)c2cccc(Cl)c2Cl ,6.778401892811653,Zaraa{Z}a{aarZ}asaaaa{Z}asZ 
Ancymidol,-2.181,1,256.30499999999995,1,3,4,55.24,-2.596,COc1ccc(cc1)C(O)(C2CC2)c3cncnc3 ,87.23157996764188,ABaraaa{aar}A{B}{AsAAs}atadadat 
Benzo(b)fluoranthene,-6.007000000000001,2,252.316,0,5,0,0.0,-8.23,c1ccc2c(c1)c3cccc4c3c2cc5ccccc54,46.427637377339636,araaasa{ar}ataaaauatasaavaaaaavu
Carbanilide,-3.611,1,212.252,2,2,2,41.13,-3.15,O=C(Nc1ccccc1)Nc2ccccc2,98.97727081518764,B~A{Daraaaaar}Dasaaaaas
phenobarbital,-2.272,1,232.239,2,2,2,75.27000000000001,-2.322,CCC1(C(=O)NC(=O)NC1=O)c2ccccc2 ,77.34845814751634,AAAr{A{~B}DA{~B}DAr~B}asaaaaas 
"2',3,4-PCB",-5.686,1,257.547,0,2,1,0.0,-6.29,Clc1ccc(cc1)c2cccc(Cl)c2Cl ,3.0380557398995753,Zaraaa{aar}asaaaa{Z}asZ 
Isoproturon,-2.867,1,206.289,1,1,2,32.34,-3.536,CC(C)c1ccc(NC(=O)N(C)C)cc1,99.31744556413918,AA{A}araaa{DA{~B}D{A}A}aar
Azintamide,-2.231,1,259.762,0,1,5,46.09,-1.716,CCN(CC)C(=O)CSc1ccc(Cl)nn1,50.047672111951634,AAD{AA}A{~B}AEaraaa{Z}ddr
"2,2-Dimethyl-1-butanol",-1.365,1,102.17699999999998,1,0,2,20.23,-1.04,CCC(C)(C)CO,19.997100076427827,AAA{A}{A}AB
Ethyl pentanoate,-1.899,1,130.18699999999998,0,0,4,26.3,-1.75,CCCOC(=O)CCC,51.66821451327169,AAABA{~B}AAA
"2,4,6-Trinitrotoluene",-2.6060000000000003,1,227.132,0,1,3,129.42000000000002,-3.22,Cc1c(cc(cc1N(=O)=O)N(=O)=O)N(=O)=O,99.53922333987923,Aara{aa{aarD{~B}~B}D{~B}~B}D{~B}~B
Bensulide,-4.99,1,397.52400000000006,1,1,10,64.63,-4.2,CC(C)OP(=S)(OC(C)C)SCCNS(=O)(=O)c1ccccc1,84.8888115762092,AA{A}BK{~E}{BA{A}A}EAADE{~B}{~B}araaaaar
Cycloheptane,-2.9160000000000004,2,98.189,0,1,0,0.0,-3.51,C1CCCCCC1,99.50637509329069,ArAAAAAAr
Propyl formate,-0.757,1,88.10599999999998,0,0,3,26.3,-0.49,CCCOC=O,4.0022257157232675,AAABA~B
2-Isopropyltoluene,-3.585,1,134.22199999999995,0,1,1,0.0,-3.76,CC(C)c1ccccc1C,96.45187765120788,AA{A}araaaaarA
m-Chloroaniline,-2.392,1,127.574,1,1,0,26.02,-1.37,Nc1cccc(Cl)c1,33.84811042836028,Daraaaa{Z}ar
"2,4-Dimethylpentane",-2.938,1,100.20499999999998,0,0,2,0.0,-4.26,CC(C)CC(C)C,82.78395858899007,AA{A}AA{A}A
Dibenzofurane,-4.2010000000000005,2,168.195,0,3,0,13.14,-4.6,o1c2ccccc2c3ccccc13,69.05155990846539,brasaaaaasataaaaart
ethofumesate,-3.184,1,286.34900000000005,0,2,4,61.830000000000005,-3.42,CCOC2Oc1ccc(OS(C)(=O)=O)cc1C2(C)C,99.92487995693818,AABAsBaraaa{BE{A}{~B}~B}aarAs{A}A
Fluometuron,-3.065,1,232.205,1,1,1,32.34,-3.43,CN(C)C(=O)Nc1cccc(c1)C(F)(F)F,99.89648898732585,AD{A}A{~B}Daraaaa{ar}A{G}{G}G
Acridine,-3.846,2,179.22199999999998,0,3,0,12.89,-3.67,c3ccc2nc1ccccc1cc2c3,97.86643414437187,ataaasdaraaaaaraasat
Cortisone,-2.893,1,360.45000000000016,2,4,2,91.67,-3.11,CC12CC(=O)C3C(CCC4=CC(=O)CCC34C)C2CCC1(O)C(=O)CO,98.5580403578764,AArsAA{~B}AtA{AAAu~AA{~B}AAAtuA}AsAAAr{B}A{~B}AB
glucose,0.501,1,180.156,5,1,1,110.38,0.74,OCC1OC(O)C(O)C(O)C1O,14.101150456500704,BAArBA{B}A{B}A{B}ArB
3-Methylphenol,-2.313,1,108.14,1,1,0,20.23,-0.68,Cc1cccc(O)c1,8.286350607310505,Aaraaaa{B}ar
Indapamide,-4.345,1,365.842,2,3,3,92.5,-3.5860000000000003,CC2Cc1ccccc1N2NC(=O)c3ccc(Cl)c(c3)S(N)(=O)=O ,98.86905903697729,AAsAaraaaaarDsDA{~B}ataaa{Z}a{at}E{D}{~B}~B 
Lovastatin,-4.731,1,404.54700000000025,1,3,6,72.83,-6.005,CCC(C)C(=O)OC2CC(C)C=C3C=CC(C)C(CCC1CC(O)CC(=O)O1)C23 ,9.36779195604444,AAA{A}A{~B}BAsAA{A}A~AtA~AA{A}A{AAArAA{B}AA{~B}Br}Ast 
"1,4-Dinitrobenzene",-2.281,1,168.10799999999995,0,1,2,86.28,-3.39,O=N(=O)c1ccc(cc1)N(=O)=O,99.98281421306103,B~D{~B}araaa{aar}D{~B}~B
Reposal,-2.781,1,262.309,2,3,2,75.27000000000001,-2.696,CCC1(C(=O)NC(=O)NC1=O)C2=CCC3CCC2C3,90.23966003887035,AAAr{A{~B}DA{~B}DAr~B}As~AAAtAAAsAt
Ethyl decanoate,-3.671,1,200.322,0,0,9,26.3,-4.1,CCCCCCCCCC(=O)OCC,88.14001070745738,AAAAAAAAAA{~B}BAA
Fenuron,-1.847,1,164.208,1,1,1,32.34,-1.6,CN(C)C(=O)Nc1ccccc1,44.528684581779785,AD{A}A{~B}Daraaaaar
Ethyl propyl ether,-1.072,1,88.14999999999999,0,0,3,9.23,-0.66,CCCOCC,7.768284234283596,AAABAA
2-Propanol,-0.261,1,60.096,1,0,0,20.23,0.43,CC(C)O,5.520226300897063,AA{A}B
2-Methylnapthalene,-3.802,1,142.201,0,2,0,0.0,-3.77,Cc1ccc2ccccc2c1,96.27338908059899,Aaraaasaaaaasar
Chlorodibromethane,-2.54,1,208.28,0,0,0,0.0,-1.9,ClC(Br)Br,58.77368144031132,ZA{X}X
Hexestrol,-4.854,1,270.372,2,2,5,40.46,-4.43,CCC(C(CC)c1ccc(O)cc1)c2ccc(O)cc2,76.26197691850403,AAA{A{AA}araaa{B}aar}asaaa{B}aas
Malathion,-3.391,1,330.3640000000001,0,0,9,71.06,-3.37,CCOC(=O)CC(SP(=S)(OC)OC)C(=O)OCC,99.99872165053985,AABA{~B}AA{EK{~E}{BA}BA}A{~B}BAA
Benzylchloride,-2.887,1,126.58599999999996,0,1,1,0.0,-2.39,ClCc1ccccc1,80.00289992357234,ZAaraaaaar
t-Crotonaldehyde,-0.604,1,70.09100000000001,0,0,1,17.07,0.32,C/C=C/C=O,3.3738564651814187,ALA~ALA~B
Chlorbromuron,-3.938,1,293.548,1,1,2,41.57,-3.924,CON(C)C(=O)Nc1ccc(Br)c(Cl)c1,93.0043051463341,ABD{A}A{~B}Daraaa{X}a{Z}ar
"9,10-Dimethylanthracene",-5.228,1,206.288,0,3,0,0.0,-6.57,Cc1c2ccccc2c(C)c3ccccc13,0.1738974122209358,Aarasaaaaasa{A}ataaaaart
Methyl hexanoate,-1.899,1,130.18699999999998,0,0,4,26.3,-1.87,CCCCCC(=O)OC,57.36231123861872,AAAAAA{~B}BA
Dimefuron,-3.831,1,338.79500000000013,1,2,2,80.37,-4.328,CN(C)C(=O)Nc1ccc(c(Cl)c1)n2nc(oc2=O)C(C)(C)C,80.26917907666193,AD{A}A{~B}Daraaa{a{Z}ar}dsda{bas~B}A{A}{A}A
p-Fluoroacetanilide,-2.181,1,153.156,1,1,1,29.1,-1.78,CC(=O)Nc1ccc(F)cc1,53.09670458163016,AA{~B}Daraaa{G}aar
alachlor,-3.319,1,269.77199999999993,0,1,6,29.54,-3.26,CCc1cccc(CC)c1N(COC)C(=O)CCl ,99.76142168500618,AAaraaaa{AA}arD{ABA}A{~B}AZ 
Cyclohexene,-2.16,2,82.146,0,1,0,0.0,-2.59,C1CCC=CC1,87.04005191190683,ArAAA~AAr
Hydrocortisone ,-3.159,1,362.4660000000002,3,4,2,94.83,-3.09,CC12CC(O)C3C(CCC4=CC(=O)CCC34C)C2CCC1(O)C(=O)CO,98.32190112919965,AArsAA{B}AtA{AAAu~AA{~B}AAAtuA}AsAAAr{B}A{~B}AB
Pyrimidine,-0.884,2,80.08999999999999,0,1,0,25.78,1.1,c1cncnc1,27.90783687325,aradadar
p-Chloronitrobenzene,-2.901,1,157.55599999999998,0,1,1,43.14,-2.92,Clc1ccc(cc1)N(=O)=O,95.61566312424807,Zaraaa{aar}D{~B}~B
Methyl propionate,-0.836,1,88.106,0,0,1,26.3,-0.14,CCC(=O)OC,0.11940760658371019,AAA{~B}BA
o-Chloronitrobenzene,-2.775,1,157.55599999999998,0,1,1,43.14,-2.55,Clc1ccccc1N(=O)=O,85.73252734266352,ZaraaaaarD{~B}~B
Neburon,-4.157,1,275.179,1,1,4,32.34,-4.77,CCCCN(C)C(=O)Nc1ccc(Cl)c(Cl)c1,61.341722494727016,AAAAD{A}A{~B}Daraaa{Z}a{Z}ar
Buthidazole,-2.398,1,256.331,1,2,1,69.56,-1.877,CN1CC(O)N(C1=O)c2nnc(s2)C(C)(C)C,57.692212224584004,ADrAA{B}D{Ar~B}asdda{ss}A{A}{A}A
Nitrobenzene,-2.2880000000000003,1,123.11099999999996,0,1,1,43.14,-1.8,O=N(=O)c1ccccc1,54.047695919676855,B~D{~B}araaaaar
Iodobenzene,-3.8,1,204.01,0,1,0,0.0,-3.01,Ic1ccccc1,97.20259523533927,Haraaaaar
Metolazone,-3.777,1,365.8420000000001,2,3,2,92.5,-3.78,CC2Nc1cc(Cl)c(cc1C(=O)N2c3ccccc3C)S(N)(=O)=O ,96.09069404841492,AAsDaraa{Z}a{aarA{~B}DsataaaaatA}E{D}{~B}~B 
Methocarbamol,-1.4280000000000002,1,241.24299999999997,2,1,6,91.01,-0.985,COc1ccccc1OCC(O)COC(N)=O,17.941844842994474,ABaraaaaarBAA{B}ABA{D}~B
butachlor,-4.347,1,311.85300000000007,0,1,9,29.54,-4.19,CCCCOCN(C(=O)CCl)c1c(CC)cccc1CC ,85.22870355025816,AAAABAD{A{~B}AZ}ara{AA}aaaarAA 
"2,3-Dichlorophenol",-3.144,1,163.003,1,1,0,20.23,-1.3,Oc1cccc(Cl)c1Cl,30.7282782193637,Baraaaa{Z}arZ
Propyl butyrate,-1.1909999999999998,1,102.13299999999998,0,0,2,26.3,-1.92,CCCC(=O)OC,59.71067835412843,AAAA{~B}BA
Propanil,-3.644,1,218.083,1,1,2,29.1,-3.0,CCC(=O)Nc1ccc(Cl)c(Cl)c1,97.0432309765296,AAA{~B}Daraaa{Z}a{Z}ar
Triamterene,-3.051,1,253.26900000000003,3,3,1,129.62,-2.404,Nc3nc(N)c2nc(c1ccccc1)c(N)nc2n3,80.53410993756384,Datda{D}asda{araaaaar}a{D}dasdt
Ethyl hexanoate,-2.254,1,144.21399999999997,0,0,5,26.3,-2.35,CCCCCC(=O)OCC,78.45602809945834,AAAAAA{~B}BAA
chloralose,-1.887,1,309.529,3,2,2,88.38000000000001,-1.84,OCC(O)C2OC1OC(OC1C2O)C(Cl)(Cl)Cl ,55.944917993698425,BAA{B}AsBArBA{BArAsB}A{Z}{Z}Z 
Amitraz,-5.533,1,293.41400000000004,0,2,4,27.96,-5.47,CN(C=Nc1ccc(C)cc1C)C=Nc2ccc(C)cc2C,28.767127290489046,AD{A~Daraaa{A}aarA}A~Dasaaa{A}aasA
Prometon,-3.448,1,225.296,2,1,5,71.96000000000001,-2.478,COc1nc(NC(C)C)nc(NC(C)C)n1,83.24935474475095,ABarda{DA{A}A}da{DA{A}A}dr
1-Octene ,-3.073,1,112.216,0,0,5,0.0,-4.44,CCCCCCC=C,75.85512139221548,AAAAAAA~A
p-Methylaniline ,-1.954,1,107.156,1,1,0,26.02,-1.21,Cc1ccc(N)cc1,26.845056497788118,Aaraaa{D}aar
aminothiazole,-1.226,1,100.146,1,1,0,38.91,-0.36,Nc1nccs1 ,1.9318084227205656,Dardaasr 
Metolcarb,-1.947,1,151.165,1,1,1,38.33,-1.803,c1ccccc1(OC(=O)NC),54.19022612296993,araaaaar{BA{~B}DA}
3-Hexanol,-1.324,1,102.177,1,0,3,20.23,-0.8,CCCC(O)CC,11.706291144914632,AAAA{B}AA
9-anthrol,-4.148,1,194.233,1,3,0,20.23,-4.73,c3ccc2c(O)c1ccccc1cc2c3 ,63.19020377732396,ataaasa{B}araaaaaraasat 
2-Methylanthracene,-4.87,1,192.261,0,3,0,0.0,-6.96,Cc1ccc2cc3ccccc3cc2c1,2.065223490020507,Aaraaasaataaaaataasar
"1,2,3-Trimethylbenzene ",-3.312,1,120.195,0,1,0,0.0,-3.2,Cc1cccc(C)c1C,99.40108289700487,Aaraaaa{A}arA
Aminocarb,-2.677,1,208.261,1,1,2,41.57,-2.36,CNC(=O)Oc1ccc(N(C)C)c(C)c1,78.84671471829942,ADA{~B}Baraaa{D{A}A}a{A}ar
2-Nonanol,-2.387,1,144.258,1,0,6,20.23,-2.74,CCCCCCCC(C)O,91.44891640507142,AAAAAAAA{A}B
Methyldymron,-3.863,1,268.36,1,2,3,32.34,-3.35,CN(C(=O)NC(C)(C)c1ccccc1)c2ccccc2,99.99644905617745,AD{A{~B}DA{A}{A}araaaaar}asaaaaas
3-Hexanone,-1.266,1,100.161,0,0,3,17.07,-0.83,CCCC(=O)CC,12.64141118387953,AAAA{~B}AA
bromoxynil,-3.793,1,276.915,1,1,0,44.02,-3.33,Oc1c(Br)cc(C#N)cc1Br ,99.97599725631173,Bara{X}aa{A^D}aarX 
"3,4-PCB",-5.223,1,223.102,0,2,1,0.0,-6.39,Clc1ccc(cc1Cl)c2ccccc2 ,1.6174133823895542,Zaraaa{aarZ}asaaaaas 
Mefenacet,-4.504,1,298.367,0,3,4,42.43000000000001,-4.873,CN(C(=O)COc1nc2ccccc2s1)c3ccccc3,56.512523944536056,AD{A{~B}ABardasaaaaassr}ataaaaat
5-hydroxyquinoline,-2.725,1,145.161,1,2,0,33.120000000000005,-2.54,Oc1cccc2ncccc12 ,85.3974505385207,Baraaaasdaaaars 
Carboxin,-2.927,1,235.308,1,2,2,38.33,-3.14,CC1=C(SCCO1)C(=O)Nc2ccccc2,98.87911877509333,AAr~A{EAABr}A{~B}Dasaaaaas
Ethoxyzolamide,-3.085,1,258.324,1,2,3,82.28,-3.81,CCOc2ccc1nc(sc1c2)S(N)(=O)=O ,95.5175381633466,AABasaaarda{saras}E{D}{~B}~B 
Pentachlorophenol,-4.835,1,266.338,1,1,0,20.23,-4.28,Oc1c(Cl)c(Cl)c(Cl)c(Cl)c1Cl,82.05815515700546,Bara{Z}a{Z}a{Z}a{Z}arZ
Bromochloromethane,-1.519,1,129.384,0,0,0,0.0,-0.89,ClCBr,14.60254946147938,ZAX
metharbital,-1.658,1,198.222,1,1,2,66.48,-2.23,CCC1(CC)C(=O)NC(=O)N(C)C1=O ,73.5764058071652,AAAr{AA}A{~B}DA{~B}D{A}Ar~B 
deoxycorticosterone acetate,-4.472,1,372.5050000000002,0,4,3,60.440000000000005,-4.63,CC(=O)OCC(=O)C3CCC4C2CCC1=CC(=O)CCC1(C)C2CCC34C ,67.72167209149553,AA{~B}BAA{~B}AtAAAuAsAAAr~AA{~B}AAAr{A}AsAAAtuA 
benzylurea,-1.509,1,150.18099999999998,2,1,2,55.120000000000005,-0.95,NC(=O)NCc1ccccc1 ,16.67949744257876,DA{~B}DAaraaaaar 
Chlortoluron,-3.048,1,212.68,1,1,1,32.34,-3.483,CN(C)C(=O)Nc1ccc(C)c(Cl)c1,99.67037112703912,AD{A}A{~B}Daraaa{A}a{Z}ar
Linuron,-3.5810000000000004,1,249.097,1,1,2,41.57,-3.592,CON(C)C(=O)Nc1ccc(Cl)c(Cl)c1,98.80776801602565,ABD{A}A{~B}Daraaa{Z}a{Z}ar
Cycloheptanol,-1.7,1,114.188,1,1,0,20.23,-0.88,OC1CCCCCC1,14.2674726573365,BArAAAAAAr
Thiamphenicol,-1.936,1,356.2270000000001,3,1,6,103.70000000000002,-2.154,CS(=O)(=O)c1ccc(cc1)C(O)C(CO)NC(=O)C(Cl)Cl ,70.32231424432251,AE{~B}{~B}araaa{aar}A{B}A{AB}DA{~B}A{Z}Z 
thiopental,-2.96,1,242.344,2,1,4,58.2,-3.36,CCCC(C)C1(CC)C(=O)NC(=S)NC1=O ,99.9998579606331,AAAA{A}Ar{AA}A{~B}DA{~E}DAr~B 
acetazolamide,-0.7929999999999999,1,222.251,2,1,2,115.04,-2.36,CC(=O)Nc1nnc(s1)S(N)(=O)=O ,78.84671471829942,AA{~B}Dardda{sr}E{D}{~B}~B 
p-Nitrophenol,-2.318,1,139.11,1,1,1,63.37,-0.74,Oc1ccc(cc1)N(=O)=O,9.930773708934899,Baraaa{aar}D{~B}~B
Aldrin,-5.511,1,364.914,0,4,0,0.0,-6.307,ClC1=C(Cl)C2(Cl)C3C4CC(C=C4)C3C1(Cl)C2(Cl)Cl,2.7660463678507496,ZAr~A{Z}As{Z}AtAuAA{A~Au}AtAr{Z}As{Z}Z
Tetrahydrofurane ,-0.62,2,72.107,0,1,0,9.23,0.49,C1CCOC1,6.898728318666225,ArAABAr
o-Nitroaniline,-2.277,1,138.126,1,1,1,69.16,-1.96,Nc1ccccc1N(=O)=O,61.57374006692314,DaraaaaarD{~B}~B
"2,2',3,3'-PCB",-6.079,1,291.992,0,2,1,0.0,-7.28,Clc1cccc(c1Cl)c2cccc(Cl)c2Cl,8.551083594928627,Zaraaaa{arZ}asaaaa{Z}asZ
phenylbutazone,-4.0760000000000005,1,308.38100000000003,0,3,5,40.620000000000005,-3.81,CCCCC1C(=O)N(N(C1=O)c2ccccc2)c3ccccc3 ,95.5175381633466,AAAAArA{~B}D{D{Ar~B}asaaaaas}ataaaaat 
"2,6-Dinitrotoluene",-2.553,1,182.135,0,1,2,86.28,-3.0,Cc1c(cccc1N(=O)=O)N(=O)=O,97.0432309765296,Aara{aaaarD{~B}~B}D{~B}~B
Progesterone,-4.17,1,314.46900000000005,0,4,1,34.14,-4.42,CC(=O)C1CCC2C3CCC4=CC(=O)CCC4(C)C3CCC12C,76.66644511161923,AA{~B}ArAAAsAtAAAu~AA{~B}AAAu{A}AtAAArsA
Chlorazine,-3.663,1,257.76899999999995,0,1,6,45.150000000000006,-4.4110000000000005,CCN(CC)c1nc(Cl)nc(n1)N(CC)CC,77.02839492227056,AAD{AA}arda{Z}da{dr}D{AA}AA
captafol,-4.365,1,349.06600000000014,0,2,3,37.38,-5.4,ClC(Cl)C(Cl)(Cl)SN2C(=O)C1CC=CCC1C2=O ,31.833367106994316,ZA{Z}A{Z}{Z}EDsA{~B}ArAA~AAArAs~B 
"1,2,4-tribromobenzene",-5.144,1,314.802,0,1,0,0.0,-4.5,c1(Br)c(Br)cc(Br)cc1,73.36594016497922,ar{X}a{X}aa{X}aar
Oxazepam,-3.517,1,286.718,2,3,1,61.690000000000005,-3.952,OC3N=C(c1ccccc1)c2cc(Cl)ccc2NC3=O ,92.30810580814507,BAtD~A{araaaaar}asaa{Z}aaasDAt~B 
Secobarbital,-2.415,1,238.28699999999995,2,1,5,75.27000000000001,-2.356,O=C1NC(=O)NC(=O)C1(C(C)CCC)CC=C,78.6907527629291,B~ArDA{~B}DA{~B}Ar{A{A}AAA}AA~A
Carvacrol,-3.224,1,150.22099999999998,1,1,1,20.23,-2.08,c1(O)c(C)ccc(C(C)C)c1,67.05122298102614,ar{B}a{A}aaa{A{A}A}ar
rhodanine,-0.396,1,133.197,1,1,0,29.1,-1.77,C1SC(=S)NC1(=O),52.62076503606592,ArEA{~E}DAr{~B}
Morin,-2.7310000000000003,1,302.23800000000006,5,3,1,131.36,-3.083,Oc1ccc(c(O)c1)c3oc2cc(O)cc(O)c2c(=O)c3O ,98.235096822757,Baraaa{a{B}ar}atbasaa{B}aa{B}asa{~B}atB 
Kepone,-5.112,1,490.6390000000001,0,6,0,17.07,-5.259,ClC1(C(=O)C2(Cl)C3(Cl)C14Cl)C5(Cl)C2(Cl)C3(Cl)C(Cl)(Cl)C45Cl,38.24083500250909,ZAr{A{~B}As{Z}At{Z}AruZ}Av{Z}As{Z}At{Z}A{Z}{Z}AuvZ
Disulfiram,-3.862,1,296.5520000000001,0,0,4,6.48,-4.86,CCN(CC)C(=S)SSC(=S)N(CC)CC,57.12646603873317,AAD{AA}A{~E}EEA{~E}D{AA}AA
Cyclohexane,-2.477,2,84.162,0,1,0,0.0,-3.1,C1CCCCC1,98.44217255046743,ArAAAAAr
Dienochlor,-7.848,1,474.64,0,2,1,0.0,-7.278,ClC1=C(Cl)C(Cl)(C(=C1Cl)Cl)C2(Cl)C(=C(Cl)C(=C2Cl)Cl)Cl,8.497834790760006,ZAr~A{Z}A{Z}{A{~ArZ}Z}As{Z}A{~A{Z}A{~AsZ}Z}Z
chlordimeform,-3.164,1,196.681,0,1,2,15.6,-2.86,CN(C)C=Nc1ccc(Cl)cc1C,94.37039765449646,AD{A}A~Daraaa{Z}aarA
Equilenin,-3.927,1,266.34,1,4,0,37.3,-5.24,CC34CCc1c(ccc2cc(O)ccc12)C3CCC4=O,39.12308063593571,AAtuAAara{aaasaa{B}aaars}AtAAAu~B
1-Octanol,-2.105,1,130.23100000000002,1,0,6,20.23,-2.39,CCCCCCCCO,80.00289992357234,AAAAAAAAB
Diethyl sulfide,-1.598,1,90.191,0,0,2,0.0,-1.34,CCSCC,32.50141496081311,AAEAA
"1,2-Dichloroethane",-1.374,1,98.96,0,0,1,0.0,-1.06,ClCCCl,20.7652209604574,ZAAZ
2-Chloro-2-methylbutane,-2.278,1,106.596,0,0,1,0.0,-2.51,CCC(C)(C)Cl,84.37303669017007,AAA{A}{A}Z
1-Chloro-2-bromoethane,-1.7380000000000002,1,143.411,0,0,1,0.0,-1.32,ClCCBr,31.61150347009059,ZAAX
p-Nitroaniline,-1.936,1,138.126,1,1,1,69.16,-2.37,Nc1ccc(cc1)N(=O)=O,79.23477903954263,Daraaa{aar}D{~B}~B
Lactose,1.071,1,342.297,8,2,4,189.53,-0.244,OCC1OC(OC2C(O)C(O)C(O)OC2CO)C(O)C(O)C1O,0.7063064852213086,BAArBA{BAsA{B}A{B}A{B}BAsAB}A{B}A{B}ArB
RTI 2,-3.125,1,268.32,0,3,2,49.330000000000005,-2.86,CCN2c1ncccc1N(CC)C(=O)c3cccnc23 ,94.37039765449646,AADsardaaaarD{AA}A{~B}ataaadast 
Chlorobenzene,-2.975,1,112.55899999999995,0,1,0,0.0,-2.38,Clc1ccccc1,79.62018578637581,Zaraaaaar
1-Nonene ,-3.427,1,126.243,0,0,6,0.0,-5.05,CCCCCCCC=C,48.09357745491209,AAAAAAAA~A
p-Bromoiodobenzene,-4.754,1,282.90599999999995,0,1,0,0.0,-4.56,Brc1ccc(I)cc1,70.80031268070111,Xaraaa{H}aar
3-Methyl-3-pentanol,-1.308,1,102.17699999999998,1,0,2,20.23,-0.36,CCC(C)(O)CC,1.9318084227205656,AAA{A}{B}AA
Pentylbenzene,-3.899,1,148.249,0,1,4,0.0,-4.64,CCCCCc1ccccc1,67.27510030937255,AAAAAaraaaaar
allantoin,0.652,1,158.117,4,1,1,113.32,-1.6,NC(=O)NC1NC(=O)NC1=O ,44.528684581779785,DA{~B}DArDA{~B}DAr~B 
Glafenine,-5.052,1,372.80800000000016,3,3,6,91.68,-4.571000000000001,OCC(O)COC(=O)c1ccccc1Nc2ccnc3cc(Cl)ccc23,70.32231424432253,BAA{B}ABA{~B}araaaaarDasaadataa{Z}aaast
DDD,-6.007999999999999,1,320.04600000000005,0,2,3,0.0,-7.2,ClC(Cl)C(c1ccc(Cl)cc1)c2ccc(Cl)cc2,6.540698550011371,ZA{Z}A{araaa{Z}aar}asaaa{Z}aas
testosterone acetate,-4.449,1,330.4680000000001,0,4,1,43.370000000000005,-5.184,CC(=O)OC3CCC4C2CCC1=CC(=O)CCC1(C)C2CCC34C ,41.74304851641092,AA{~B}BAtAAAuAsAAAr~AA{~B}AAAr{A}AsAAAtuA 
1-Chloronapthalene,-4.063,1,162.61899999999997,0,2,0,0.0,-3.93,Clc1cccc2ccccc12,92.85768299350556,Zaraaaasaaaaars
RTI 19,-4.007,1,252.31699999999995,0,3,1,23.55,-4.749,CCN2c1ccccc1N(C)C(=O)c3ccccc23 ,62.314402804122594,AADsaraaaaarD{A}A{~B}ataaaaast 
2-Hexanol,-1.324,1,102.17699999999998,1,0,3,20.23,-0.89,CCCCC(C)O,14.60254946147938,AAAAA{A}B
Propylcyclopentane,-3.16,1,112.216,0,1,2,0.0,-4.74,CCCC1CCCC1,62.72977726326645,AAAArAAAAr
Etomidate,-3.359,1,244.294,0,2,4,44.12,-4.735,CCOC(=O)c1cncn1C(C)c2ccccc2,62.96013778806731,AABA{~B}aradadrA{A}asaaaaas
"3,4-Dichlorophenol",-3.352,1,163.003,1,1,0,20.23,-1.25,Oc1ccc(Cl)c(Cl)c1,28.551568637062562,Baraaa{Z}a{Z}ar
Cypermethrin,-6.775,1,416.30400000000014,0,3,6,59.32000000000001,-8.017000000000001,CC1(C)C(C=C(Cl)Cl)C1C(=O)OC(C#N)c2cccc(Oc3ccccc3)c2,36.44231632168877,AAr{A}A{A~A{Z}Z}ArA{~B}BA{A^D}asaaaa{Bataaaaat}as
Benzoxazole,-2.214,2,119.12299999999998,0,2,0,26.03,-1.16,c2ccc1ocnc1c2,24.759557183675717,asaaarbadaras
1-Pentanol,-1.042,1,88.14999999999999,1,0,3,20.23,-0.6,CCCCCO,6.306945855418721,AAAAAB
"N,N-Diethylaniline",-3.16,1,149.237,0,1,3,3.24,-3.03,CCN(CC)c1ccccc1,97.50843686416233,AAD{AA}araaaaar
"1,3-Difluorobenzene",-2.636,1,114.094,0,1,0,0.0,-2.0,Fc1cccc(F)c1,63.4199700024954,Garaaaa{G}ar
3-chloropropionitrile,-0.522,1,89.525,0,0,1,23.79,-0.29,ClCCC#N ,1.1208812249066724,ZAAA^D 
t-Pentylbenzene,-3.867,1,148.249,0,1,1,0.0,-4.15,CC(C)(C)Cc1ccccc1,86.55594235845457,AA{A}{A}Aaraaaaar
5-Ethyl-5-phenylbarbital,-2.272,1,232.239,2,2,2,75.27000000000001,-2.322,O=C1NC(=O)NC(=O)C1(CC)c1ccccc1,77.34845814751634,B~ArDA{~B}DA{~B}Ar{AA}araaaaar
o-Chloroiodobenzene,-4.384,1,238.455,0,1,0,0.0,-3.54,Clc1ccccc1I,99.28568653426284,ZaraaaaarH
Benzotriazole,-2.21,2,119.127,1,2,0,41.57,-0.78,c2ccc1[nH]nnc1c2,11.10023591740773,asaaar{dH}ddaras
Carbofuran,-3.05,1,221.25599999999997,1,2,1,47.56,-2.8,CNC(=O)Oc1cccc2CC(C)(C)Oc12,92.97996572449566,ADA{~B}BaraaaasAA{A}{A}Bars
"2,6-Dimethylphenol",-2.589,1,122.167,1,1,0,20.23,-1.29,Cc1cccc(C)c1O,30.289273391376685,Aaraaaa{A}arB
3-Methyl-2-butanol,-0.954,1,88.14999999999999,1,0,1,20.23,-0.18,CC(C)C(C)O,0.2873541901367793,AA{A}A{A}B
benzhydrol,-3.033,1,184.238,1,2,2,20.23,-2.55,c1ccccc1C(O)c2ccccc2,85.73252734266352,araaaaarA{B}asaaaaas
Methyl decanoate,-3.3160000000000003,1,186.295,0,0,8,26.3,-4.69,CCCCCCCCCC(=O)OC,65.01950244736724,AAAAAAAAAA{~B}BA
Dicapthon,-4.188,1,297.656,0,1,5,70.83000000000001,-4.31,COP(=S)(OC)Oc1ccc(cc1Cl)N(=O)=O,80.94767739795574,ABK{~E}{BA}Baraaa{aarZ}D{~B}~B
1-Bromo-2-methylpropane,-2.2880000000000003,1,137.01999999999998,0,0,1,0.0,-2.43,CC(C)CBr,81.50613830468278,AA{A}AX
Iodoethane,-2.066,1,155.966,0,0,0,0.0,-1.6,CCI,44.528684581779785,AAH
Pirimicarb,-2.34,1,238.291,0,1,2,58.56000000000001,-1.95,CN(C)C(=O)Oc1nc(nc(C)c1C)N(C)C,61.10944716752371,AD{A}A{~B}Barda{da{A}arA}D{A}A
1-Bromohexane,-3.012,1,165.074,0,0,4,0.0,-3.81,CCCCCCBr,95.5175381633466,AAAAAAX
2-Methylpentane,-2.6,1,86.178,0,0,2,0.0,-3.74,CCCC(C)C,96.79617088986943,AAAA{A}A
Tetrafluthrin,-6.339,1,418.7360000000001,0,2,4,26.3,-7.321000000000001,Cc1c(F)c(F)c(COC(=O)C2C(C=C(Cl)C(F)(F)F)C2(C)C)c(F)c1F,9.675616568405015,Aara{G}a{G}a{ABA{~B}AsA{A~A{Z}A{G}{G}G}As{A}A}a{G}arG
Metolachlor,-3.431,1,283.7989999999999,0,1,6,29.54,-2.73,CCc1cccc(C)c1N(C(C)COC)C(=O)CCl ,91.18041552239193,AAaraaaa{A}arD{A{A}ABA}A{~B}AZ 
nifuroxime,-1.843,1,156.09699999999998,1,1,2,88.87,-2.19,ON=Cc1ccc(o1)N(=O)=O ,71.87808145372819,BD~Aaraaa{br}D{~B}~B 
Fluvalinate,-8.057,1,502.9200000000002,1,3,8,71.35,-8.003,CC(C)C(Nc1ccc(cc1Cl)C(F)(F)F)C(=O)OC(C#N)c2cccc(Oc3ccccc3)c2,35.80113731637046,AA{A}A{Daraaa{aarZ}A{G}{G}G}A{~B}BA{A^D}asaaaa{Bataaaaat}as
Amitrole,-0.674,1,84.082,2,1,0,67.59,0.522,Nc1nc[nH]n1,7.691894191854937,Darda{dH}dr
Tribromomethane,-2.904,1,252.731,0,0,0,0.0,-1.91,BrC(Br)Br,59.242599994412885,XA{X}X
Trichlorfon,-1.866,1,257.437,1,0,3,55.760000000000005,-0.22,COP(=O)(OC)C(O)C(Cl)(Cl)Cl,0.5275982483679775,ABK{~B}{BA}A{B}A{Z}{Z}Z
Phosalone,-5.024,1,367.8160000000001,0,2,7,53.6,-5.233,CCOP(=S)(OCC)SCn1c(=O)oc2cc(Cl)ccc12,39.449033658150306,AABK{~E}{BAA}EAdra{~B}basaa{Z}aaars
Phenylmethanol,-1.699,1,108.13999999999996,1,1,1,20.23,-0.4,OCc1ccccc1,2.491563135837688,BAaraaaaar
Coumatetralyl,-5.194,1,292.33400000000006,1,4,1,50.44,-2.84,O=c2c(C3CCCc4ccccc43)c(O)c1ccccc1o2 ,93.92283494178292,B~asa{AtAAAauaaaaaut}a{B}araaaaarbs 
4-Bromophenol,-3.132,1,173.009,1,1,0,20.23,-1.09,Oc1ccc(Br)cc1,21.937245301789783,Baraaa{X}aar
2-Bromopropane,-1.949,1,122.993,0,0,0,0.0,-1.59,CC(C)Br,44.05508200630162,AA{A}X
"2,2,4-Trimethylpentane",-3.276,1,114.232,0,0,1,0.0,-4.74,CC(C)CC(C)(C)C,62.72977726326645,AA{A}AA{A}{A}A
"1,3,5-Trinitrobenzene",-2.324,1,213.105,0,1,3,129.42000000000002,-2.89,O=N(=O)c1cc(cc(c1)N(=O)=O)N(=O)=O,95.01144212536686,B~D{~B}araa{aa{ar}D{~B}~B}D{~B}~B
Nimetazepam,-3.557,1,295.29800000000006,0,3,2,75.81,-3.796,CN2C(=O)CN=C(c1ccccc1)c3cc(ccc23)N(=O)=O,95.78967415258298,ADsA{~B}AD~A{araaaaar}ataa{aaast}D{~B}~B
Propane,-1.5530000000000002,1,44.097,0,0,0,0.0,-1.94,CCC,60.64414436883736,AAA
Minoxidil,-1.809,1,209.253,2,2,1,95.11,-1.989,Nc1cc(nc(N)n1=O)N2CCCCC2 ,62.9140890785189,Daraa{da{D}dr~B}DsAAAAAs 
1-aminoacridine,-3.542,1,194.237,1,3,0,38.91,-4.22,Nc2cccc3nc1ccccc1cc23 ,84.19954415907924,Dasaaaatdaraaaaaraast 
Benzo(k)fluoranthene,-6.007000000000001,2,252.316,0,5,0,0.0,-8.49,c1ccc2cc3c4cccc5cccc(c3cc2c1)c45,58.77368144031131,araaasaatauaaaavaaaa{ataasar}auv
Dicofol,-6.268,1,370.49,1,2,2,20.23,-5.666,OC(c1ccc(Cl)cc1)(c2ccc(Cl)cc2)C(Cl)(Cl)Cl,20.72656011494038,BA{araaa{Z}aar}{asaaa{Z}aas}A{Z}{Z}Z
Acenapthene,-3.792,2,154.21199999999996,0,3,0,0.0,-4.63,C1Cc2cccc3cccc1c23,67.72167209149553,ArAasaaaataaaarast
Dialifos,-5.026,1,393.85400000000016,0,2,8,55.84,-6.34,CCOP(=S)(OCC)SC(CCl)N2C(=O)c1ccccc1C2=O,2.2735124849599386,AABK{~E}{BAA}EA{AZ}DsA{~B}araaaaarAs~B
"1,4-Dibromobenzene",-4.298,1,235.906,0,1,0,0.0,-4.07,Brc1ccc(Br)cc1,89.04907633196282,Xaraaa{X}aar
Methazole,-3.6010000000000004,1,261.064,0,2,1,57.14,-2.82,Cn2c(=O)on(c1ccc(Cl)c(Cl)c1)c2=O,93.45930144998869,Adsa{~B}bd{araaa{Z}a{Z}ar}as~B
p-Phenylphenol,-3.701,1,170.211,1,2,1,20.23,-3.48,Oc1ccc(cc1)c2ccccc2,99.68656291449611,Baraaa{aar}asaaaaas
pyracarbolid,-2.83,1,217.26800000000003,1,2,2,38.33,-2.56,CC1=C(CCCO1)C(=O)Nc2ccccc2 ,86.06435589751597,AAr~A{AAABr}A{~B}Dasaaaaas 
Ethyl vinyl ether,-0.857,1,72.10700000000001,0,0,2,9.23,-0.85,CCOC=C,13.28185210152888,AABA~A
1-Butyne,-1.092,1,54.09199999999999,0,0,0,0.0,-1.24,CCC#C,28.121918546271846,AAA^A
4-methoxypteridine,-1.589,1,162.15200000000002,0,2,1,60.790000000000006,-1.11,COc1ncnc2nccnc12 ,22.731409218241115,ABardadasdaadars 
3-Methyl-3-heptanol,-2.017,1,130.23099999999997,1,0,4,20.23,-1.6,CCCCC(C)(O)CC,44.528684581779785,AAAAA{A}{B}AA
"1,4-Dichlorobenzene",-3.5580000000000003,1,147.00400000000002,0,1,0,0.0,-3.27,Clc1ccc(Cl)cc1,99.80567402054244,Zaraaa{Z}aar
3-Ethanoyloxymethylphenytoin,-2.7230000000000003,1,324.33600000000007,1,3,4,75.71,-4.47,O=C1N(COC(=O)C)C(=O)C(N1)(c2ccccc2)c3ccccc3,74.62060172939707,B~ArD{ABA{~B}A}A{~B}A{Dr}{asaaaaas}ataaaaat
"Sparsomycin (3,8mg/ml)",-1.57,1,361.4450000000001,4,1,8,132.11999999999998,-1.981,CSCS(=O)CC(CO)NC(=O)C=Cc1c(C)[nH]c(=O)[nH]c1=O,62.54528029568975,AEAE{~B}AA{AB}DA{~B}A~Aara{A}{dH}a{~B}{dH}ar~B
3-methylindole,-2.9810000000000003,1,131.17799999999997,1,2,0,15.79,-2.42,Cc1c[nH]c2ccccc12 ,81.13454001558593,Aara{dH}asaaaaars 
2-methoxypteridine,-1.589,1,162.152,0,2,1,60.790000000000006,-1.11,COc2ncc1nccnc1n2,22.731409218241115,ABasdaardaadards
Dioxacarb,-1.614,1,223.22799999999995,1,2,2,56.790000000000006,-1.57,CNC(=O)Oc1ccccc1C2OCCO2,43.10954111911832,ADA{~B}BaraaaaarAsBAABs
isocarbamid,-1.508,1,185.227,2,1,2,61.440000000000005,-2.15,C1N(C(=O)NCC(C)C)C(=O)NC1,70.14793964189332,ArD{A{~B}DAA{A}A}A{~B}DAr
Acetonitrile,0.152,1,41.053,0,0,0,23.79,0.26,CC#N,2.4177976691250604,AA^D
Fenoxycarb,-4.662,1,301.34200000000004,1,2,7,56.790000000000006,-4.7,CCOC(=O)NCCOc2ccc(Oc1ccccc1)cc2,64.56412215165707,AABA{~B}DAABasaaa{Baraaaaar}aas
acetyl sulfisoxazole,-2.024,1,293.34800000000007,1,2,3,89.43,-3.59,CC(=O)N(S(=O)c1ccc(N)cc1)c2onc(C)c2C ,98.82837593125723,AA{~B}D{E{~B}araaa{D}aar}asbda{A}asA 
"1,1,1,2-Tetrachloroethane",-2.794,1,167.85,0,0,0,0.0,-2.18,ClCC(Cl)(Cl)Cl,71.44843136293747,ZAA{Z}{Z}Z
1-Butanol,-0.688,1,74.12299999999999,1,0,2,20.23,0.0,CCCCO,0.10351101267415119,AAAAB
Siduron,-3.779,1,232.32700000000003,2,2,2,41.13,-4.11,CC1CCCCC1NC(=O)Nc2ccccc2,87.83001758475069,AArAAAAArDA{~B}Dasaaaaas
"1,3,5-Trichlorobenzene",-4.159,1,181.449,0,1,0,0.0,-4.48,Clc1cc(Cl)cc(Cl)c1,74.20456884024391,Zaraa{Z}aa{Z}ar
Furfural,-1.391,1,96.08499999999998,0,1,1,30.21,-0.1,O=Cc1ccco1,0.024002743688289474,B~Aaraaabr
3-Methylbutan-1-ol,-1.027,1,88.14999999999999,1,0,2,20.23,-0.51,CC(C)CCO,4.384336875751938,AA{A}AAB
piperonal,-2.033,1,150.13299999999998,0,2,1,35.53,-1.63,O=Cc2ccc1OCOc1c2 ,45.95230408032327,B~AasaaarBABaras 
2-Methylpropene,-1.5730000000000002,1,56.108,0,0,0,0.0,-2.33,CC(=C)C,77.66693026489658,AA{~A}A
Benzaldehyde,-1.999,1,106.12399999999997,0,1,1,17.07,-1.19,O=Cc1ccccc1,26.00427509042371,B~Aaraaaaar
"2,3-Dimethyl-1,3-Butadiene",-2.052,1,82.146,0,0,1,0.0,-2.4,CC(=C)C(=C)C,80.38288666067594,AA{~A}A{~A}A
Benfuracarb,-5.132999999999999,1,410.5360000000002,0,2,8,68.31,-4.71,CCOC(=O)CCN(SN(C)C(=O)Oc1cccc2CC(C)(C)Oc21)C(C)C,64.10741791098799,AABA{~B}AAD{ED{A}A{~B}BaraaaasAA{A}{A}Basr}A{A}A
RTI 10,-2.7710000000000004,1,226.235,0,3,0,42.43,-3.672,O2c1ccccc1N(C)C(=O)c3cccnc23 ,97.83879251922659,BsaraaaaarD{A}A{~B}ataaadast 
Fluorene ,-4.125,2,166.22299999999998,0,3,0,0.0,-5.0,C1c2ccccc2c3ccccc13,50.47671396903412,Arasaaaaasataaaaart
Methylcyclohexane ,-2.891,1,98.189,0,1,0,0.0,-3.85,CC1CCCCC1,94.69549074801688,AArAAAAAr
sulfaguanidine,-0.706,1,214.25,4,1,2,122.06,-1.99,NC(=N)NS(=O)(=O)c1ccc(N)cc1 ,62.960137788067414,DA{~D}DE{~B}{~B}araaa{D}aar 
Methylparaben,-2.441,1,152.149,1,1,1,46.53,-1.827,COC(=O)c1ccc(O)cc1,55.32913569880941,ABA{~B}araaa{B}aar
2-Methyltetrahydrofurane,-1.034,1,86.134,0,1,0,9.23,0.11,CC1CCCO1,0.714313465737132,AArAAABr
Santonin,-2.43,1,246.30599999999995,0,3,0,43.370000000000005,-3.09,CC3C2CCC1(C)C=CC(=O)C(=C1C2OC3=O)C,98.32190112919965,AAtAsAAAr{A}A~AA{~B}A{~ArAsBAt~B}A
Salicin,-0.975,1,286.28,5,2,4,119.61,-0.85,OCC2OC(Oc1ccccc1CO)C(O)C(O)C2O,13.28185210152888,BAAsBA{BaraaaaarAB}A{B}A{B}AsB
1-Iodopropane,-2.486,1,169.993,0,0,1,0.0,-2.29,CCCI,76.05884526548996,AAAH
Ametryn,-3.43,1,227.337,2,1,5,62.73,-3.04,CCNc1nc(NC(C)C)nc(SC)n1,97.65488643178027,AADarda{DA{A}A}da{EA}dr
1-Propanol,-0.3339999999999999,1,60.096,1,0,1,20.23,0.62,CCCO,10.36258269779572,AAAB
Hydroxyprogesterone-17a,-3.876,1,330.4680000000001,1,4,1,54.37,-3.817,CC(=O)C1(O)CCC2C3CCC4=CC(=O)CCC4(C)C3CCC21C,95.37842585667013,AA{~B}Ar{B}AAAsAtAAAu~AA{~B}AAAu{A}AtAAAsrA
2-Pentanol,-0.97,1,88.14999999999999,1,0,2,20.23,-0.29,CCCC(C)O,1.1208812249066724,AAAA{A}B
benzoin,-3.148,1,212.248,1,2,3,37.3,-2.85,OC(C(=O)c1ccccc1)c2ccccc2,94.14862295347379,BA{A{~B}araaaaar}asaaaaas
"2,4-Dimethylphenol",-2.6210000000000004,1,122.167,1,1,0,20.23,-1.19,Cc1ccc(O)c(C)c1,26.00427509042371,Aaraaa{B}a{A}ar
m-Chloronitrobenzene ,-2.901,1,157.55599999999998,0,1,1,43.14,-2.77,Clc1cccc(c1)N(=O)=O,92.23171576571643,Zaraaaa{ar}D{~B}~B
ampyrone,-1.192,1,203.245,1,2,1,52.95,-0.624,Cc2c(N)c(=O)n(c1ccccc1)n2C,6.874584583189436,Aasa{D}a{~B}d{araaaaar}dsA
"2,2',4,5'-PCB",-6.23,1,291.992,0,2,1,0.0,-6.57,Clc1ccc(c(Cl)c1)c2cc(Cl)ccc2Cl ,0.1738974122209358,Zaraaa{a{Z}ar}asaa{Z}aaasZ 
"Hexachloro-1,3-butadiene",-4.546,1,260.762,0,0,1,0.0,-4.92,ClC(=C(Cl)C(=C(Cl)Cl)Cl)Cl,54.28522728480696,ZA{~A{Z}A{~A{Z}Z}Z}Z
Terbutryn,-3.75,1,241.364,2,1,4,62.73,-4.0,CCNc1nc(NC(C)(C)C)nc(SC)n1,91.04475973456981,AADarda{DA{A}{A}A}da{EA}dr
3-Methyl-2-pentanol,-1.308,1,102.177,1,0,3,20.23,-0.71,CCC(C)CCO,9.09182884739732,AAA{A}AAB
2-methylpteridine,-1.24,1,146.153,0,2,0,51.56,-0.12,Cc2ncc1nccnc1n2,0.06262631257977214,Aasdaardaadards
Danazol,-4.557,1,337.4630000000001,1,5,0,46.260000000000005,-5.507000000000001,CC23Cc1cnoc1C=C2CCC4C3CCC5(C)C4CCC5(O)C#C,27.183743707809228,AAstAaradbarA~AsAAAuAtAAAv{A}AuAAAv{B}A^A
1-Iodobutane,-2.841,1,184.02,0,0,2,0.0,-2.96,CCCCI,96.36316019666893,AAAAH
2-Bromonapthalene,-4.434,1,207.07,0,2,0,0.0,-4.4,Brc1ccc2ccccc2c1,77.46807264669626,Xaraaasaaaaasar
"Digoxin (L1=41,8mg/mL, L2=68,2mg/mL, Z=40,1mg/mL)",-5.312,1,780.9490000000001,6,8,7,203.06,-4.081,CC1OC(CC(O)C1O)OC2C(O)CC(OC2C)OC8C(O)CC(OC7CCC3(C)C(CCC4C3CC(O)C5(C)C(CCC45O)C6=CC(=O)OC6)C7)OC8C ,88.71942274212286,AArBA{AA{B}ArB}BAsA{B}AA{BAsA}BAyA{B}AA{BAxAAAt{A}A{AAAuAtAA{B}Av{A}A{AAAuvB}Aw~AA{~B}BAw}Ax}BAyA 
Benzyltrifluoride,-3.099,1,146.111,0,1,0,0.0,-2.51,FC(F)(F)c1ccccc1,84.37303669017007,GA{G}{G}araaaaar
Dihexyl phthalate,-5.757999999999999,1,334.45600000000024,0,1,12,52.60000000000001,-6.144,CCCCCCOC(=O)c1ccccc1C(=O)OCCCCCC,5.873775584527058,AAAAAABA{~B}araaaaarA{~B}BAAAAAA
Dibenzothiophene,-4.597,2,184.263,0,3,0,0.0,-4.38,c1ccc2c(c1)sc3ccccc23,78.25971251771212,araaasa{ar}sataaaaast
"2,3',4,4'-PCB",-6.709,1,326.437,0,2,1,0.0,-7.8,Clc1ccc(c(Cl)c1)c2ccc(Cl)c(Cl)c2Cl ,26.84505649778809,Zaraaa{a{Z}ar}asaaa{Z}a{Z}asZ 
"2,2',3,3',4,4'-PCB",-7.192,1,360.88200000000006,0,2,1,0.0,-8.01,Clc1ccc(c(Cl)c1Cl)c2ccc(Cl)c(Cl)c2Cl ,36.12141771940022,Zaraaa{a{Z}arZ}asaaa{Z}a{Z}asZ 
Warfarin,-3.913,1,308.3330000000001,1,3,4,67.50999999999999,-3.893,CC(=O)CC(c1ccccc1)c3c(O)c2ccccc2oc3=O ,93.73932872944415,AA{~B}AA{araaaaar}ata{B}asaaaaasbat~B 
hydrobenzoin,-2.645,1,214.264,2,2,3,40.46,-1.93,c1ccccc1C(O)C(O)c2ccccc2,60.17787396900551,araaaaarA{B}A{B}asaaaaas
Dimethyl phthalate,-2.347,1,194.18599999999995,0,1,2,52.60000000000001,-1.66,COC(=O)c1ccccc1C(=O)OC,47.37923496393412,ABA{~B}araaaaarA{~B}BA
Ethyl octanoate,-2.962,1,172.26799999999997,0,0,7,26.3,-3.39,CCCCCCCC(=O)OCC,99.98281421306103,AAAAAAAA{~B}BAA
Diethyldisulfide,-2.364,1,122.258,0,0,3,0.0,-2.42,CCSSCC,81.13454001558593,AAEEAA
"1,2-Diethoxyethane ",-0.833,1,118.176,0,0,5,18.46,-0.77,CCOCCOCC,10.8024988583789,AABAABAA
"1,2,4,5-Tetrachlorobenzene",-4.621,1,215.894,0,1,0,0.0,-5.56,Clc1cc(Cl)c(Cl)cc1Cl,24.96560350615138,Zaraa{Z}a{Z}aarZ
p-benzidine,-2.613,1,184.242,2,2,1,52.04,-2.7,Nc1ccc(cc1)c2ccc(N)cc2,90.35255128275246,Daraaa{aar}asaaa{D}aas
1-Heptene,-2.718,1,98.189,0,0,4,0.0,-3.73,CCCCCC=C,96.96194426010042,AAAAAA~A
Ethirimol,-2.732,1,209.293,2,1,5,57.78,-3.028,CCCCc1c(C)nc(NCC)[nH]c1=O,97.47862826974306,AAAAara{A}da{DAA}{dH}ar~B
Pentobarbital,-2.312,1,226.27599999999995,2,1,4,75.27000000000001,-2.39,O=C1NC(=O)NC(=O)C1(CC)C(C)CCC,80.00289992357234,B~ArDA{~B}DA{~B}Ar{AA}A{A}AAA
o-Chloroaniline,-2.392,1,127.574,1,1,0,26.02,-1.52,Nc1ccccc1Cl,40.75740000558716,DaraaaaarZ
3-Chloroanisole,-3.057,1,142.58499999999998,0,1,1,9.23,-2.78,COc1cccc(Cl)c1,92.48500205653517,ABaraaaa{Z}ar
Pebulate,-3.131,1,203.351,0,0,6,20.31,-3.53,CCCCN(CC)C(=O)SCCC,99.36373900484763,AAAAD{AA}A{~B}EAAA
Butyl acetate,-1.111,1,102.13299999999998,0,0,4,26.3,-1.37,CCCCOC=O,33.84811042836028,AAAABA~B
Prednisolone,-2.974,1,360.4500000000002,3,4,2,94.83,-3.18,CC12CC(O)C3C(CCC4=CC(=O)C=CC34C)C2CCC1(O)C(=O)CO,99.24497972967652,AArsAA{B}AtA{AAAu~AA{~B}A~AAtuA}AsAAAr{B}A{~B}AB
Bromodichloromethane,-2.176,1,163.82899999999998,0,0,0,0.0,-1.54,BrC(Cl)Cl,41.69603468134668,XA{Z}Z
adrenosterone,-2.99,1,300.3980000000001,0,4,0,51.21,-3.48,CC34CC(=O)C1C(CCC2=CC(=O)CCC12C)C3CCC4(=O) ,99.68656291449611,AAtuAA{~B}ArA{AAAs~AA{~B}AAArsA}AtAAAu{~B} 
p-terphenyl,-5.7410000000000005,2,230.31,0,3,2,0.0,-7.11,c1ccc(cc1)c2ccc(cc2)c3ccccc3,4.581621241254158,araaa{aar}asaaa{aas}ataaaaat
p-Hydroxybenzaldehyde ,-2.003,1,122.12299999999998,1,1,1,37.3,-0.96,Oc1ccc(C=O)cc1,17.036442928093248,Baraaa{A~B}aar
Bromomethane,-1.109,1,94.939,0,0,0,0.0,-0.79,CBr,11.401509141955291,AX
Perfluidone,-4.945,1,379.381,1,2,4,80.31,-3.8,Cc1cc(ccc1NS(=O)(=O)C(F)(F)F)S(=O)(=O)c2ccccc2,95.71275141143623,Aaraa{aaarDE{~B}{~B}A{G}{G}G}E{~B}{~B}asaaaaas
Coumachlor,-4.553999999999999,1,342.7780000000001,1,3,4,67.50999999999999,-5.839,CC(=O)CC(c1ccc(Cl)cc1)c2c(O)c3ccccc3oc2=O,14.468130892765535,AA{~B}AA{araaa{Z}aar}asa{B}ataaaaatbas~B
2-Ethylnaphthalene,-4.1,1,156.22799999999998,0,2,1,0.0,-4.29,CCc1ccc2ccccc2c1,81.69086553110773,AAaraaasaaaaasar
5-methylcytosine,-0.257,1,125.131,2,1,0,71.77000000000001,-1.4580000000000002,Nc1c(C)c[nH]c(=O)n1 ,37.870500940688274,Dara{A}a{dH}a{~B}dr 
"2,3,4,5,6-PCB",-6.785,1,326.437,0,2,1,0.0,-7.92,Clc2c(Cl)c(Cl)c(c1ccccc1)c(Cl)c2Cl ,32.05564360363727,Zasa{Z}a{Z}a{araaaaar}a{Z}asZ 
benodanil,-4.245,1,323.133,1,2,2,29.1,-4.21,c1c(NC(=O)c2ccccc2(I))cccc1,84.54574805047116,ara{DA{~B}asaaaaas{H}}aaaar
Riboflavin,-1.865,1,376.36900000000014,5,3,5,161.56,-3.685,Cc3cc2nc1c(=O)[nH]c(=O)nc1n(CC(O)C(O)C(O)CO)c2cc3C,97.65488643178024,Aataasdara{~B}{dH}a{~B}dard{AA{B}A{B}A{B}AB}asaatA
o-Fluorobromobenzene,-3.467,1,175.0,0,1,0,0.0,-2.7,Fc1ccccc1Br,90.35255128275246,GaraaaaarX
"2,4-Dichlorophenol ",-3.22,1,163.003,1,1,0,20.23,-1.55,Oc1ccc(Cl)cc1Cl,42.16650567122866,Baraaa{Z}aarZ
Permethrin,-7.129,1,391.2940000000001,0,3,6,35.53,-6.291,CC1(C)C(C=C(Cl)Cl)C1C(=O)OCc2cccc(Oc3ccccc3)c2,3.0217129555766222,AAr{A}A{A~A{Z}Z}ArA{~B}BAasaaaa{Bataaaaat}as
piroxicam,-3.4730000000000003,1,331.353,2,3,2,99.6,-4.16,CN2C(=C(O)c1ccccc1S2(=O)=O)C(=O)Nc3ccccn3 ,86.22904264337194,ADsA{~A{B}araaaaarEs{~B}~B}A{~B}Dataaaadt 
3-Propanoyloxymethylphenytoin,-3.128,1,338.36300000000006,1,3,5,75.71,-4.907,O=C1N(COC(=O)CC)C(=O)C(N1)(c2ccccc2)c3ccccc3,54.9023395944553,B~ArD{ABA{~B}AA}A{~B}A{Dr}{asaaaaas}ataaaaat
Cyclopentane ,-2.0380000000000003,2,70.135,0,1,0,0.0,-2.64,C1CCCC1,88.59849085804485,ArAAAAr
o-Toluidine,-1.922,1,107.156,1,1,0,26.02,-2.21,Cc1ccccc1N,72.7313763075574,AaraaaaarD
Estragole,-3.074,1,148.205,0,1,3,9.23,-2.92,c1(OC)ccc(CC=C)cc1,95.61566312424807,ar{BA}aaa{AA~A}aar
karbutilate,-2.655,1,279.34,2,1,2,70.67,-2.93,CN(C)C(=O)Nc1cccc(OC(=O)NC(C)(C)C)c1 ,95.80880081845675,AD{A}A{~B}Daraaaa{BA{~B}DA{A}{A}A}ar 
3-Methyl-1-Butene,-1.994,1,70.135,0,0,1,0.0,-2.73,CC(C)C=C,91.18041552239193,AA{A}A~A
2-Hydroxypyridine,-1.655,1,95.101,1,1,0,33.120000000000005,1.02,Oc1ccccn1,24.554084482228095,Baraaaadr
Ethane,-1.132,1,30.07,0,0,0,0.0,-1.36,CC,33.39768911087344,AA
"1,2-Dichlorobenzene",-3.482,1,147.00399999999996,0,1,0,0.0,-3.05,Clc1ccccc1Cl,97.79700395342905,ZaraaaaarZ
mercaptobenzothiazole,-3.411,1,167.25799999999998,1,2,0,12.89,-3.18,Sc2nc1ccccc1s2 ,99.24497972967652,Easdaraaaaarss 
"2,2',3,3',4,4',5,5',6,6'-PCB",-9.589,1,498.66200000000026,0,2,1,0.0,-11.6,Clc1c(Cl)c(Cl)c(c(Cl)c1Cl)c2c(Cl)c(Cl)c(Cl)c(Cl)c2Cl ,50.0,Zara{Z}a{Z}a{a{Z}arZ}asa{Z}a{Z}a{Z}a{Z}asZ 
Methoxsalen,-3.25,1,216.19199999999995,0,3,1,52.58,-3.664,COc2c1occc1cc3ccc(=O)oc23 ,97.9483143069466,ABasarbaaaraataaa{~B}bast 
Acetamide,0.494,1,59.068,1,0,0,43.09,1.58,CC(=O)N,49.99999999999998,AA{~B}D
1-Methylnaphthalene,-3.802,1,142.201,0,2,0,0.0,-3.7,Cc1cccc2ccccc12,97.43359170805608,Aaraaaasaaaaars
Napropamide,-4.088,1,271.36,0,2,5,29.540000000000003,-3.57,CCN(CC)C(=O)C(C)Oc1cccc2ccccc12 ,99.02467778081639,AAD{AA}A{~B}A{A}Baraaaasaaaaars 
"3,3-Dimethyl-2-butanol",-1.2919999999999998,1,102.177,1,0,0,20.23,-0.62,CC(O)C(C)(C)C,6.778401892811637,AA{B}A{A}{A}A
Methyl pentanoate,-1.545,1,116.15999999999998,0,0,3,26.3,-1.36,CCCC(=O)OCC,33.39768911087344,AAAA{~B}BAA
Menadione,-2.667,1,172.18299999999996,0,2,0,34.14,-3.03,CC2=CC(=O)c1ccccc1C2=O ,97.50843686416233,AAs~AA{~B}araaaaarAs~B 
Phenanthrene,-4.518,2,178.23399999999998,0,3,0,0.0,-5.26,c1ccc2c(c1)ccc3ccccc32,38.19450538878096,araaasa{ar}aaataaaaats
"2,4-Dimethylpyridine",-2.0980000000000003,1,107.156,0,1,0,12.89,0.38,Cc1ccnc(C)c1,4.48246183665339,Aaraada{A}ar
1-Nonanol,-2.46,1,144.258,1,0,7,20.23,-3.01,CCCCCCCCCO,97.20259523533927,AAAAAAAAAB
Dibromomethane,-1.883,1,173.83499999999998,0,0,0,0.0,-1.17,BrCBr,25.172218766991612,XAX
Dexamethasone,-3.4,1,392.4670000000002,3,4,2,94.83,-3.59,CC1CC2C3CCC4=CC(=O)C=CC4(C)C3(F)C(O)CC2(C)C1(O)C(=O)CO,98.82837593125723,AArAAsAtAAAu~AA{~B}A~AAu{A}At{G}A{B}AAs{A}Ar{B}A{~B}AB
"2,6-Dimethylnaphthalene ",-4.147,1,156.228,0,2,0,0.0,-4.89,Cc1ccc2cc(C)ccc2c1,55.70818156878683,Aaraaasaa{A}aaasar
Butylate,-3.4530000000000003,1,217.378,0,0,5,20.31,-3.68,CCSC(=O)N(CC(C)C)CC(C)C,97.72648751504005,AAEA{~B}D{AA{A}A}AA{A}A
nitroglycerin,-2.029,1,227.085,0,0,8,157.11,-2.22,O=N(=O)OCC(CON(=O)=O)ON(=O)=O ,73.15494350221192,B~D{~B}BAA{ABD{~B}~B}BD{~B}~B 
m-Nitroaniline,-1.936,1,138.126,1,1,1,69.16,-2.19,Nc1cccc(c1)N(=O)=O,71.87808145372819,Daraaaa{ar}D{~B}~B
1-Chlorobutane,-1.94,1,92.569,0,0,2,0.0,-2.03,CCCCCl,64.7919803827557,AAAAZ
triforine,-3.715,1,430.9340000000001,2,1,6,64.68,-4.19,ClC(Cl)(Cl)C(NC=O)N1C=CN(C=C1)C(NC=O)C(Cl)(Cl)Cl ,85.22870355025816,ZA{Z}{Z}A{DA~B}DrA~AD{A~Ar}A{DA~B}A{Z}{Z}Z 
Fluridone,-4.249,1,329.321,0,3,2,22.0,-4.445,Cn2cc(c1ccccc1)c(=O)c(c2)c3cccc(c3)C(F)(F)F,75.65080992856392,Adsaa{araaaaar}a{~B}a{as}ataaaa{at}A{G}{G}G
6-aminochrysene,-4.849,1,243.309,1,4,0,26.02,-6.2,Nc3cc2c1ccccc1ccc2c4ccccc34 ,4.681812836031208,Dataasaraaaaaraaasauaaaaatu 
Estrone,-3.872,1,270.372,1,4,0,37.3,-3.955,CC12CCC3C(CCc4cc(O)ccc34)C2CCC1=O,92.23171576571643,AArsAAAtA{AAauaa{B}aaatu}AsAAAr~B
RTI 17,-4.227,1,269.373,0,3,1,19.37,-4.706,CCN2c1ccccc1N(C)C(=S)c3cccnc23 ,64.29025582624708,AADsaraaaaarD{A}A{~E}ataaadast 
"1,2-Propylene oxide",-0.358,1,58.08,0,1,0,12.53,-0.59,CC1CO1,6.077165058217088,AArABr
Nitrazepam,-3.4730000000000003,1,281.271,1,3,2,84.6,-3.796,O=C3CN=C(c1ccccc1)c2cc(ccc2N3)N(=O)=O,95.78967415258298,B~AtAD~A{araaaaar}asaa{aaasDt}D{~B}~B
"1,3-diethylthiourea",-1.028,1,132.232,2,0,2,24.06,-1.46,CCNC(=S)NCC,37.96301913930091,AADA{~E}DAA
"2,3,5-Trichlorophenol",-3.78,1,197.448,1,1,0,20.23,-2.67,Oc1cc(Cl)cc(Cl)c1Cl,89.49167496947818,Baraa{Z}aa{Z}arZ
Propyl propanoate,-1.545,1,116.15999999999998,0,0,3,26.3,-1.34,CCCCC(=O)OC,32.50141496081311,AAAAA{~B}BA
Aniline ,-1.632,1,93.129,1,1,0,26.02,-0.41,Nc1ccccc1,2.6423314364928343,Daraaaaar
"1,5-Dimethlnapthalene",-4.147,1,156.228,0,2,0,0.0,-4.678999999999999,Cc1cccc2c(C)cccc12,65.5188422136103,Aaraaaasa{A}aaaars
hydrochlorothiazide,-1.72,1,297.745,3,2,1,118.36,-2.63,NS(=O)(=O)c2cc1c(NCNS1(=O)=O)cc2Cl ,88.29370885508546,DE{~B}{~B}asaara{DADEr{~B}~B}aasZ 
Acenapthylene,-3.682,2,152.19599999999994,0,3,0,0.0,-3.96,C1=Cc2cccc3cccc1c23,92.10363152193861,Ar~Aasaaaataaaarast
Ethyl butyrate,-2.254,1,144.21399999999997,0,0,5,26.3,-1.28,CCCCCOC(=O)CC,29.852060358106712,AAAAABA{~B}AA
Atratone,-3.185,1,211.269,2,1,5,71.96000000000001,-2.084,CCNc1nc(NC(C)C)nc(OC)n1,67.23035608890093,AADarda{DA{A}A}da{BA}dr
Benzo(a)pyrene,-6.007000000000001,2,252.316,0,5,0,0.0,-8.699,c1ccc2c(c1)cc3ccc4cccc5ccc2c3c45,68.34415707346618,araaasa{ar}aataaauaaaavaaasatauv
Bromoethane,-1.529,1,108.966,0,0,0,0.0,-1.09,CCBr,21.937245301789783,AAX
3-Hexyne,-1.933,1,82.14599999999999,0,0,0,0.0,-1.99,CCC#CCC,62.960137788067414,AAA^AAA
Digitoxin,-6.114,1,764.9499999999999,5,8,7,182.83,-5.292999999999999,CC1OC(CC(O)C1O)OC2C(O)CC(OC2C)OC8C(O)CC(OC7CCC3(C)C(CCC4C3CCC5(C)C(CCC45O)C6=CC(=O)OC6)C7)OC8C ,36.671900181538334,AArBA{AA{B}ArB}BAsA{B}AA{BAsA}BAyA{B}AA{BAxAAAt{A}A{AAAuAtAAAv{A}A{AAAuvB}Aw~AA{~B}BAw}Ax}BAyA 
2-Methyl-1-Butene,-1.994,1,70.13499999999999,0,0,1,0.0,-2.73,CCC(=C)C,91.18041552239193,AAA{~A}A
8-quinolinol,-2.725,1,145.16099999999997,1,2,0,33.120000000000005,-2.42,Oc1cccc2cccnc12 ,81.13454001558593,Baraaaasaaadars 
"1,2,3,4-Tetrahydronapthalene",-3.447,2,132.20599999999996,0,2,0,0.0,-4.37,C1CCc2ccccc2C1,78.6516969819284,ArAAasaaaaasAr
phenolphthalein,-4.59,1,318.32800000000003,2,4,2,66.76,-2.9,Oc1ccc(cc1)C2(OC(=O)c3ccccc23)c4ccc(O)cc4 ,95.21696565599633,Baraaa{aar}As{BA{~B}ataaaaast}auaaa{B}aau 
"1,3,5-Tribromobenzene",-5.27,1,314.802,0,1,0,0.0,-5.6,Brc1cc(Br)cc(Br)c1,23.333554888380753,Xaraa{X}aa{X}ar
Ronnel,-5.247000000000001,1,321.549,0,1,4,27.69,-5.72,COP(=S)(OC)Oc1cc(Cl)c(Cl)cc1Cl,18.67930493863536,ABK{~E}{BA}Baraa{Z}a{Z}aarZ
methylthiouracil,-0.547,1,142.18300000000002,2,1,0,48.65,-2.436,Cc1cc(=O)[nH]c(=S)[nH]1,81.72772468464007,Aaraa{~B}{dH}a{~E}{dH}r
Eugenol,-2.675,1,164.204,1,1,3,29.46,-1.56,COc1cc(CC=C)ccc1O,42.63768876138131,ABaraa{AA~A}aaarB
5-Allyl-5-isopropylbarbital,-1.706,1,210.233,2,1,3,75.27000000000001,-1.7080000000000002,O=C1NC(=O)NC(=O)C1(C(C)C)CC=C,49.666297643174666,B~ArDA{~B}DA{~B}Ar{A{A}A}AA~A
Pyrene,-4.957,2,202.256,0,4,0,0.0,-6.176,c1cc2ccc3cccc4ccc(c1)c2c34,5.177028034211223,araasaaataaaauaaa{ar}asatu
"1,1-Diethoxyethane ",-0.899,1,118.176,0,0,4,18.46,-0.43,CCOC(C)OCC,2.9567690234704127,AABA{A}BAA
Clomazone,-3.077,1,239.702,0,2,2,29.54,-2.338,CC1(C)CON(Cc2ccccc2Cl)C1=O,77.98379274599971,AAr{A}ABD{AasaaaaasZ}Ar~B
2-Butoxyethanol,-0.775,1,118.176,1,0,5,29.46,-0.42,CCCCOCCO,2.797404764660738,AAAABAAB
Quintozene,-5.098,1,295.336,0,1,1,43.14,-5.82,Clc1c(Cl)c(Cl)c(N(=O)=O)c(Cl)c1Cl,15.111188423790745,Zara{Z}a{Z}a{D{~B}~B}a{Z}arZ
Androsterone,-3.882,1,290.447,1,4,0,37.3,-4.402,CC12CCC(O)CC1CCC3C2CCC4(C)C3CCC4=O,77.38835455677166,AArsAAA{B}AArAAAtAsAAAu{A}AtAAAu~B
Flurochloridone,-4.749,1,312.118,0,2,2,20.31,-4.047,FC(F)(F)c1cccc(c1)N2CC(CCl)C(Cl)C2=O,89.72443052392569,GA{G}{G}araaaa{ar}DsAA{AZ}A{Z}As~B
Quinoline,-2.6630000000000003,2,129.16199999999998,0,2,0,12.89,-1.3,c1ccc2ncccc2c1,30.7282782193637,araaasdaaaasar
methyl gallate,-1.913,1,184.147,3,1,1,86.99000000000001,-1.24,COC(=O)c1cc(O)c(O)c(O)c1 ,28.121918546271846,ABA{~B}araa{B}a{B}a{B}ar 
fluconazole,-2.418,1,306.276,1,3,5,81.64999999999999,-1.8,OC(Cn1cncn1)(Cn2cncn2)c3ccc(F)cc3F ,54.047695919676855,BA{Adradadr}{Adsadads}ataaa{G}aatG 
Chlorzoxazone,-2.679,1,169.567,1,2,0,46.0,-2.8310000000000004,Clc2ccc1oc(=O)[nH]c1c2,93.71621130717418,Zasaaarba{~B}{dH}aras
"2,2',3,4,4',5',6-PCB",-7.898,1,395.3270000000001,0,2,1,0.0,-7.92,Clc1ccc(c(Cl)c1)c2c(Cl)c(Cl)c(Cl)c(Cl)c2Cl,32.05564360363727,Zaraaa{a{Z}ar}asa{Z}a{Z}a{Z}a{Z}asZ
alloxan,0.436,1,142.07,2,1,0,92.34,-1.25,O=C1NC(=O)C(=O)C(=O)N1 ,28.551568637062562,B~ArDA{~B}A{~B}A{~B}Dr 
"1,3-Dichloropropane",-1.618,1,112.987,0,0,2,0.0,-1.62,ClCCCCl,45.4773387372798,ZAAAZ
m-Fluorobromobenzene,-3.467,1,175.0,0,1,0,0.0,-2.67,Fc1cccc(Br)c1,89.49167496947818,Garaaaa{X}ar
p-Chlorobromobenzene,-3.928,1,191.455,0,1,0,0.0,-3.63,Clc1ccc(Br)cc1,98.38258661761043,Zaraaa{X}aar
"2,3-Dimethylbutane",-2.584,1,86.178,0,0,1,0.0,-3.65,CC(C)C(C)C,98.13326124694535,AA{A}A{A}A
1-Butene,-1.655,1,56.108,0,0,1,0.0,-1.94,CCC=C,60.64414436883736,AAA~A
"2,2',3,4,5,5'-PCB",-7.343,1,360.88200000000006,0,2,1,0.0,-7.68,Clc1ccc(Cl)c(c1)c2cc(Cl)c(Cl)c(Cl)c2Cl,21.937245301789755,Zaraaa{Z}a{ar}asaa{Z}a{Z}a{Z}asZ
cytosine,0.051,1,111.104,2,1,0,71.77000000000001,-1.155,Nc1cc[nH]c(=O)n1 ,24.554084482228134,Daraa{dH}a{~B}dr 
"1,1,2-Trichlorotrifluoroethane",-3.077,1,187.37500000000003,0,0,1,0.0,-3.04,FC(F)(Cl)C(F)(Cl)Cl,97.65488643178027,GA{G}{Z}A{G}{Z}Z
Propionitrile,-0.2689999999999999,1,55.07999999999999,0,0,0,23.79,0.28,CCC#N,2.719330844034756,AAA^D
"O,P'-DDD",-6.007999999999999,1,320.04600000000005,0,2,3,0.0,-6.51,ClC(Cl)C(c1ccc(Cl)cc1)c2ccccc2Cl ,0.49362490670931125,ZA{Z}A{araaa{Z}aar}asaaaaasZ 
o-Nitroanisole,-2.346,1,153.13699999999997,0,1,2,52.37,-1.96,COc1ccccc1N(=O)=O,61.57374006692314,ABaraaaaarD{~B}~B
Prasterone,-3.564,1,288.43100000000004,1,4,0,37.3,-4.12,CC34CCC1C(CC=C2CC(O)CCC12C)C3CCC4=O,87.51658554134856,AAtuAAArA{AA~AsAA{B}AAArsA}AtAAAu~B
Procymidone,-3.464,1,284.142,0,3,1,37.38,-4.8,CC12CC2(C)C(=O)N(C1=O)c3cc(Cl)cc(Cl)c3,59.94438916098566,AArsAAs{A}A{~B}D{Ar~B}ataa{Z}aa{Z}at
Benzo[ghi]perylene,-6.446000000000001,2,276.338,0,6,0,0.0,-9.018,c1cc2ccc3ccc4ccc5cccc6c(c1)c2c3c4c56,81.432046693738,araasaaataaauaaavaaaawa{ar}asatauavw
Dinoseb,-3.715,1,240.21499999999995,1,1,4,106.51000000000002,-3.38,CCC(C)c1cc(cc(N(=O)=O)c1O)N(=O)=O ,99.99304022919347,AAA{A}araa{aa{D{~B}~B}arB}D{~B}~B 
meconin,-0.825,1,196.202,0,2,2,44.760000000000005,-1.899,c1c(OC)c(OC)C2C(=O)OCC2c1,58.726745014701955,ara{BA}a{BA}AsA{~B}BAAsar
Glycerol,0.688,1,92.094,3,0,2,60.69,1.12,OCC(O)CO,28.767127290488993,BAA{B}AB
Guaiacol,-1.941,1,124.13899999999995,1,1,1,29.46,-1.96,COc1ccccc1O ,61.57374006692314,ABaraaaaarB 
chlorpyrifos,-4.972,1,350.591,0,1,6,40.58,-5.67,CCOP(=S)(OCC)Oc1nc(Cl)c(Cl)cc1Cl ,20.57218319483826,AABK{~E}{BAA}Barda{Z}a{Z}aarZ 
9-Methylanthracene,-4.87,1,192.261,0,3,0,0.0,-5.89,Cc1c2ccccc2cc3ccccc13,12.800256930350368,Aarasaaaaasaataaaaart
Antipyrene,-1.733,1,188.23,0,2,1,26.93,0.715,Cc1cc(=O)n(c2ccccc2)n1C,13.281852101528846,Aaraa{~B}d{asaaaaas}drA
Methyl butyl ether ,-1.072,1,88.14999999999999,0,0,3,9.23,-0.99,CCCCOC,18.125127457520513,AAAABA
7-methylpteridine,-1.24,1,146.153,0,2,0,51.56,-0.8540000000000001,Cc2cnc1cncnc1n2,13.411549952900426,Aasadaradadards
simazine,-2.8110000000000004,1,201.661,2,1,4,62.73,-4.55,CCNc1nc(Cl)nc(NCC)n1 ,71.23287270951089,AADarda{Z}da{DAA}dr 
"N,N-Dimethylacetamide",0.123,1,87.12199999999999,0,0,0,20.31,1.11,CN(C)C(=O)C,28.33649742640153,AD{A}A{~B}A
Simetryn,-2.689,1,213.31,0,1,3,45.150000000000006,-2.676,CSc1nc(nc(n1)N(C)C)N(C)C,89.66645777711867,AEarda{da{dr}D{A}A}D{A}A
Ethylene,-0.815,1,28.053999999999995,0,0,0,0.0,-0.4,C=C,2.491563135837688,A~A
"3,3-Dimethyl-1-butanol",-1.365,1,102.177,1,0,1,20.23,-0.5,CC(C)(C)CCO,4.19119918154327,AA{A}{A}AAB
5-Allyl-5-ethylbarbital,-1.368,1,196.206,2,1,3,75.27000000000001,-1.614,O=C1NC(=O)NC(=O)C1(CC)CC=C,45.19255411229829,B~ArDA{~B}DA{~B}Ar{AA}AA~A
"2,3,4-Trichlorophenol",-3.705,1,197.448,1,1,0,20.23,-2.67,Oc1ccc(Cl)c(Cl)c1Cl,89.49167496947818,Baraaa{Z}a{Z}arZ
Anisole,-2.3680000000000003,1,108.13999999999996,0,1,1,9.23,-1.85,COc1ccccc1,56.41798014908625,ABaraaaaar
chloropropylate,-5.093,1,339.21800000000013,1,2,4,46.53,-4.53,c1ccc(Cl)cc1C(c2ccc(Cl)cc2)(O)C(=O)OC(C)C,72.09216312674994,araaa{Z}aarA{asaaa{Z}aas}{B}A{~B}BA{A}A
aldosterone,-3.0660000000000003,1,360.4500000000001,2,4,3,91.67000000000002,-3.85,CC13CCC(=O)C=C1CCC4C2CCC(C(=O)CO)C2(CC(O)C34)C=O ,94.69549074801688,AArtAAA{~B}A~ArAAAuAsAAA{A{~B}AB}As{AA{B}Atu}A~B 
Difenoxuron,-3.928,1,286.331,1,2,4,50.8,-4.16,COc2ccc(Oc1ccc(NC(=O)N(C)C)cc1)cc2,86.22904264337194,ABasaaa{Baraaa{DA{~B}D{A}A}aar}aas
4-Ethyltoluene,-3.3280000000000003,1,120.19499999999996,0,1,1,0.0,-3.11,CCc1ccc(C)cc1,98.5580403578764,AAaraaa{A}aar
Diisopropylsulfide,-2.162,1,118.245,0,0,2,0.0,-2.24,CC(C)SC(C)C,73.99572490957632,AA{A}EA{A}A
"1,3-Dinitrobenzene",-2.281,1,168.10799999999995,0,1,2,86.28,-2.29,O=N(=O)c1cccc(c1)N(=O)=O,76.05884526548996,B~D{~B}araaaa{ar}D{~B}~B
Ethion,-5.471,1,384.4870000000002,0,0,12,36.92,-5.54,CCOP(=S)(OCC)SCSP(=S)(OCC)OCC,25.795431159756067,AABK{~E}{BAA}EAEK{~E}{BAA}BAA
probarbital,-1.6030000000000002,1,198.222,2,1,2,75.27000000000001,-2.21,CCC1(C(C)C)C(=O)NC(=O)NC1=O ,72.7313763075574,AAAr{A{A}A}A{~B}DA{~B}DAr~B 
cortisone acetate,-3.426,1,402.48700000000025,1,4,3,97.74,-4.21,CC(=O)OCC(=O)C3(O)CCC4C2CCC1=CC(=O)CCC1(C)C2C(=O)CC34C ,84.54574805047116,AA{~B}BAA{~B}At{B}AAAuAsAAAr~AA{~B}AAAr{A}AsA{~B}AAtuA 
Metronidazole,-0.8590000000000001,1,171.15599999999998,1,1,3,81.19,-1.22,Cc1ncc(N(=O)=O)n1CCO,27.268623692442645,Aardaa{D{~B}~B}drAAB
p-Chloroaniline,-2.392,1,127.574,1,1,0,26.02,-1.66,Nc1ccc(Cl)cc1,47.37923496393412,Daraaa{Z}aar
"2,2-Dimethylpentanol",-1.719,1,116.20399999999998,1,0,3,20.23,-1.52,CCCC(C)(C)CO,40.75740000558716,AAAA{A}{A}AB
Furane,-1.837,2,68.07499999999999,0,1,0,13.14,-0.82,c1ccoc1,12.326270345341683,araabar
Methoproptryne,-3.259,1,271.39,2,1,8,71.96000000000001,-2.928,COCCCNc1nc(NC(C)C)nc(SC)n1,95.77050586150013,ABAAADarda{DA{A}A}da{EA}dr
Norea,-2.47,1,222.33199999999997,1,3,1,32.34,-3.1710000000000003,CN(C)C(=O)NC1CC2CC1C3CCCC23,99.16888784992108,AD{A}A{~B}DArAAsAArAtAAAAst
t-Butylbenzene ,-3.554,1,134.22199999999998,0,1,0,0.0,-3.66,CC(C)(C)c1ccccc1,98.00202949708512,AA{A}{A}araaaaar
kebuzone,-2.645,1,322.36400000000003,0,3,5,57.690000000000005,-3.27,CC(=O)CCC1C(=O)N(N(C1=O)c2ccccc2)c3ccccc3,99.80567402054244,AA{~B}AAArA{~B}D{D{Ar~B}asaaaaas}ataaaaat
prednisolone acetate,-3.507,1,402.48700000000014,2,4,3,100.90000000000002,-4.37,CC(=O)OCC(=O)C3(O)CCC4C2CCC1=CC(=O)C=CC1(C)C2C(O)CC34C ,78.6516969819284,AA{~B}BAA{~B}At{B}AAAuAsAAAr~AA{~B}A~AAr{A}AsA{B}AAtuA 
Methyl propyl ether ,-0.718,1,74.12299999999999,0,0,2,9.23,-0.39,CCCOC,2.345113568219764,AAABA
Isopropyl acetate,-1.1909999999999998,1,102.133,0,0,1,26.3,-0.55,CC(C)OC(=O)C,5.198173150118751,AA{A}BA{~B}A
Bromobenzene,-3.345,1,157.01,0,1,0,0.0,-2.55,Brc1ccccc1,85.73252734266352,Xaraaaaar
Ethyl-p-hydroxybenzoate ,-2.761,1,166.176,1,1,2,46.53,-2.35,CCOC(=O)c1ccc(O)cc1,78.45602809945834,AABA{~B}araaa{B}aar
3-Butanoyloxymethylphenytoin,-3.469,1,352.39000000000004,1,3,6,75.71,-5.071000000000001,O=C1N(COC(=O)CCC)C(=O)C(N1)(c2ccccc2)c3ccccc3,47.09363987836433,B~ArD{ABA{~B}AAA}A{~B}A{Dr}{asaaaaas}ataaaaat
testosterone propionate,-4.87,1,344.4950000000001,0,4,2,43.370000000000005,-5.37,CCC(=O)OC3CCC4C2CCC1=CC(=O)CCC1(C)C2CCC34C ,33.1730418579567,AAA{~B}BAtAAAuAsAAAr~AA{~B}AAAr{A}AsAAAtuA 
Coronene,-6.885,2,300.36000000000007,0,7,0,0.0,-9.332,c1cc2ccc3ccc4ccc5ccc6ccc1c7c2c3c4c5c67,91.50216520924002,araasaaataaauaaavaaawaaaraxasatauavawx
allopurinol,-0.84,1,136.114,2,2,0,74.43,-2.266,O=c1[nH]cnc2[nH]ncc12 ,75.075651423445,B~ar{dH}adas{dH}daars 
Chloroethylene,-1.188,1,62.499,0,0,0,0.0,-1.75,ClC=C,51.66821451327169,ZA~A
diphenamid,-3.147,1,239.318,0,2,3,20.31,-2.98,CN(C)C(=O)C(c1ccccc1)c2ccccc2 ,96.7116880034774,AD{A}A{~B}A{araaaaar}asaaaaas 
Tetrabromomethane,-4.063,1,331.62699999999995,0,0,0,0.0,-3.14,BrC(Br)(Br)Br,98.87911877509333,XA{X}{X}X
RTI 22,-4.408,1,296.374,1,3,2,48.47,-4.871,CCN2c1cc(N(C)C)cc(C)c1NC(=O)c3cccnc23 ,56.607044059091585,AADsaraa{D{A}A}aa{A}arDA{~B}ataaadast 
phthalimide,-1.882,1,147.13299999999998,1,2,0,46.17,-2.61,O=C1NC(=O)c2ccccc12 ,87.67372965465835,B~ArDA{~B}asaaaaars 
Fenarimol,-4.1080000000000005,1,331.202,1,3,3,46.010000000000005,-4.38,OC(c1ccc(Cl)cc1)(c2cncnc2)c3ccccc3Cl,78.25971251771212,BA{araaa{Z}aar}{asadadas}ataaaaatZ
Methyl benzoate ,-2.462,1,136.14999999999998,0,1,1,26.3,-1.85,COC(=O)c1ccccc1,56.41798014908625,ABA{~B}araaaaar
1-methyluracil,-0.375,1,126.115,1,1,0,54.86,-0.807,Cn1ccc(=O)[nH]c1=O,11.921711446276284,Adraaa{~B}{dH}ar~B
oxyphenbutazone,-3.739,1,324.38000000000005,1,3,5,60.85000000000001,-3.73,CCCCC1C(=O)N(N(C1=O)c2ccc(O)cc2)c3ccccc3 ,96.96194426010042,AAAAArA{~B}D{D{Ar~B}asaaa{B}aas}ataaaaat 
"2,2',3,5'-PCB",-6.155,1,291.9920000000001,0,2,1,0.0,-6.47,Clc1ccc(Cl)c(c1)c2cccc(Cl)c2Cl ,0.7968462294392409,Zaraaa{Z}a{ar}asaaaa{Z}asZ 
Quinethazone,-2.184,1,289.7440000000001,3,2,2,101.29,-3.29,CCC2NC(=O)c1cc(c(Cl)cc1N2)S(N)(=O)=O,99.8805923934163,AAAsDA{~B}araa{a{Z}aarDs}E{D}{~B}~B
Diuron,-3.301,1,233.098,1,1,1,32.34,-3.8,CN(C)C(=O)Nc1ccc(Cl)c(Cl)c1,95.71275141143623,AD{A}A{~B}Daraaa{Z}a{Z}ar
Cyclopentene ,-1.72,2,68.11900000000001,0,1,0,0.0,-2.1,C1CC=CC1,67.94435639636276,ArAA~AAr
alloxantin,0.919,1,286.156,6,2,1,191.0,-1.99,C1(=O)NC(=O)NC(=O)C1(O)C2(O)C(=O)NC(=O)NC2(=O),62.960137788067414,Ar{~B}DA{~B}DA{~B}Ar{B}As{B}A{~B}DA{~B}DAs{~B}
Nonane,-3.678,1,128.259,0,0,6,0.0,-5.88,CCCCCCCCC,13.120481027924091,AAAAAAAAA
2-Chlorophenol,-2.553,1,128.558,1,1,0,20.23,-1.06,Oc1ccccc1Cl,20.7652209604574,BaraaaaarZ
5-Methylchrysene,-5.931,1,242.321,0,4,0,0.0,-6.59,c1cccc2c3c(C)cc4ccccc4c3ccc12,0.10351101267414564,araaaasata{A}aauaaaaauataaars
Phenetole,-2.66,1,122.16699999999996,0,1,2,9.23,-2.33,CCOc1ccccc1,77.66693026489658,AABaraaaaar
ethyl cinnamate,-3.0980000000000003,1,176.215,0,1,3,26.3,-3.0,CCOC(=O)C=Cc1ccccc1,97.0432309765296,AABA{~B}A~Aaraaaaar
Terbacil,-3.033,1,216.668,1,1,0,54.86,-2.484,Cc1[nH]c(=O)n(c(=O)c1Cl)C(C)(C)C,83.46243444361905,Aar{dH}a{~B}d{a{~B}arZ}A{A}{A}A
Clonazepam,-3.707,1,315.716,1,3,2,84.6,-3.499,Clc1ccccc1C2=NCC(=O)Nc3ccc(cc23)N(=O)=O,99.57715506099665,ZaraaaaarAs~DAA{~B}Dataaa{aast}D{~B}~B
p-Toluenesulfonamide ,-1.815,1,171.22099999999998,1,1,1,60.16,-1.74,Cc1ccc(cc1)S(=O)(=O)N,51.191690127217605,Aaraaa{aar}E{~B}{~B}D
Chlorbufam,-3.629,1,223.659,1,1,2,38.33,-2.617,CC(OC(=O)Nc1cccc(Cl)c1)C#C,87.89229222921873,AA{BA{~B}Daraaaa{Z}ar}A^A
2-Methylheptane,-3.3080000000000003,1,114.232,0,0,4,0.0,-5.08,CCCCCC(C)C,46.66542850667458,AAAAAA{A}A
Cyhalothrin,-6.905,1,449.8560000000001,0,3,6,59.32000000000001,-8.176,CC1(C)C(C=C(Cl)C(F)(F)F)C1C(=O)OC(C#N)c2cccc(Oc3ccccc3)c2,43.86578988439706,AAr{A}A{A~A{Z}A{G}{G}G}ArA{~B}BA{A^D}asaaaa{Bataaaaat}as
Apazone,-2.9,1,300.3620000000001,0,3,2,56.220000000000006,-3.5380000000000003,CCCC1C(=O)N3N(C1=O)c2cc(C)ccc2N=C3N(C)C ,99.3016556847486,AAAArA{~B}DtD{Ar~B}asaa{A}aaasD~AtD{A}A 
Diazepam,-4.05,1,284.74600000000004,0,3,1,32.67,-3.754,CN2C(=O)CN=C(c1ccccc1)c3cc(Cl)ccc23,96.55694492628946,ADsA{~B}AD~A{araaaaar}ataa{Z}aaast
2-Methyl-3-pentanol,-1.308,1,102.177,1,0,2,20.23,-0.7,CCC(O)C(C)C,8.8195844776081,AAA{B}A{A}A
fensulfothion,-3.283,1,308.36100000000005,0,1,7,44.760000000000005,-2.3,CCOP(=S)(OCC)Oc1ccc(cc1)S(C)=O ,76.46451173483385,AABK{~E}{BAA}Baraaa{aar}E{A}~B 
borneol,-2.423,1,154.253,1,2,0,20.23,-2.32,CC1(C)C2CCC1(C)C(O)C2,77.26859078175892,AAr{A}AsAAAr{A}A{B}As
Testosterone,-3.659,1,288.431,1,4,0,37.3,-4.02,CC12CCC3C(CCC4=CC(=O)CCC34C)C2CCC1O,90.49283978888664,AArsAAAtA{AAAu~AA{~B}AAAtuA}AsAAArB
Heptane,-2.97,1,100.205,0,0,4,0.0,-4.53,CCCCCCC,72.09216312674994,AAAAAAA
1-Napthol,-3.08,1,144.17299999999997,1,2,0,20.23,-2.22,Oc1cccc2ccccc12,73.15494350221192,Baraaaasaaaaars
"cis-1,2-Dimethylcyclohexane",-3.305,1,112.216,0,1,0,0.0,-4.3,C/C1CCCCC1\C,81.32069506136466,ALArAAAAArRA
Trimazosin,-3.958,1,435.48100000000034,2,3,6,132.5,-3.638,COc2cc1c(N)nc(nc1c(OC)c2OC)N3CCN(CC3)C(=O)OCC(C)(C)O ,98.284962622177,ABasaara{D}da{dara{BA}asBA}DtAAD{AAt}A{~B}BAA{A}{A}B 
Cholanthrene,-5.942,2,254.332,0,5,0,0.0,-7.85,C1Cc2c3c1cccc3cc4c2ccc5ccccc54,28.98316848783777,ArAasataraaaataauasaaavaaaaavu
Medrogestone,-4.593,1,340.5070000000001,0,4,1,34.14,-5.27,CC(=O)C3(C)CCC4C2C=C(C)C1=CC(=O)CCC1(C)C2CCC34C,37.73180644545484,AA{~B}At{A}AAAuAsA~A{A}Ar~AA{~B}AAAr{A}AsAAAtuA
2-Heptanone,-1.554,1,114.188,0,0,4,17.07,-1.45,CCCCCC(=O)C,37.50087256184403,AAAAAA{~B}A
Acephate,-0.416,1,183.169,1,0,3,55.4,0.54,COP(=O)(NC(C)=O)SC ,8.155404608036926,ABK{~B}{DA{A}~B}EA 
DEF,-4.074,1,314.5220000000001,0,0,12,17.07,-5.14,CCCCSP(=O)(SCCCC)SCCCC,43.81848068718031,AAAAEK{~B}{EAAAA}EAAAA
phthalamide,-0.636,1,149.149,1,2,0,46.17,-2.932,c1cC2C(=O)NC(=O)C2cc1,95.84692920506646,araAsA{~B}DA{~B}Asaar
Trichlomethiazide,-2.98,1,380.662,3,2,2,118.36,-2.68,NS(=O)(=O)c2cc1c(NC(NS1(=O)=O)C(Cl)Cl)cc2Cl ,89.78225882442429,DE{~B}{~B}asaara{DA{DEr{~B}~B}A{Z}Z}aasZ 
2-Methy-2-Butene,-1.994,1,70.13499999999999,0,0,0,0.0,-2.56,CC=C(C)C,86.06435589751597,AA~A{A}A
"1,2,4-Trimethylbenzene",-3.343,1,120.195,0,1,0,0.0,-3.31,Cc1ccc(C)c(C)c1,99.93737368742023,Aaraaa{A}a{A}ar
"2,4,5-Trichlorophenol ",-3.78,1,197.448,1,1,0,20.23,-2.21,Oc1cc(Cl)c(Cl)cc1Cl,72.7313763075574,Baraa{Z}a{Z}aarZ
phenanthridine,-3.713,2,179.22199999999998,0,3,0,12.89,-2.78,c1ccc2c(c1)cnc3ccccc23 ,92.48500205653517,araaasa{ar}adataaaaast 
3-Methyl-3-hexanol,-1.663,1,116.20399999999998,1,0,3,20.23,-0.98,CCCC(C)(O)CC,17.759290790643707,AAAA{A}{B}AA
Octane,-3.324,1,114.232,0,0,5,0.0,-5.24,CCCCCCCC,39.12308063593571,AAAAAAAA
Anthracene,-4.518,2,178.23399999999995,0,3,0,0.0,-6.35,c1ccc2cc3ccccc3cc2c1,2.1335658556281167,araaasaataaaaataasar
Phenylhydrazine,-1.866,1,108.14399999999998,2,1,1,38.05,0.07,NNc1ccccc1,0.42905425512035356,DDaraaaaar
Propionaldehyde,-0.3939999999999999,1,58.08,0,0,1,17.07,0.58,CCC=O,9.229347119361043,AAA~B
Cyclooctane,-3.355,2,112.216,0,1,0,0.0,-4.15,C1CCCCCCC1,86.55594235845457,ArAAAAAAAr
"5,5-Diallylbarbital",-1.471,1,208.217,2,1,4,75.27000000000001,-2.077,O=C1NC(=O)NC(=O)C1(CC=C)CC=C,66.91671025291977,B~ArDA{~B}DA{~B}Ar{AA~A}AA~A
Trichloromethane,-1.812,1,119.378,0,0,0,0.0,-1.17,ClC(Cl)Cl,25.172218766991612,ZA{Z}Z
thiouracil,-0.992,1,128.15599999999998,2,1,0,45.75,-2.273,Sc1nccc(=O)[nH]1 ,75.36379557086565,Eardaaa{~B}{dH}r 
Pencycuron,-5.126,1,328.843,1,3,4,32.34,-5.915,Clc1ccc(CN(C2CCCC2)C(=O)Nc3ccccc3)cc1,12.014554220215379,Zaraaa{AD{AsAAAAs}A{~B}Dataaaaat}aar
1-Methylcyclohexene ,-2.574,1,96.17300000000002,0,1,0,0.0,-3.27,CC1=CCCCC1,99.80567402054244,AAr~AAAAAr
2-Ethylhexanal,-2.232,1,128.21499999999995,0,0,5,17.07,-2.13,CCCCC(CC)C=O,69.27172178063634,AAAAA{AA}A~B
Khellin,-3.603,1,260.24499999999995,0,3,2,61.81,-3.0210000000000004,COc2c1occc1c(OC)c3c(=O)cc(C)oc23 ,97.37293934902328,ABasarbaaara{BA}ata{~B}aa{A}bast 
5-Ethyl-5-(3-methylbutyl)barbital,-2.312,1,226.27599999999995,2,1,4,75.27000000000001,-2.658,O=C1NC(=O)NC(=O)C1(CC)CCC(C)C,89.13823792685704,B~ArDA{~B}DA{~B}Ar{AA}AAA{A}A
Benzo(j)fluoranthene,-6.007000000000001,2,252.316,0,5,0,0.0,-8.0,c1ccc2c3c(ccc2c1)c4cccc5cccc3c45,35.66406706756181,araaasata{aaasar}auaaaavaaaatauv
2-Ethylbutanal,-1.523,1,100.161,0,0,3,17.07,-1.52,CCC(CC)C=O,40.75740000558716,AAA{AA}A~B
Dipropyl ether,-1.426,1,102.177,0,0,4,9.23,-1.62,CCCOCCC,45.4773387372798,AAABAAA
1-Tetradecanol,-4.231,1,214.39299999999997,1,0,12,20.23,-5.84,CCCCCCCCCCCCCCO,14.434606925108644,AAAAAAAAAAAAAAB
"2,3,6-Trichlorophenol",-3.572,1,197.448,1,1,0,20.23,-2.64,Oc1c(Cl)ccc(Cl)c1Cl,88.59849085804485,Bara{Z}aaa{Z}arZ
Urea,0.8320000000000001,1,60.056,2,0,0,69.11,0.96,NC(=O)N,22.134840882931506,DA{~B}D
1-Pentyne,-1.446,1,68.11899999999999,0,0,1,0.0,-1.64,CCCC#C,46.4276373773396,AAAA^A
"1,3-Dibromobenzene",-4.298,1,235.906,0,1,0,0.0,-3.54,Brc1cccc(Br)c1,99.28568653426284,Xaraaaa{X}ar
1-Octadecanol,-5.649,1,270.50099999999986,1,0,16,20.23,-8.4,CCCCCCCCCCCCCCCCCCO,54.52266126272022,AAAAAAAAAAAAAAAAAAB
Acetanilide,-1.857,1,135.16599999999997,1,1,1,29.1,-1.33,CC(=O)Nc1ccccc1,32.05564360363728,AA{~B}Daraaaaar
hematein,-1.795,1,300.266,4,4,0,107.22,-2.7,c1cc(O)c(O)c2OCC3(O)CC4=CC(=O)C(O)=CC4=C3c21,90.35255128275246,araa{B}a{B}asBAAt{B}AAu~AA{~B}A{B}~AAu~Atasr
Isonazid,-0.7170000000000001,1,137.14200000000002,2,1,1,68.01,0.009,c1nccc(C(=O)NN)c1,0.13294109165318257,ardaaa{A{~B}DD}ar
hydroxychlordene,-4.156000000000001,1,354.8749999999999,1,3,0,20.23,-5.46,OC1C=CC2C1C3(Cl)C(=C(Cl)C2(Cl)C3(Cl)Cl)Cl ,29.199687319298818,BArA~AAsArAt{Z}A{~A{Z}As{Z}At{Z}Z}Z 
Isopentyl formate,-1.449,1,116.15999999999998,0,0,4,26.3,-1.52,CC(C)CCOC=O,40.75740000558716,AA{A}AABA~B
Acetophenone,-2.0780000000000003,1,120.15099999999995,0,1,1,17.07,-1.28,CC(=O)c1ccccc1,29.852060358106712,AA{~B}araaaaar
biquinoline,-4.9030000000000005,2,256.308,0,4,1,25.78,-5.4,c2ccc1nc(ccc1c2)c4ccc3ccccc3n4 ,31.833367106994316,asaaarda{aaaras}auaaataaaaatdu 
Triethyl phosphate,-0.953,1,182.156,0,0,6,44.760000000000005,0.43,CCOP(=O)(OCC)OCC,5.520226300897063,AABK{~B}{BAA}BAA
D-fenchone,-2.158,1,152.237,0,2,0,17.07,-1.85,CC2(C)C1CCC(C)(C1)C2=O,56.41798014908625,AAs{A}ArAAA{A}{Ar}As~B
7-methoxypteridine,-1.589,1,162.152,0,2,1,60.790000000000006,-0.91,COc2cnc1cncnc1n2,15.282325685101734,ABasadaradadards
Chlordene,-5.152,1,338.876,0,3,0,0.0,-5.64,ClC2=C(Cl)C3(Cl)C1C=CCC1C2(Cl)C3(Cl)Cl ,21.740287482287822,ZAs~A{Z}At{Z}ArA~AAArAs{Z}At{Z}Z 
2-Nitropropane,-0.743,1,89.094,0,0,1,43.14,-0.62,CC(C)N(=O)=O,6.778401892811637,AA{A}D{~B}~B
Carbazole,-3.836,2,167.21099999999998,1,3,0,15.79,-5.27,c1ccc2c(c1)[nH]c3ccccc32,37.73180644545484,araaasa{ar}{dH}ataaaaats
Erythritol,0.675,1,122.12,4,0,3,80.92,0.7,OCC(O)C(O)CO,12.8002569303503,BAA{B}A{B}AB
Risocaine,-2.709,1,179.21899999999997,1,1,3,52.32,-2.452,CCCOC(=O)c1ccc(N)cc1,82.31352590300418,AAABA{~B}araaa{D}aar
Azodrin,-0.949,1,223.165,1,0,5,73.86,0.6509999999999999,CNC(=O)C=C(C)OP(=O)(OC)OC,11.2805772578771,ADA{~B}A~A{A}BK{~B}{BA}BA
Succinimide,0.282,1,99.089,1,1,0,46.17,0.3,O=C1CCC(=O)N1,3.038055739899553,B~ArAAA{~B}Dr
"2,3-Dimethylpentane",-2.938,1,100.20499999999998,0,0,2,0.0,-4.28,CCC(C)C(C)C,82.05815515700546,AAA{A}A{A}A
bupirimate,-3.4930000000000003,1,316.4270000000001,1,1,8,84.42,-4.16,CCCCc1c(C)nc(NCC)nc1OS(=O)(=O)N(C)C ,86.22904264337194,AAAAara{A}da{DAA}darBE{~B}{~B}D{A}A 
RTI 16,-3.411,1,270.361,0,3,1,32.260000000000005,-4.634,CCN2c1ncccc1N(C)C(=S)c3cccnc23 ,67.54323442621786,AADsardaaaarD{A}A{~E}ataaadast 
RTI 9,-3.784,1,239.274,0,3,1,29.54,-3.68,O2c1ccccc1N(CC)C(=O)c3ccccc23 ,97.72648751504005,BsaraaaaarD{AA}A{~B}ataaaaast 
Tetrahydropyran ,-0.978,2,86.134,0,1,0,9.23,-0.03,C1CCOCC1,0.0319554682661205,ArAABAAr
1-Heptyne,-2.155,1,96.173,0,0,3,0.0,-3.01,CCCCCC#C,97.20259523533927,AAAAAA^A
osthole,-4.0760000000000005,1,244.28999999999996,0,2,3,39.44,-4.314,c1cc2ccc(OC)c(CC=C(C)(C))c2oc1=O ,80.79768070535616,araasaaa{BA}a{AA~A{A}{A}}asbar~B 
3-Methylcholanthrene,-6.311,1,268.3589999999999,0,5,0,0.0,-7.92,c1cc(C)cc2c1c3cc4cccc5CCc(c45)c3cc2,32.05564360363727,araa{A}aasarataauaaaavAAa{auv}ataas
Ethyl benzoate ,-2.775,1,150.177,0,1,2,26.3,-2.32,CCOC(=O)c1ccccc1,77.26859078175892,AABA{~B}araaaaar
1-Chloro-2-methylpropane,-1.924,1,92.569,0,0,1,0.0,-2.0,ClCC(C)C,63.4199700024954,ZAA{A}A
Ethinyl estradiol,-4.317,1,296.41,2,4,0,40.46,-4.3,CC34CCC1C(CCc2cc(O)ccc12)C3CCC4(O)C#C ,81.32069506136466,AAtuAAArA{AAasaa{B}aaars}AtAAAu{B}A^A 
methyl laurate,-4.025,1,214.349,0,0,10,26.3,-4.69,CCCCCCCCCCCC(=O)OC,65.01950244736724,AAAAAAAAAAAA{~B}BA
Di-n-propylsulfide,-2.307,1,118.245,0,0,4,0.0,-2.58,CCCSCCC,86.71814789847114,AAAEAAA
Napthacene,-5.568,2,228.294,0,4,0,0.0,-8.6,c1ccc2cc3cc4ccccc4cc3cc2c1,63.878582280599794,araaasaataauaaaaauaataasar
1-Bromopentane,-2.658,1,151.047,0,0,3,0.0,-3.08,CCCCCBr,98.19723702729229,AAAAAX
trans-2-Heptene ,-2.784,1,98.18899999999998,0,0,3,0.0,-3.82,CCCC/C=C/C,95.31818716396879,AAAALA~ALA
Metranidazole,-0.8590000000000001,1,171.15599999999998,1,1,3,81.19,-1.26,Cc1ncc(N(=O)=O)n1CCO ,28.983168487837762,Aardaa{D{~B}~B}drAAB 
Pentylcyclopentane,-3.869,1,140.26999999999998,0,1,4,0.0,-6.08,CCCCCC1CCCC1,7.3898016526756924,AAAAAArAAAAr
"2,2',3,5,5',6-PCB",-7.261,1,360.88200000000006,0,2,1,0.0,-7.42,Clc1ccc(Cl)c(c1)c2c(Cl)c(Cl)cc(Cl)c2Cl ,12.641411183879542,Zaraaa{Z}a{ar}asa{Z}a{Z}aa{Z}asZ 
5-Ethyl-5-isopropylbarbituric acid,-1.6030000000000002,1,198.222,2,1,2,75.27000000000001,-2.148,O=C1NC(=O)NC(=O)C1(CC)C(C)C,70.06064228893476,B~ArDA{~B}DA{~B}Ar{AA}A{A}A
"1,1,1-Trichloroethane",-2.232,1,133.405,0,0,0,0.0,-2.0,CC(Cl)(Cl)Cl,63.4199700024954,AA{Z}{Z}Z
Monolinuron,-2.948,1,214.652,1,1,2,41.57,-2.57,CON(C)C(=O)Nc1ccc(Cl)cc1,86.39290603835263,ABD{A}A{~B}Daraaa{Z}aar
Cyclohexyl-5-spirobarbituric acid,-1.405,1,196.206,2,2,0,75.27,-3.06,O=C2NC(=O)C1(CCCCC1)C(=O)N2,97.93477650997953,B~AsDA{~B}Ar{AAAAAr}A{~B}Ds
dimetan,-2.3040000000000003,1,211.26099999999997,0,1,1,46.61,-0.85,CN(C)C(=O)OC1=CC(=O)CC(C)(C)C1 ,13.28185210152888,AD{A}A{~B}BAr~AA{~B}AA{A}{A}Ar 
4-Bromotoluene,-3.667,1,171.03700000000003,0,1,0,0.0,-3.19,Cc1ccc(Br)cc1,99.32527325920604,Aaraaa{X}aar
Diethyl ether ,-0.718,1,74.123,0,0,2,9.23,-0.09,CCOCC,0.01150475294215414,AABAA
Rovral,-4.004,1,330.17100000000005,1,2,2,69.72,-4.376,CC(C)NC(=O)N1CC(=O)N(C1=O)c2cc(Cl)cc(Cl)c2,78.41681657649347,AA{A}DA{~B}DrAA{~B}D{Ar~B}asaa{Z}aa{Z}as
Benfluralin,-5.205,1,335.28200000000004,0,1,7,89.51999999999998,-5.53,CCCCN(CC)c1c(cc(cc1N(=O)=O)C(F)(F)F)N(=O)=O,26.213664354328657,AAAAD{AA}ara{aa{aarD{~B}~B}A{G}{G}G}D{~B}~B
"2,4,6-Trimethylphenol",-2.9410000000000003,1,136.194,1,1,0,20.23,-2.05,Cc1cc(C)c(O)c(C)c1,65.6999999739123,Aaraa{A}a{B}a{A}ar
Benzene ,-2.418,2,78.11399999999999,0,1,0,0.0,-1.64,c1ccccc1,46.4276373773396,araaaaar
p-Chloroiodobenzene,-4.384,1,238.455,0,1,0,0.0,-4.03,Clc1ccc(I)cc1,90.21134571378673,Zaraaa{H}aar
Metoxuron,-2.6830000000000003,1,228.679,1,1,2,41.57,-2.564,COc1ccc(NC(=O)N(C)C)cc1Cl,86.1961710427729,ABaraaa{DA{~B}D{A}A}aarZ
propachlor,-3.018,1,211.69200000000004,0,1,3,20.31,-2.48,CC(C)N(C(=O)CCl)c1ccccc1 ,83.32050255742128,AA{A}D{A{~B}AZ}araaaaar 
Styrene,-2.85,1,104.15199999999996,0,1,1,0.0,-2.82,C=Cc1ccccc1,93.45930144998869,A~Aaraaaaar
Dimethoxymethane,0.092,1,76.095,0,0,2,18.46,0.48,COCOC,6.659057732510915,ABABA
o-Xylene ,-3.004,1,106.168,0,1,0,0.0,-2.8,Cc1ccccc1C,92.97996572449566,AaraaaaarA
Butan-2-ol,-0.616,1,74.12299999999999,1,0,1,20.23,0.47,CCC(C)O,6.423327035175208,AAA{A}B
"1,4-Benzenediol",-1.59,1,110.11199999999998,2,1,0,40.46,-0.17,Oc1ccc(O)cc1,0.23857831499380366,Baraaa{B}aar
estriol,-3.858,1,288.387,3,4,0,60.69,-4.955,CC34CCC1C(CCc2cc(O)ccc12)C3CC(O)C4O ,52.62076503606588,AAtuAAArA{AAasaa{B}aaars}AtAA{B}AuB 
Benzo(b)fluorene,-5.189,2,216.283,0,4,0,0.0,-8.04,C1c2ccccc2c3cc4ccccc4cc13,37.500872561844055,Arasaaaaasataauaaaaauaart
hydantoin,0.603,1,100.077,2,1,0,58.2,-0.4,O=C1CNC(=O)N1 ,2.491563135837688,B~ArADA{~B}Dr 
4-hexylresorcinol,-3.4930000000000003,1,194.27399999999992,2,1,5,40.46,-2.59,c1(O)cc(O)ccc1CCCCCC,87.04005191190683,ar{B}aa{B}aaarAAAAAA
allicin,-2.045,1,162.27899999999997,0,0,5,17.07,-0.83,C=CCS(=O)SCC=C,12.64141118387953,A~AAE{~B}EAA~A
Coumaphos,-5.04,1,362.7710000000001,0,2,6,57.9,-5.382000000000001,CCOP(=S)(OCC)Oc2ccc1oc(=O)c(Cl)c(C)c1c2,32.63545840225417,AABK{~E}{BAA}Basaaarba{~B}a{Z}a{A}aras
"5,6-Dimethylchrysene",-6.265,1,256.348,0,4,0,0.0,-7.01,Cc1c(C)c2c3ccccc3ccc2c4ccccc14,2.7974047646607216,Aara{A}asataaaaataaasauaaaaaru
Betamethasone-17-valerate,-5.062,1,476.5850000000002,2,4,6,100.90000000000002,-4.71,CCCCC(=O)OC3(C(C)CC4C2CCC1=CC(=O)C=CC1(C)C2(F)C(O)CC34C)C(=O)CO,64.10741791098799,AAAAA{~B}BAt{A{A}AAuAsAAAr~AA{~B}A~AAr{A}As{G}A{B}AAtuA}A{~B}AB
uric acid,-0.541,1,168.112,4,2,0,114.36999999999998,-3.93,O=c2[nH]c(=O)c1[nH]c(=O)[nH]c1[nH]2 ,92.85768299350556,B~as{dH}a{~B}ar{dH}a{~B}{dH}ar{dH}s 
"2,3,4,6-Tetrachlorophenol",-4.203,1,231.893,1,1,0,20.23,-3.1,Oc1c(Cl)cc(Cl)c(Cl)c1Cl,98.44217255046743,Bara{Z}aa{Z}a{Z}arZ
"1,3-Dichlorobenzene",-3.5580000000000003,1,147.004,0,1,0,0.0,-3.04,Clc1cccc(Cl)c1,97.65488643178027,Zaraaaa{Z}ar
DDT,-6.638,1,354.491,0,2,2,0.0,-7.15,Clc1ccc(cc1)C(c2ccc(Cl)cc2)C(Cl)(Cl)Cl,5.411861115478256,Zaraaa{aar}A{asaaa{Z}aas}A{Z}{Z}Z
Isobutyl formate,-1.095,1,102.13299999999998,0,0,3,26.3,-1.01,CC(C)COC=O,18.865459984414112,AA{A}ABA~B
thioanisole,-2.87,1,124.208,0,1,1,0.0,-2.39,c1ccccc1SC,80.00289992357234,araaaaarEA
RTI 13,-4.45,1,322.29,1,3,1,58.120000000000005,-4.207,CCN2c1nc(C)cc(C(F)(F)F)c1NC(=O)c3cccnc23 ,84.6489982710965,AADsarda{A}aa{A{G}{G}G}arDA{~B}ataaadast 
Hexane ,-2.615,1,86.178,0,0,3,0.0,-3.84,CCCCCC,94.90714477349232,AAAAAA
methyl nicotinate,-1.621,1,137.138,0,1,1,39.19,-0.46,COC(=O)c1cccnc1 ,3.4604605720006063,ABA{~B}araaadar 
Bendroflumethiazide,-3.741,1,421.4220000000001,3,3,3,118.36,-3.59,NS(=O)(=O)c3cc2c(NC(Cc1ccccc1)NS2(=O)=O)cc3C(F)(F)F,98.82837593125723,DE{~B}{~B}ataasa{DA{Aaraaaaar}DEs{~B}~B}aatA{G}{G}G
"2,3,3',4,4',5-PCB",-7.425,1,360.88200000000006,0,2,1,0.0,-7.82,Clc1ccc(cc1Cl)c2cc(Cl)c(Cl)c(Cl)c2Cl ,27.69425727261341,Zaraaa{aarZ}asaa{Z}a{Z}a{Z}asZ 
Vinclozolin,-4.377,1,286.11400000000003,0,2,2,46.61,-4.925,CC1(OC(=O)N(C1=O)c2cc(Cl)cc(Cl)c2)C=C,54.04769591967678,AAr{BA{~B}D{Ar~B}asaa{Z}aa{Z}as}A~A
Cyanazine,-2.49,1,240.698,2,1,4,86.52,-3.15,CCNc1nc(Cl)nc(NC(C)(C)C#N)n1,98.97727081518764,AADarda{Z}da{DA{A}{A}A^D}dr
Triphenylene,-5.568,2,228.294,0,4,0,0.0,-6.726,c1ccc2c(c1)c3ccccc3c4ccccc24,0.10659962577346804,araaasa{ar}ataaaaatauaaaaasu
Dienestrol,-4.775,1,266.34,2,2,3,40.46,-4.95,CC=C(C(=CC)c1ccc(O)cc1)c2ccc(O)cc2,52.858767293401634,AA~A{A{~AA}araaa{B}aar}asaaa{B}aas
Di(2-ethylhexyl)-phthalate,-7.117000000000001,1,390.5640000000003,0,1,14,52.60000000000001,-6.96,CCCCC(CC)COC(=O)c1ccccc1C(=O)OCC(CC)CCCC,2.065223490020507,AAAAA{AA}ABA{~B}araaaaarA{~B}BAA{AA}AAAA
2-Ethyl pyridine,-2.051,1,107.15599999999998,0,1,1,12.89,0.51,CCc1ccccn1,7.389801652675665,AAaraaaadr
Naled,-3.548,1,380.784,0,0,5,44.760000000000005,-2.28,COP(=O)(OC)OC(Br)C(Cl)(Cl)Br,75.65080992856392,ABK{~B}{BA}BA{X}A{Z}{Z}X
Biphenyl,-4.079,2,154.21199999999996,0,2,1,0.0,-4.345,c1ccc(cc1)c2ccccc2,79.62018578637576,araaa{aar}asaaaaas
"2,2',4,4',6,6'-PCB",-7.178999999999999,1,360.88200000000006,0,2,1,0.0,-8.71,Clc1cc(Cl)c(c(Cl)c1)c2c(Cl)cc(Cl)cc2Cl ,68.83096506546823,Zaraa{Z}a{a{Z}ar}asa{Z}aa{Z}aasZ 
Altretamine,-2.492,1,210.285,0,1,3,48.39000000000001,-3.364,CN(C)c1nc(nc(n1)N(C)C)N(C)C,99.99994886581241,AD{A}arda{da{dr}D{A}A}D{A}A
"2,4-Dimethyl-2-pentanol ",-1.6469999999999998,1,116.20399999999998,1,0,2,20.23,-0.92,CC(C)CC(C)(C)O,15.626963309829955,AA{A}AA{A}{A}B
Cycloheptyl-5-spirobarbituric acid,-1.844,1,210.233,2,2,0,75.27,-3.168,O=C2NC(=O)C1(CCCCCC1)C(=O)N2 ,99.14271906287148,B~AsDA{~B}Ar{AAAAAAr}A{~B}Ds 
Fructose,0.471,1,180.156,5,1,2,110.38,0.64,OCC1OC(O)(CO)C(O)C1O,10.950923668037122,BAArBA{B}{AB}A{B}ArB
"3,5-Dimethylphenol",-2.652,1,122.16699999999996,1,1,0,20.23,-1.4,Cc1cc(C)cc(O)c1,35.20801961724433,Aaraa{A}aa{B}ar
Barban,-4.16,1,258.104,1,1,2,38.33,-4.37,ClCC#CCOC(=O)Nc1cccc(Cl)c1,78.6516969819284,ZAA^AABA{~B}Daraaaa{Z}ar
p-Chloroacetanilide,-2.642,1,169.611,1,1,1,29.1,-2.843,CC(=O)Nc1ccc(Cl)cc1,93.99099152869901,AA{~B}Daraaa{Z}aar
"2,2',3,4,5,5',6-PCB",-7.898,1,395.3270000000001,0,2,1,0.0,-8.94,Clc1ccc(Cl)c(c1)c2c(Cl)c(Cl)c(Cl)c(Cl)c2Cl,78.45602809945828,Zaraaa{Z}a{ar}asa{Z}a{Z}a{Z}a{Z}asZ
"2,2-Dimethylbutane",-2.584,1,86.17799999999998,0,0,0,0.0,-3.55,CCC(C)(C)C,99.20315377056077,AAA{A}{A}A
N-Methylaniline ,-2.097,1,107.15599999999998,1,1,1,12.03,-1.28,CNc1ccccc1,29.852060358106712,ADaraaaaar
"1,4-Pentadiene ",-1.758,1,68.119,0,0,2,0.0,-2.09,C=CCC=C,67.49858503918693,A~AAA~A
Hydrocortisone 21-acetate,-3.692,1,404.5030000000002,2,4,3,100.90000000000002,-4.88,CC(=O)OCC(=O)C1(O)CCC2C3CCC4=CC(=O)CCC4(C)C3C(O)CC21C,56.181519312819674,AA{~B}BAA{~B}Ar{B}AAAsAtAAAu~AA{~B}AAAu{A}AtA{B}AAsrA
DNOC,-2.818,1,198.134,1,1,2,106.51000000000002,-1.456,Cc1cc(cc(N(=O)=O)c1O)N(=O)=O,37.77802684746197,Aaraa{aa{D{~B}~B}arB}D{~B}~B
Lorazepam,-3.75,1,321.163,2,3,1,61.690000000000005,-3.604,OC3N=C(c1ccccc1Cl)c2cc(Cl)ccc2NC3=O,98.68039621295802,BAtD~A{araaaaarZ}asaa{Z}aaasDAt~B
3-Chlorophenol,-2.761,1,128.558,1,1,0,20.23,-0.7,Oc1cccc(Cl)c1,8.8195844776081,Baraaaa{Z}ar
m-Chlorobromobenzene,-3.928,1,191.455,0,1,0,0.0,-3.21,Clc1cccc(Br)c1,99.47240175163202,Zaraaaa{X}ar
chlorothiazide,-1.7519999999999998,1,295.72900000000004,2,2,1,118.69,-3.05,NS(=O)(=O)c2cc1c(N=CNS1(=O)=O)cc2Cl ,97.79700395342905,DE{~B}{~B}asaara{D~ADEr{~B}~B}aasZ 
5-Methyl-5-ethylbarbituric acid,-0.911,1,170.16799999999998,2,1,1,75.27000000000001,-1.228,O=C1NC(=O)NC(=O)C1(C)CC,27.60896710027862,B~ArDA{~B}DA{~B}Ar{A}AA
2-Phenoxyethanol,-1.761,1,138.16599999999997,1,1,3,29.46,-0.7,OCCOc1ccccc1,8.8195844776081,BAABaraaaaar
Diphenylmethane,-4.09,2,168.239,0,2,2,0.0,-4.08,C(c1ccccc1)c2ccccc2,88.74956778681921,A{araaaaar}asaaaaas
3-Octanol,-2.033,1,130.23099999999997,1,0,5,20.23,-1.98,CCCCCC(O)CC,62.49912743815601,AAAAAA{B}AA
Flumetralin,-6.584,1,421.7340000000001,0,2,6,89.51999999999998,-6.78,CCN(Cc1c(F)cccc1Cl)c2c(cc(cc2N(=O)=O)C(F)(F)F)N(=O)=O,0.3406491709375514,AAD{Aara{G}aaaarZ}asa{aa{aasD{~B}~B}A{G}{G}G}D{~B}~B
Propazine,-3.329,1,229.71500000000003,2,1,4,62.73,-4.43,CC(C)Nc1nc(Cl)nc(NC(C)C)n1,76.26197691850403,AA{A}Darda{Z}da{DA{A}A}dr
2-Methylpentanol,-1.381,1,102.177,1,0,3,20.23,-1.11,CCCC(C)CO,22.731409218241115,AAAA{A}AB
2-Methyl-2-hexanol,-1.663,1,116.20399999999998,1,0,3,20.23,-1.08,CCCCC(C)(C)O,21.543971900541692,AAAAA{A}{A}B
Ethylbenzene,-2.988,1,106.16799999999996,0,1,1,0.0,-2.77,CCc1ccccc1,92.23171576571643,AAaraaaaar
5-(3-Methyl-2-butenyl)-5-ethylbarbital,-2.126,1,224.26,2,1,3,75.27000000000001,-2.253,O=C1NC(=O)NC(=O)C1(CC)CC=C(C)C,74.53757299423363,B~ArDA{~B}DA{~B}Ar{AA}AA~A{A}A
Heptachlor,-5.26,1,373.3209999999999,0,3,0,0.0,-6.317,ClC1C=CC2C1C3(Cl)C(=C(Cl)C2(Cl)C3(Cl)Cl)Cl,2.611832929940572,ZArA~AAsArAt{Z}A{~A{Z}As{Z}At{Z}Z}Z
butallylonal,-2.766,1,303.156,2,1,4,75.27000000000001,-2.647,CCC(C)C1(CC(Br)=C)C(=O)NC(=O)NC1=O ,88.80975217268823,AAA{A}Ar{AA{X}~A}A{~B}DA{~B}DAr~B 
Fenpropathrin,-6.15,1,349.43000000000006,0,3,5,59.32000000000001,-6.025,CC1(C)C(C(=O)OC(C#N)c2cccc(Oc3ccccc3)c2)C1(C)C,8.819584477608105,AAr{A}A{A{~B}BA{A^D}asaaaa{Bataaaaat}as}Ar{A}A
Methoprene,-4.795,1,310.47800000000007,0,0,10,35.53,-5.19,COC(C)(C)CCCC(C)CC=CC(C)=CC(=O)OC(C)C,41.46107959162754,ABA{A}{A}AAAA{A}AA~AA{A}~AA{~B}BA{A}A
Ethyl propionate,-1.1909999999999998,1,102.133,0,0,2,26.3,-0.66,CCOC(=O)CC,7.768284234283596,AABA{~B}AA
Prometryn,-3.693,1,241.364,2,1,5,62.73,-4.1,CSc1nc(NC(C)C)nc(NC(C)C)n1,88.14001070745738,AEarda{DA{A}A}da{DA{A}A}dr
Buturon,-3.199,1,236.702,1,1,2,32.34,-3.9,CC(C#C)N(C)C(=O)Nc1ccc(Cl)cc1,93.57667296482477,AA{A^A}D{A}A{~B}Daraaa{Z}aar
"2,3-Dimethylnaphthalene",-4.1160000000000005,1,156.22799999999998,0,2,0,0.0,-4.72,Cc1cc2ccccc2cc1C,63.64943124185305,AaraasaaaaasaarA
"2,4',5-PCB",-5.7620000000000005,1,257.547,0,2,1,0.0,-6.25,Clc1ccc(cc1)c2cc(Cl)ccc2Cl ,3.7266109194009966,Zaraaa{aar}asaa{Z}aaasZ 
"2,3',4,4',5-PCB",-7.343,1,360.88200000000006,0,2,1,0.0,-7.39,Clc1ccc(c(Cl)c1)c2cc(Cl)c(Cl)c(Cl)c2Cl ,11.706291144914626,Zaraaa{a{Z}ar}asaa{Z}a{Z}a{Z}asZ 
2-cyanoguanidine,0.361,1,84.082,2,0,0,88.19,-0.31,NC(N)=NC#N ,1.3305059814842812,DA{D}~DA^D 
Chloropicrin,-1.866,1,164.375,0,0,0,43.14,-2.0,ClC(Cl)(Cl)N(=O)=O,63.4199700024954,ZA{Z}{Z}D{~B}~B
"2,6-PCB",-4.984,1,223.102,0,2,1,0.0,-5.21,Clc1cccc(Cl)c1c2ccccc2 ,40.52325314019236,Zaraaaa{Z}arasaaaaas 
p-Methoxybenzaldehyde,-2.252,1,136.14999999999998,0,1,2,26.3,-1.49,COc1ccc(C=O)cc1,39.35585563116268,ABaraaa{A~B}aar
4-Nitroacetanilide,-2.219,1,180.163,1,1,2,72.24000000000001,-2.692,CC(=O)Nc1ccc(cc1)N(=O)=O,90.12618351635886,AA{~B}Daraaa{aar}D{~B}~B
Ethyl heptanoate,-2.608,1,158.241,0,0,6,26.3,-2.74,CCCCCCC(=O)OCC,91.44891640507142,AAAAAAA{~B}BAA
p-Hydroxyacetanilide,-1.495,1,151.165,2,1,1,49.33,-1.03,CC(=O)Nc1ccc(O)cc1,19.6171133393241,AA{~B}Daraaa{B}aar
indazole,-2.34,2,118.13899999999998,1,2,0,28.68,-2.16,c2ccc1[nH]ncc1c2 ,70.58332113579239,asaaar{dH}daaras 
triamcinolone acetonide,-3.928,1,434.50400000000025,2,5,2,93.06000000000002,-4.31,CC5(C)OC4CC3C2CCC1=CC(=O)C=CC1(C)C2(F)C(O)CC3(C)C4(O5)C(=O)CO ,80.94767739795574,AAv{A}BAuAAtAsAAAr~AA{~B}A~AAr{A}As{G}A{B}AAt{A}Au{Bv}A{~B}AB 
guanine,-0.67,1,151.129,3,2,0,100.45,-3.583,Nc2nc1[nH]cnc1c(=O)[nH]2 ,98.89910494119347,Dasdar{dH}adara{~B}{dH}s 
Methyl acetate,-0.416,1,74.07900000000001,0,0,0,26.3,0.46,COC(=O)C,6.1915576556517085,ABA{~B}A
Stanolone,-3.882,1,290.44699999999995,1,4,0,37.3,-4.743,CC34CCC1C(CCC2CC(=O)CCC12C)C3CCC4O ,62.59142174890735,AAtuAAArA{AAAsAA{~B}AAArsA}AtAAAuB 
1-Hexene-3-ol,-1.199,1,100.161,1,0,3,20.23,-0.59,CCCC(O)C=C,6.077165058217088,AAAA{B}A~A
norbormide,-4.238,1,511.5810000000002,2,7,5,92.18,-3.931,OC(C1=CC2C5C(C1C2=C(c3ccccc3)c4ccccn4)C(=O)NC5=O)(c6ccccc6)c7ccccn7 ,92.83310947857395,BA{Ar~AAsAvA{ArAs~A{ataaaaat}auaaaadu}A{~B}DAv~B}{awaaaaaw}axaaaadx 
Dibutyl ether ,-2.135,1,130.231,0,0,6,9.23,-1.85,CCCCOCCCC,56.41798014908625,AAAABAAAA
1-Dodecanol,-3.523,1,186.339,1,0,10,20.23,-4.8,CCCCCCCCCCCCO,59.94438916098566,AAAAAAAAAAAAB
RTI 6,-3.335,1,313.36100000000005,2,3,4,81.59000000000002,-3.36,CCN2c1nc(N(C)(CCO))ccc1NC(=O)c3cccnc23 ,99.9998579606331,AADsarda{D{A}{AAB}}aaarDA{~B}ataaadast 
2-Methyl-2-pentanol,-1.308,1,102.17699999999998,1,0,2,20.23,-0.49,CCCC(C)(C)O,4.0022257157232675,AAAA{A}{A}B
Flucytosine,-0.132,1,129.09399999999997,2,1,0,71.77,-0.972,Nc1nc(=O)[nH]cc1F,17.468730065310233,Darda{~B}{dH}aarG
stadacaine,-5.127999999999999,1,293.40700000000004,0,1,9,38.77,-3.84,CCCCOc1ccc(C(=O)OCC)c(c1)N(CC)CC ,94.90714477349232,AAAABaraaa{A{~B}BAA}a{ar}D{AA}AA 
2-Methyl-2-heptanol,-2.017,1,130.231,1,0,4,20.23,-1.72,CCCCCC(C)(C)O,50.238359693030056,AAAAAA{A}{A}B
Hexamethylbenzene,-4.361000000000001,1,162.27599999999998,0,1,0,0.0,-5.23,Cc1c(C)c(C)c(C)c(C)c1C,39.58887252805017,Aara{A}a{A}a{A}a{A}arA
Thymol,-3.129,1,150.22099999999998,1,1,1,20.23,-2.22,CC(C)c1ccc(C)cc1O,73.15494350221192,AA{A}araaa{A}aarB
Pteridine,-0.906,2,132.12599999999998,0,2,0,51.56,0.02,c2cnc1ncncc1n2,0.1738974122209358,asadardadaards
Parathion,-3.949,1,291.26500000000004,0,1,7,70.83000000000001,-4.66,CCOP(=S)(OCC)Oc1ccc(cc1)N(=O)=O,66.37728632766935,AABK{~E}{BAA}Baraaa{aar}D{~B}~B
Methane,-0.636,0,16.043,0,0,0,0.0,-0.9,C,14.94084405490701,A
indoline,-2.195,2,119.167,1,2,0,12.03,-1.04,c2ccc1NCCc1c2 ,19.997100076427827,asaaarDAAaras 
1-Nitronapthalene,-3.414,1,173.171,0,2,1,43.14,-3.54,O=N(=O)c1cccc2ccccc12,99.28568653426284,B~D{~B}araaaasaaaaars
3-Methyl-2-pentanone,-1.266,1,100.161,0,0,2,17.07,-0.67,CCC(C)C(=O)C,8.025409580186688,AAA{A}A{~B}A
isoguanine,-1.74,1,151.129,3,2,0,100.71,-3.401,Nc1nc(O)nc2nc[nH]c12 ,99.96631771012939,Darda{B}dasda{dH}ars 
bromadiolone,-7.877000000000001,1,527.4140000000002,2,5,6,70.67,-4.445,OC(CC(c1ccccc1)c3c(O)c2ccccc2oc3=O)c4ccc(cc4)c5ccc(Br)cc5 ,75.65080992856392,BA{AA{araaaaar}ata{B}asaaaaasbat~B}auaaa{aau}avaaa{X}aav 
Nitromethane,-0.042,1,61.040000000000006,0,0,0,43.14,0.26,CN(=O)=O,2.4177976691250604,AD{~B}~B
Triallate,-4.578,1,304.67,0,0,4,20.31,-4.88,CC(C)N(C(C)C)C(=O)SCC(Cl)=C(Cl)Cl,56.181519312819674,AA{A}D{A{A}A}A{~B}EAA{Z}~A{Z}Z
"1,5-Hexadiene ",-2.112,1,82.14599999999999,0,0,3,0.0,-2.68,C=CCCC=C,89.78225882442429,A~AAAA~A
Indole,-2.654,2,117.15099999999995,1,2,0,15.79,-1.52,c2ccc1[nH]ccc1c2,40.75740000558716,asaaar{dH}aaaras
Androstenedione,-3.393,1,286.415,0,4,0,34.14,-3.69,CC34CCC1C(CCC2=CC(=O)CCC12C)C3CCC4=O,97.58220233087494,AAtuAAArA{AAAs~AA{~B}AAArsA}AtAAAu~B
1-Hexene,-2.364,1,84.16199999999999,0,0,3,0.0,-3.23,CCCCC=C,99.6015415873601,AAAAA~A
Xipamide,-3.642,1,354.8150000000001,3,2,3,109.48999999999998,-3.79,Cc1cccc(C)c1NC(=O)c2cc(c(Cl)cc2O)S(N)(=O)=O,95.90380916246521,Aaraaaa{A}arDA{~B}asaa{a{Z}aasB}E{D}{~B}~B
Ethylcyclohexane,-3.245,1,112.216,0,1,1,0.0,-4.25,CCC1CCCCC1,83.14240641624306,AAArAAAAAr
2-Nonanone,-2.263,1,142.242,0,0,6,17.07,-2.58,CCCCCCCC(=O)C,86.71814789847114,AAAAAAAA{~B}A
Mebendazole,-4.118,1,295.298,2,3,3,84.07999999999998,-3.88,COC(=O)Nc2nc1ccc(cc1[nH]2)C(=O)c3ccccc3,94.03622933716849,ABA{~B}Dasdaraaa{aar{dH}s}A{~B}ataaaaat
Chloropham,-3.544,1,213.664,1,1,2,38.33,-3.38,CC(C)OC(=O)Nc1cccc(Cl)c1,99.99304022919347,AA{A}BA{~B}Daraaaa{Z}ar
RTI 12,-3.446,1,288.73800000000006,0,3,1,49.330000000000005,-4.114,CCN2c1nc(Cl)ccc1N(C)C(=O)c3cccnc23 ,87.70505584927382,AADsarda{Z}aaarD{A}A{~B}ataaadast 
Carbaryl,-3.087,1,201.225,1,2,1,38.33,-3.224,CNC(=O)Oc1cccc2ccccc12,99.56469136617994,ADA{~B}Baraaaasaaaaars
Ethyne,-0.252,1,26.038,0,0,0,0.0,0.29,C#C,2.8765514240419234,A^A
"3,5-Dimethylpyridine",-2.0980000000000003,1,107.15599999999998,0,1,0,12.89,0.38,Cc1cncc(C)c1,4.48246183665339,Aaradaa{A}ar
"1,4-Cyclohexadiene",-1.842,2,80.12999999999998,0,1,0,0.0,-2.06,C1C=CCC=C1,66.15188957163976,ArA~AAA~Ar
Mecarbam,-3.738,1,329.3800000000001,0,0,8,65.07000000000001,-2.518,CCOC(=O)N(C)C(=O)CSP(=S)(OCC)OCC,84.64899827109653,AABA{~B}D{A}A{~B}AEK{~E}{BAA}BAA
1-Phenylethanol,-1.919,1,122.16699999999996,1,1,1,20.23,-0.92,CC(O)c1ccccc1,15.626963309829955,AA{B}araaaaar
"1,2-Dichloropropane",-1.794,1,112.987,0,0,1,0.0,-1.6,CC(Cl)CCl,44.528684581779785,AA{Z}AZ
2-Ethyl-2-hexanal,-2.081,1,126.19899999999998,0,0,4,17.07,-2.46,CCCC=C(CC)C=O,82.60361504909598,AAAA~A{AA}A~B
Disulfoton,-3.975,1,274.413,0,0,9,18.46,-4.23,CCOP(=S)(OCC)SCCSCC,83.85023137354199,AABK{~E}{BAA}EAAEAA
methyltestosterone acetate,-4.863,1,344.4950000000001,0,4,1,43.370000000000005,-5.284,CC(=O)OC3(C)CCC4C2CCC1=CC(=O)CCC1(C)C2CCC34C ,37.0859109214811,AA{~B}BAt{A}AAAuAsAAAr~AA{~B}AAAr{A}AsAAAtuA 
"2,4,6-PCB",-5.604,1,257.547,0,2,1,0.0,-6.14,Clc1ccc(cc1)c2c(Cl)cccc2Cl ,5.963770662831502,Zaraaa{aar}asa{Z}aaaasZ 
difluron,-4.692,1,310.687,2,2,2,58.2,-6.02,Fc1cccc(F)c1C(=O)NC(=O)Nc2ccc(Cl)cc2,8.95524026543017,Garaaaa{G}arA{~B}DA{~B}Dasaaa{Z}aas
Triclosan,-5.645,1,289.545,1,2,2,29.46,-4.46,Oc1cc(Cl)ccc1Oc2ccc(Cl)cc2Cl,75.03439649384856,Baraa{Z}aaarBasaaa{Z}aasZ
diisooctyl phthalate,-7.117000000000001,1,390.5640000000002,0,1,14,52.60000000000001,-6.6370000000000005,c1(C(=O)OCCCCCC(C)(C))c(C(=O)OCCCCCC(C)(C))cccc1,0.009550427501936465,ar{A{~B}BAAAAAA{A}{A}}a{A{~B}BAAAAAA{A}{A}}aaaar
Corticosterone,-3.454,1,346.46700000000016,2,4,2,74.6,-3.24,CC12CC(O)C3C(CCC4=CC(=O)CCC34C)C2CCC1C(=O)CO,99.65935082906245,AArsAA{B}AtA{AAAu~AA{~B}AAAtuA}AsAAArA{~B}AB
"1,3,5-Trimethylbenzene ",-3.375,1,120.19499999999998,0,1,0,0.0,-3.4,Cc1cc(C)cc(C)c1,99.96804453173388,Aaraa{A}aa{A}ar
dioctyl phthalate,-7.148,1,390.5640000000004,0,1,16,52.60000000000001,-5.115,CCCCCCCCOC(=O)c1ccccc1C(=O)OCCCCCCCC ,45.0027845247197,AAAAAAAABA{~B}araaaaarA{~B}BAAAAAAAA 
1-Pentadecanol,-4.586,1,228.41999999999996,1,0,13,20.23,-6.35,CCCCCCCCCCCCCCCO,2.1335658556281167,AAAAAAAAAAAAAAAB
"2,2',6,6'-PCB",-5.915,1,291.992,0,2,1,0.0,-7.39,Clc1cccc(Cl)c1c2c(Cl)cccc2Cl ,11.706291144914626,Zaraaaa{Z}arasa{Z}aaaasZ 
"5,5-Dimethylbarbituric acid",-0.556,1,156.141,2,1,0,75.27000000000001,-1.742,O=C1NC(=O)NC(=O)C1(C)C,51.287005057182924,B~ArDA{~B}DA{~B}Ar{A}A
2-Iodopropane,-2.486,1,169.993,0,0,0,0.0,-2.09,CC(C)I,67.49858503918693,AA{A}H
"1,2-Dinitrobenzene",-2.281,1,168.10799999999995,0,1,2,86.28,-3.1,O=N(=O)c1ccccc1N(=O)=O,98.44217255046743,B~D{~B}araaaaarD{~B}~B
3-Methyl-2-butanone,-0.912,1,86.13399999999999,0,0,1,17.07,-0.12,CC(C)C(=O)C,0.06262631257977214,AA{A}A{~B}A
Hexadecane,-6.159,1,226.44799999999992,0,0,13,0.0,-8.4,CCCCCCCCCCCCCCCC,54.52266126272022,AAAAAAAAAAAAAAAA
"1,8-Cineole",-2.579,1,154.253,0,3,0,9.23,-1.74,CC12CCC(CC1)C(C)(C)O2,51.191690127217605,AArsAAA{AAr}A{A}{A}Bs
Tricyclazole,-2.8680000000000003,1,189.243,0,3,0,30.19,-2.07,Cc2cccc3sc1nncn1c23 ,66.6023108891266,Aasaaaatsarddadrast 
2-Octanone,-1.909,1,128.21499999999995,0,0,5,17.07,-2.05,CCCCCCC(=O)C,65.6999999739123,AAAAAAA{~B}A
Methyl nonanoate,-2.962,1,172.268,0,0,7,26.3,-3.38,CCCCCCCCC(=O)OC,99.99304022919347,AAAAAAAAA{~B}BA
"1,4-Difluorobenzene",-2.636,1,114.094,0,1,0,0.0,-1.97,Fc1ccc(F)cc1,62.03698086069912,Garaaa{G}aar
Thalidomide,-1.944,1,258.233,1,3,1,83.55000000000001,-2.676,O=C1N(C2CCC(=O)NC2=O)C(=O)c3ccccc13,89.66645777711867,B~ArD{AsAAA{~B}DAs~B}A{~B}ataaaaart
Trifluralin,-5.205,1,335.28200000000004,0,1,7,89.51999999999998,-5.68,CCCN(CCC)c1c(cc(cc1N(=O)=O)C(F)(F)F)N(=O)=O,20.18811838864389,AAAD{AAA}ara{aa{aarD{~B}~B}A{G}{G}G}D{~B}~B
Ethanol,0.02,1,46.069,1,0,0,20.23,1.1,CCO,27.90783687325,AAB
Cyclopentyl-5-spirobarbituric acid,-0.966,1,182.179,2,2,0,75.27,-2.349,O=C2NC(=O)C1(CCCC1)C(=O)N2,78.41681657649353,B~AsDA{~B}Ar{AAAAr}A{~B}Ds
Carbetamide,-2.29,1,236.271,2,1,4,67.42999999999999,-1.83,c1c(NC(=O)OC(C)C(=O)NCC)cccc1,55.47131541822024,ara{DA{~B}BA{A}A{~B}DAA}aaaar
phenothrin,-6.763,1,350.4580000000001,0,3,6,35.53,-5.24,CC(C)=CC3C(C(=O)OCc2cccc(Oc1ccccc1)c2)C3(C)C ,39.12308063593571,AA{A}~AAtA{A{~B}BAasaaaa{Baraaaaar}as}At{A}A 
Cycluron,-2.629,1,198.30999999999992,1,1,1,32.34,-2.218,CN(C)C(=O)NC1CCCCCCC1,73.07039722505641,AD{A}A{~B}DArAAAAAAAr
Mirex,-6.155,1,545.5460000000002,0,6,0,0.0,-6.8,ClC1(C2(Cl)C3(Cl)C4(Cl)C5(Cl)C1(Cl)C3(Cl)Cl)C5(Cl)C(Cl)(Cl)C24Cl,0.46077666012076524,ZAr{As{Z}At{Z}Au{Z}Av{Z}Ar{Z}At{Z}Z}Av{Z}A{Z}{Z}AsuZ
1-Bromooctane,-3.721,1,193.128,0,0,6,0.0,-5.06,CCCCCCCCBr,47.61729678147424,AAAAAAAAX
Benomyl,-2.902,1,290.323,2,2,4,85.25,-4.883,CCCCNC(=O)n1c(NC(=O)OC)nc2ccccc12,56.03957503522739,AAAADA{~B}dra{DA{~B}BA}dasaaaaars
aminopyrine,-2.129,1,231.299,0,2,2,30.17,-0.364,CN(C)c2c(C)n(C)n(c1ccccc1)c2=O ,1.9846507658501655,AD{A}asa{A}d{A}d{araaaaar}as~B 
3-Pentanol,-0.97,1,88.15,1,0,2,20.23,-0.24,CCC(O)CC,0.6747267407939739,AAA{B}AA
p-Nitrotoluene,-2.64,1,137.138,0,1,1,43.14,-2.49,Cc1ccc(cc1)N(=O)=O,83.67441905767105,Aaraaa{aar}D{~B}~B
4-Methylpentanol,-1.381,1,102.177,1,0,3,20.23,-1.14,CC(C)CCCO,23.941154734510146,AA{A}AAAB
Norethisterone,-2.669,1,314.42500000000007,2,4,0,57.53,-4.57,CC34CCC1C(CCC2=CC(=O)CCC12O)C3CCC4(O)C#C,70.36586180884355,AAtuAAArA{AAAs~AA{~B}AAArsB}AtAAAu{B}A^A
bromopropylate,-5.832999999999999,1,428.12000000000006,1,2,4,46.53,-4.93,CC(C)OC(=O)C(O)(c1ccc(Br)cc1)c2ccc(Br)cc2 ,53.810072565530675,AA{A}BA{~B}A{B}{araaa{X}aar}asaaa{X}aas 
Pyrazon,-2.603,1,221.647,1,2,1,60.91,-2.878,Nc2cnn(c1ccccc1)c(=O)c2Cl,94.75941445571281,Dasadd{araaaaar}a{~B}asZ
2-Methylbutan-2-ol,-0.954,1,88.14999999999998,1,0,1,20.23,0.15,CCC(C)(C)O,1.0712492209465019,AAA{A}{A}B
p-Cresol,-2.313,1,108.14,1,1,0,20.23,-0.73,Cc1ccc(O)cc1,9.64744871724762,Aaraaa{B}aar
Ethyl formate,-0.402,1,74.07900000000001,0,0,2,26.3,0.15,CCOC=O,1.0712492209465019,AABA~B
"N,N-Dimethylaniline",-2.542,1,121.18299999999996,0,1,1,3.24,-1.92,CN(C)c1ccccc1,59.71067835412843,AD{A}araaaaar
Decalin,-3.715,2,138.254,0,2,0,0.0,-5.19,C1CCC2CCCCC2C1,41.46107959162754,ArAAAsAAAAAsAr
Butanethiol ,-1.676,1,90.191,1,0,2,0.0,-2.18,CCCCS,71.44843136293747,AAAAE
Benzo(e)pyrene,-6.007000000000001,2,252.316,0,5,0,0.0,-7.8,c1ccc2c(c1)c3cccc4ccc5cccc2c5c43,26.84505649778809,araaasa{ar}ataaaauaaavaaaasavaut
Tetrachloroethylene,-3.063,1,165.834,0,0,0,0.0,-2.54,ClC(=C(Cl)Cl)Cl,85.3974505385207,ZA{~A{Z}Z}Z
3-Pentanone,-0.912,1,86.134,0,0,2,17.07,-0.28,CCC(=O)CC,1.0227291848123765,AAA{~B}AA
Acrylonitrile,-0.354,1,53.06399999999999,0,0,0,23.79,0.15,C=CC#N,1.0712492209465019,A~AA^D
Flumethasone,-3.539,1,410.4570000000002,3,4,2,94.83,-5.613,CC1CC2C3CC(F)C4=CC(=O)C=CC4(C)C3(F)C(O)CC2(C)C1(O)C(=O)CO,22.81137573827772,AArAAsAtAA{G}Au~AA{~B}A~AAu{A}At{G}A{B}AAs{A}Ar{B}A{~B}AB
2-Hexanone,-1.2,1,100.161,0,0,3,17.07,-0.8,CCCCC(=O)C,11.706291144914632,AAAAA{~B}A
Terbumeton,-3.505,1,225.296,2,1,4,71.96000000000001,-3.239,CCNc1nc(NC(C)(C)C)nc(OC)n1,99.653772963138,AADarda{DA{A}{A}A}da{BA}dr
3-Methylheptane,-3.3080000000000003,1,114.232,0,0,4,0.0,-5.16,CCCCC(C)CC,42.873533961266766,AAAAA{A}AA
"1,2-Dibromoethane",-2.102,1,187.862,0,0,1,0.0,-1.68,BrCCBr,48.33178548672834,XAAX
Isoprocarb,-2.734,1,193.246,1,1,2,38.33,-2.863,CNC(=O)Oc1ccccc1C(C)C,94.43614444567714,ADA{~B}BaraaaaarA{A}A
Niridazole,-1.948,1,214.206,1,2,2,88.37,-3.22,O=C1NCCN1c2ncc(s2)N(=O)=O,99.53922333987923,B~ArDAADrasdaa{ss}D{~B}~B
Benzo(a)fluorene,-5.189,2,216.283,0,4,0,0.0,-6.68,C1c2ccccc2c3ccc4ccccc4c13,0.01150475294215414,Arasaaaaasataaauaaaaauart
2-Chloroanisole,-2.912,1,142.58499999999998,0,1,1,9.23,-2.46,COc1ccccc1Cl,82.60361504909598,ABaraaaaarZ
Bromophos,-5.604,1,366.0,0,1,4,27.69,-6.09,COP(=S)(OC)Oc1cc(Cl)c(Br)cc1Cl,7.1423170064944195,ABK{~E}{BA}Baraa{Z}a{X}aarZ
Quinonamid,-3.988,1,332.57000000000005,1,2,3,63.24,-5.03,ClC(Cl)CC(=O)NC2=C(Cl)C(=O)c1ccccc1C2=O,49.04661539740017,ZA{Z}AA{~B}DAs~A{Z}A{~B}araaaaarAs~B
"P,P'-DDD",-6.007999999999999,1,320.04600000000005,0,2,3,0.0,-7.2,ClC(Cl)C(c1ccc(Cl)cc1)c2ccc(Cl)cc2 ,6.540698550011371,ZA{Z}A{araaa{Z}aar}asaaa{Z}aas 
Methyl acrylate,-0.878,1,86.09,0,0,1,26.3,-0.22,COC(=O)C=C,0.5275982483679775,ABA{~B}A~A
Chloroxuron,-4.477,1,290.75,1,2,3,41.57000000000001,-4.89,CN(C)C(=O)Nc2ccc(Oc1ccc(Cl)cc1)cc2,55.70818156878683,AD{A}A{~B}Dasaaa{Baraaa{Z}aar}aas
Azobenzene,-4.034,2,182.226,0,2,2,24.72,-4.45,N(=Nc1ccccc1)c2ccccc2,75.44591551777184,D{~Daraaaaar}asaaaaas
4-Isopropyltoluene,-3.617,1,134.22199999999998,0,1,1,0.0,-3.77,CC(C)c1ccc(C)cc1,96.27338908059899,AA{A}araaa{A}aar
"2,6-Dichlorophenol",-3.012,1,163.003,1,1,0,20.23,-1.79,Oc1c(Cl)cccc1Cl,53.57236262266043,Bara{Z}aaaarZ
Sucrose,0.31,1,342.297,8,2,5,189.53,0.79,OCC2OC(OC1(CO)OC(CO)C(O)C1O)C(O)C(O)C2O ,15.800455840920764,BAAsBA{BAr{AB}BA{AB}A{B}ArB}A{B}A{B}AsB 
d-inositol,-0.887,1,180.156,6,1,0,121.38,0.35,OC1C(O)C(O)C(O)C(O)C1O,3.9093059515850683,BArA{B}A{B}A{B}A{B}ArB
Dyphylline,-0.847,1,254.24599999999995,2,2,3,102.28,-0.17,Cn2c(=O)n(C)c1ncn(CC(O)CO)c1c2=O,0.23857831499380366,Adsa{~B}d{A}ardad{AA{B}AB}aras~B
Chloramphenicol,-2.613,1,323.13200000000006,3,1,6,112.70000000000002,-2.111,OCC(NC(=O)C(Cl)Cl)C(O)c1ccc(cc1)N(=O)=O,68.43281927024744,BAA{DA{~B}A{Z}Z}A{B}araaa{aar}D{~B}~B
3-Ethyl-3-pentanol,-1.663,1,116.204,1,0,3,20.23,-0.85,CCC(O)(CC)CC,13.28185210152888,AAA{B}{AA}AA
Epitostanol,-4.545,1,306.51500000000004,1,5,0,20.23,-5.41,CC45CCC2C(CCC3CC1SC1CC23C)C4CCC5O,31.390057735058146,AAuvAAAsA{AAAtAArEArAAstA}AuAAAvB
"1,2-Dibromobenzene",-4.172,1,235.906,0,1,0,0.0,-3.5,Brc1ccccc1Br,99.57094574487964,XaraaaaarX
"2,4,6-Trichlorophenol",-3.648,1,197.448,1,1,0,20.23,-2.34,Oc1c(Cl)cc(Cl)cc1Cl,78.06275469821024,Bara{Z}aa{Z}aarZ
oryzalin,-3.784,1,346.3650000000001,1,1,8,149.67999999999998,-5.16,CCCN(CCC)c1c(cc(cc1N(=O)=O)S(N)(=O)=O)N(=O)=O,42.873533961266766,AAAD{AAA}ara{aa{aarD{~B}~B}E{D}{~B}~B}D{~B}~B
RTI 20,-3.663,1,255.292,0,3,2,20.31,-4.799,C2c1ccccc1N(CCF)C(=O)c3ccccc23 ,59.99110437237096,AsaraaaaarD{AAG}A{~B}ataaaaast 
"2,4-Dimethyl-3-pentanone",-1.7519999999999998,1,114.18799999999996,0,0,2,17.07,-1.3,CC(C)C(=O)C(C)C,30.7282782193637,AA{A}A{~B}A{A}A
5-(3-Methyl-2-butenyl)-5-isoPrbarbital,-2.465,1,238.287,2,1,3,75.27000000000001,-2.593,O=C1NC(=O)NC(=O)C1(C(C)C)CC=C(C)C,87.13596785310034,B~ArDA{~B}DA{~B}Ar{A{A}A}AA~A{A}A
gentisin,-1.2919999999999998,1,262.261,2,3,1,75.99000000000001,-2.943,c1c(O)C2C(=O)C3cc(O)ccC3OC2cc1(OC),96.05365172136322,ara{B}AsA{~B}Ataa{B}aaAtBAsaar{BA}
Caffeine,-1.4980000000000002,1,194.194,0,2,0,61.82,-0.8759999999999999,Cn1cnc2n(C)c(=O)n(C)c(=O)c12,14.134349749612152,Adradasd{A}a{~B}d{A}a{~B}ars
Spironolactone,-3.842,1,416.58300000000025,0,5,1,60.44,-4.173,CC(=O)SC4CC1=CC(=O)CCC1(C)C5CCC2(C)C(CCC23CCC(=O)O3)C45,85.79915388311794,AA{~B}EAuAAr~AA{~B}AAAr{A}AvAAAs{A}A{AAAstAAA{~B}Bt}Auv
"3,4-Dimethylphenol",-2.6210000000000004,1,122.167,1,1,0,20.23,-1.38,Cc1ccc(O)cc1C,34.30000002608773,Aaraaa{B}aarA
Diphenyl ether ,-4.254,2,170.211,0,2,2,9.23,-3.96,O(c1ccccc1)c2ccccc2,92.10363152193861,B{araaaaar}asaaaaas
"2,2',4,4',5,5'-PCB",-7.343,1,360.88200000000006,0,2,1,0.0,-8.56,Clc1cc(Cl)c(cc1Cl)c2cc(Cl)c(Cl)cc2Cl ,62.03698086069915,Zaraa{Z}a{aarZ}asaa{Z}a{Z}aasZ 
nicotinamide,-0.964,1,122.12699999999997,1,1,1,55.98,0.61,NC(=O)c1cccnc1 ,10.073803755568688,DA{~B}araaadar 
Thiophenol ,-2.758,1,110.18099999999995,1,1,0,0.0,-2.12,Sc1ccccc1,68.83096506546812,Earaaaaar
XMC,-2.688,1,179.219,1,1,1,38.33,-2.5810000000000004,CNC(=O)Oc1cc(C)cc(C)c1,86.75048898813431,ADA{~B}Baraa{A}aa{A}ar
Chlordane,-6.039,1,409.7819999999999,0,3,0,0.0,-6.86,ClC1CC2C(C1Cl)C3(Cl)C(=C(Cl)C2(Cl)C3(Cl)Cl)Cl,0.9290294014435097,ZArAAsA{ArZ}At{Z}A{~A{Z}As{Z}At{Z}Z}Z
Dimethyldisulfide,-1.524,1,94.204,0,0,1,0.0,-1.44,CSSC,37.039862211932615,AEEA
Benzamide,-1.501,1,121.13899999999995,1,1,1,43.09,-0.96,NC(=O)c1ccccc1,17.036442928093248,DA{~B}araaaaar
o-Chlorobromobenzene,-3.84,1,191.455,0,1,0,0.0,-3.19,Clc1ccccc1Br,99.32527325920604,ZaraaaaarX
Monotropitoside,-1.493,1,446.405,6,3,6,184.6,-0.742,COC(=O)c1ccccc1OC2OC(COC3OCC(O)C(O)C3O)C(O)C(O)C2O,9.98787663428637,ABA{~B}araaaaarBAsBA{ABAtBAA{B}A{B}AtB}A{B}A{B}AsB
3-Heptanol ,-1.6780000000000002,1,116.20399999999998,1,0,4,20.23,-1.47,CCCCC(O)CC,38.42625993307689,AAAAA{B}AA
RTI 15,-3.891,1,268.32,1,3,1,58.120000000000005,-4.553999999999999,CCN2c1nc(C)cc(C)c1NC(=O)c3cccnc23 ,71.06007811963191,AADsarda{A}aa{A}arDA{~B}ataaadast 
"3,5-Dichlorophenol",-3.428,1,163.003,1,1,0,20.23,-1.34,Oc1cc(Cl)cc(Cl)c1,32.50141496081311,Baraa{Z}aa{Z}ar
1-Methylphenanthrene,-4.87,1,192.261,0,3,0,0.0,-5.85,Cc1cccc2c1ccc3ccccc32,14.101150456500712,Aaraaaasaraaataaaaats
2-Ethyl-1-hexanol,-2.089,1,130.231,1,0,5,20.23,-2.11,CCCCC(CC)CO,68.38849652990945,AAAAA{AA}AB
Diallate,-3.827,1,270.225,0,0,4,20.31,-4.2860000000000005,CC(C)N(C(C)C)C(=O)SCC(=CCl)Cl,81.83812895837188,AA{A}D{A{A}A}A{~B}EAA{~AZ}Z
Toluene ,-2.713,1,92.141,0,1,0,0.0,-2.21,Cc1ccccc1,72.7313763075574,Aaraaaaar
Nitrapyrin,-3.833,1,230.909,0,1,0,12.89,-3.76,Clc1cccc(n1)C(Cl)(Cl)Cl,96.45187765120788,Zaraaaa{dr}A{Z}{Z}Z
Cycloheptene,-2.599,2,96.173,0,1,0,0.0,-3.18,C1CCC=CCC1,99.24497972967652,ArAAA~AAAr
Thiram,-2.444,1,240.444,0,0,0,6.48,-3.9,CN(C)C(=S)SSC(=S)N(C)C ,93.57667296482477,AD{A}A{~E}EEA{~E}D{A}A 
Griseofulvin,-3.3280000000000003,1,352.7700000000001,0,3,3,71.06,-3.2460000000000004,COC1=CC(=O)CC(C)C13Oc2c(Cl)c(OC)cc(OC)c2C3=O,99.69186984811303,ABAr~AA{~B}AA{A}ArtBasa{Z}a{BA}aa{BA}asAt~B
1-Decanol,-2.814,1,158.285,1,0,8,20.23,-3.63,CCCCCCCCCCO,98.38258661761043,AAAAAAAAAAB
"3,3-Dimethylpentane",-2.938,1,100.20499999999998,0,0,2,0.0,-4.23,CCC(C)(C)CC,83.85023137354199,AAA{A}{A}AA
vamidothion,-1.446,1,287.343,1,0,8,64.63000000000001,1.144,CNC(=O)C(C)SCCSP(=O)(OC)(OC),29.808439135088687,ADA{~B}A{A}EAAEK{~B}{BA}{BA}
"2,3,4,5-Tetrachlorophenol",-4.335,1,231.893,1,1,0,20.23,-3.15,Oc1cc(Cl)c(Cl)c(Cl)c1Cl,98.97727081518764,Baraa{Z}a{Z}a{Z}arZ
Butyraldehyde,-0.7490000000000001,1,72.107,0,0,2,17.07,-0.01,CCCC=O,0.07512004306181042,AAAA~B
dexamethasone acetate,-3.933,1,434.5040000000003,2,4,3,100.9,-4.9,CC4CC3C2CCC1=CC(=O)C=CC1(C)C2(F)C(O)CC3(C)C4(O)C(=O)COC(C)=O ,55.23432492508158,AAuAAtAsAAAr~AA{~B}A~AAr{A}As{G}A{B}AAt{A}Au{B}A{~B}ABA{A}~B 
Butane,-1.907,1,58.124,0,0,1,0.0,-2.57,CCCC,86.39290603835263,AAAA
o-Methoxyphenol,-1.941,1,124.13899999999995,1,1,1,29.46,-1.96,COc1ccccc1O,61.57374006692314,ABaraaaaarB
Fluoromethalone,-3.507,1,376.4680000000001,2,4,1,74.6,-4.099,CC1CC2C3CCC(O)(C(=O)C)C3(C)CC(O)C2(F)C4(C)C=CC(=O)C=C14,88.1708197914462,AArAAsAtAAA{B}{A{~B}A}At{A}AA{B}As{G}Au{A}A~AA{~B}A~Aru
Pentachloroethane,-3.382,1,202.295,0,0,0,0.0,-2.6,ClC(Cl)C(Cl)(Cl)Cl,87.35858881612049,ZA{Z}A{Z}{Z}Z
Diethyl phthalate ,-3.016,1,222.23999999999995,0,1,4,52.60000000000001,-2.35,CCOC(=O)c1ccccc1C(=O)OCC,78.45602809945834,AABA{~B}araaaaarA{~B}BAA
2-Methylpropan-1-ol,-0.672,1,74.12299999999999,1,0,1,20.23,0.1,CC(C)CO,0.6362609951523657,AA{A}AB
Isobutylbenzene,-3.57,1,134.22199999999998,0,1,2,0.0,-4.12,CC(C)Cc1ccccc1,87.51658554134856,AA{A}Aaraaaaar
Diiodomethane,-2.958,1,267.835,0,0,0,0.0,-2.34,ICI,78.06275469821024,HAH
4-Heptanol,-1.6780000000000002,1,116.204,1,0,4,20.23,-1.4,CCCC(O)CCC,35.20801961724433,AAAA{B}AAA
Pentyl acetate,-1.833,1,130.18699999999998,0,0,4,26.3,-1.89,CCCCCOC(=O)C,58.30396531865344,AAAAABA{~B}A
"2,3,5,6-Tetrachlorophenol",-4.203,1,231.893,1,1,0,20.23,-3.37,Oc1c(Cl)c(Cl)cc(Cl)c1Cl,99.99872165053985,Bara{Z}a{Z}aa{Z}arZ
Propylbenzene ,-3.281,1,120.19499999999996,0,1,2,0.0,-3.37,CCCc1ccccc1,99.99872165053985,AAAaraaaaar
"1,2-Dichlorotetrafluoroethane",-2.697,1,170.92000000000002,0,0,1,0.0,-2.74,FC(F)(Cl)C(F)(F)Cl,91.44891640507142,GA{G}{Z}A{G}{G}Z
2-butenal,-0.604,1,70.09100000000001,0,0,1,17.07,0.32,CC=CC=O,3.3738564651814187,AA~AA~B
tetramethylurea,-0.495,1,116.164,0,0,0,23.550000000000004,0.94,CN(C)C(=O)N(C)C ,21.3483030180715,AD{A}A{~B}D{A}A 
"1,2,4,5-Tetramethylbenzene",-3.664,1,134.22199999999998,0,1,0,0.0,-4.59,Cc1cc(C)c(C)cc1C,69.49144567852356,Aaraa{A}a{A}aarA
norethindrone acetate,-4.2410000000000005,1,340.4630000000001,0,4,1,43.370000000000005,-4.8,CC(=O)OC3(CCC4C2CCC1=CC(=O)CCC1C2CCC34C)C#C,59.94438916098566,AA{~B}BAt{AAAuAsAAAr~AA{~B}AAArAsAAAtuA}A^A
Ditalimfos,-3.992,1,299.28800000000007,0,2,5,55.84,-3.35,CCOP(=S)(OCC)N2C(=O)c1ccccc1C2=O,99.99644905617745,AABK{~E}{BAA}DsA{~B}araaaaarAs~B
salicylanilide,-3.782,1,213.236,2,2,2,49.33,-3.59,c1ccccc1NC(=O)c2c(O)cccc2,98.82837593125723,araaaaarDA{~B}asa{B}aaaas
Sulfallate,-3.254,1,223.794,0,0,4,3.24,-3.39,CCN(CC)C(=S)SCC(Cl)=C,99.98281421306103,AAD{AA}A{~E}EAA{Z}~A
Chloroethane,-1.165,1,64.515,0,0,0,0.0,-1.06,ClCC,20.7652209604574,ZAA
Mefluidide,-3.165,1,310.297,2,1,3,75.27000000000001,-3.24,CC(=O)Nc1cc(NS(=O)(=O)C(F)(F)F)c(C)cc1C,99.65935082906245,AA{~B}Daraa{DE{~B}{~B}A{G}{G}G}a{A}aarA
Piperine,-3.659,1,285.343,0,3,3,38.77,-3.46,O=C(C=CC=Cc2ccc1OCOc1c2)N3CCCCC3,99.78411355628853,B~A{A~AA~AasaaarBABaras}DtAAAAAt
cis-2-Pentene,-2.076,1,70.135,0,0,1,0.0,-2.54,CC/C=C\C,85.3974505385207,AALA~ARA
thiofanox,-2.7,1,218.322,1,0,3,50.69,-1.62,CNC(=O)ON=C(CSC)C(C)(C)C ,45.4773387372798,ADA{~B}BD~A{AEA}A{A}{A}A 
Cyclooctyl-5-spirobarbituric acid,-2.2840000000000003,1,224.26,2,2,0,75.27,-2.982,O=C2NC(=O)C1(CCCCCCC1)C(=O)N2,96.74560865596604,B~AsDA{~B}Ar{AAAAAAAr}A{~B}Ds
butacarb,-4.642,1,263.381,1,1,1,38.33,-4.24,c1(C(C)(C)C)cc(C(C)(C)C)cc(OC(=O)NC)c1,83.49784144798082,ar{A{A}{A}A}aa{A{A}{A}A}aa{BA{~B}DA}ar
Eriodictyol,-3.152,1,288.255,4,3,1,107.22,-3.62,Oc2cc(O)c1C(=O)CC(Oc1c2)c3ccc(O)c(O)c3,98.50065757360483,Basaa{B}arA{~B}AA{Baras}ataaa{B}a{B}at
Benzophenone,-3.612,1,182.222,0,2,2,17.07,-3.12,O=C(c1ccccc1)c2ccccc2,98.66949401851572,B~A{araaaaar}asaaaaas
Eicosane,-7.576,1,282.5559999999999,0,0,17,0.0,-8.172,CCCCCCCCCCCCCCCCCCCC,43.67658698347712,AAAAAAAAAAAAAAAAAAAA
hydrazobenzene,-3.492,2,184.242,2,2,3,24.06,-2.92,N(Nc1ccccc1)c2ccccc2 ,95.61566312424807,D{Daraaaaar}asaaaaas 
2-Ethyl-1-butanol,-1.381,1,102.177,1,0,3,20.23,-1.17,CCC(CC)CO,25.172218766991612,AAA{AA}AB
4-hydroxypyridine,-1.655,1,95.10099999999998,1,1,0,33.120000000000005,1.02,Oc1ccncc1,24.554084482228095,Baraadaar
"cis 1,2-Dichloroethylene",-1.561,1,96.94400000000002,0,0,0,0.0,-1.3,Cl\C=C/Cl,30.7282782193637,ZRA~ALZ
Methylcyclopentane,-2.452,1,84.162,0,1,0,0.0,-3.3,CC1CCCC1,99.91125162033299,AArAAAAr
4-Methyl-2-pentanol,-1.308,1,102.17699999999998,1,0,2,20.23,-0.8,CC(C)CC(C)O,11.706291144914632,AA{A}AA{A}B
RTI 11,-3.125,1,254.289,1,3,0,55.56,-3.928,O2c1ccc(N)cc1N(C)C(=O)c3cc(C)ccc23 ,92.90671312143846,Bsaraaa{D}aarD{A}A{~B}ataa{A}aaast 
"2,2-Dimethylpropanol",-1.011,1,88.14999999999999,1,0,0,20.23,-0.4,CC(C)(C)CO,2.491563135837688,AA{A}{A}AB
Triadimefon,-4.132,1,293.754,0,2,4,57.010000000000005,-3.61,CC(C)(C)C(=O)C(Oc1ccc(Cl)cc1)n2cncn2,98.61431959918572,AA{A}{A}A{~B}A{Baraaa{Z}aar}dsadads
Isocarboxazid,-2.251,1,231.255,2,2,4,67.16,-2.461,Cc1cc(no1)C(=O)NNCc2ccccc2,82.63974316514637,Aaraa{dbr}A{~B}DDAasaaaaas
Propylene,-1.235,1,42.081,0,0,0,0.0,-1.08,CC=C,21.543971900541692,AA~A
Dichlorophen,-4.924,1,269.127,2,2,2,40.46,-3.953,Oc1ccc(Cl)cc1Cc2cc(Cl)ccc2O,92.28268089012175,Baraaa{Z}aarAasaa{Z}aaasB
Desmedipham,-4.182,1,300.314,2,2,4,76.66,-4.632,CCOC(=O)Nc2cccc(OC(=O)Nc1ccccc1)c2 ,67.63248531655246,AABA{~B}Dasaaaa{BA{~B}Daraaaaar}as 
Anthraquinone,-3.34,1,208.216,0,3,0,34.14,-5.19,O=C1c2ccccc2C(=O)c3ccccc13,41.46107959162754,B~ArasaaaaasA{~B}ataaaaart
2-Octanol,-2.033,1,130.231,1,0,5,20.23,-2.09,CCCCCCC(C)O,67.49858503918693,AAAAAAA{A}B
Oxycarboxin,-2.169,1,267.306,1,2,2,72.47,-2.281,CC1=C(C(=O)Nc2ccccc2)S(=O)(=O)CCO1,75.69171900584051,AAr~A{A{~B}Dasaaaaas}E{~B}{~B}AABr
Butylbenzene,-3.585,1,134.22199999999998,0,1,3,0.0,-4.06,CCCCc1ccccc1,89.3450351384252,AAAAaraaaaar
parabanic acid,1.091,1,114.06,2,1,0,75.27,-0.4,O=C1NC(=O)C(=O)N1 ,2.491563135837688,B~ArDA{~B}A{~B}Dr 
Abate,-6.678,1,466.47900000000016,0,2,10,55.38000000000001,-6.237,COP(=S)(OC)Oc1ccc(Sc2ccc(OP(=S)(OC)OC)cc2)cc1,3.9649322483581995,ABK{~E}{BA}Baraaa{Easaaa{BK{~E}{BA}BA}aas}aar
Chlorthalidone,-2.564,1,338.7720000000001,3,3,2,109.49,-3.451,NS(=O)(=O)c1cc(ccc1Cl)C2(O)NC(=O)c3ccccc23,99.82210744874835,DE{~B}{~B}araa{aaarZ}As{B}DA{~B}ataaaaast
Isobutyl acetate,-1.463,1,116.15999999999998,0,0,2,26.3,-1.21,CC(C)COC(=O)C,26.845056497788118,AA{A}ABA{~B}A
"2,2,3-Trimethylbutane",-2.922,1,100.20499999999998,0,0,0,0.0,-4.36,CC(C)C(C)(C)C,79.04107687654616,AA{A}A{A}{A}A
"2,3,3',4,4'6-PCB",-7.746,1,395.3270000000001,0,2,1,0.0,-7.66,Clc1ccc(c(Cl)c1Cl)c2c(Cl)cc(Cl)c(Cl)c2Cl ,21.15328528170063,Zaraaa{a{Z}arZ}asa{Z}aa{Z}a{Z}asZ 
Phthalonitrile,-1.717,1,128.13399999999996,0,1,0,47.58,-2.38,N#Cc1ccccc1C#N,79.62018578637581,D^AaraaaaarA^D
m-Nitrotoluene,-2.64,1,137.138,0,1,1,43.14,-2.44,Cc1cccc(c1)N(=O)=O,81.87487254247952,Aaraaaa{ar}D{~B}~B
halothane,-2.608,1,197.381,0,0,0,0.0,-1.71,FC(F)(F)C(Cl)Br ,49.76164030696998,GA{G}{G}A{Z}X 
Oxamyl,-0.908,1,219.266,1,0,1,70.99999999999999,0.106,CNC(=O)ON=C(SC)C(=O)N(C)C,0.6825544358608104,ADA{~B}BD~A{EA}A{~B}D{A}A
Thiometon,-3.323,1,246.359,0,0,7,18.46,-3.091,CCSCCSP(=S)(OC)OC,98.33412612548626,AAEAAEK{~E}{BA}BA
2-Methylbutane,-2.245,1,72.151,0,0,1,0.0,-3.18,CCC(C)C,99.24497972967652,AAA{A}A
Stirofos,-4.32,1,365.96400000000006,0,1,5,44.760000000000005,-4.522,COP(=O)(OC)OC(=CCl)c1cc(Cl)c(Cl)cc1Cl,72.4336474733371,ABK{~B}{BA}BA{~AZ}araa{Z}a{Z}aarZ
